-- phpMyAdmin SQL Dump
-- version 4.6.4
-- https://www.phpmyadmin.net/
--
-- Хост: 127.0.0.1
-- Время создания: Авг 29 2017 г., 08:52
-- Версия сервера: 5.7.14
-- Версия PHP: 5.6.25

SET SQL_MODE = "NO_AUTO_VALUE_ON_ZERO";
SET time_zone = "+00:00";


/*!40101 SET @OLD_CHARACTER_SET_CLIENT=@@CHARACTER_SET_CLIENT */;
/*!40101 SET @OLD_CHARACTER_SET_RESULTS=@@CHARACTER_SET_RESULTS */;
/*!40101 SET @OLD_COLLATION_CONNECTION=@@COLLATION_CONNECTION */;
/*!40101 SET NAMES utf8mb4 */;

--
-- База данных: `altyn_bilim_2`
--

-- --------------------------------------------------------

--
-- Структура таблицы `admin`
--

CREATE TABLE `admin` (
  `id` int(3) NOT NULL,
  `admin_num` varchar(30) COLLATE utf8_unicode_ci NOT NULL,
  `name` varchar(40) COLLATE utf8_unicode_ci NOT NULL,
  `surname` varchar(40) COLLATE utf8_unicode_ci NOT NULL,
  `username` varchar(50) COLLATE utf8_unicode_ci NOT NULL,
  `password` varchar(40) COLLATE utf8_unicode_ci NOT NULL,
  `password2` varchar(40) COLLATE utf8_unicode_ci DEFAULT NULL,
  `max_access` int(1) NOT NULL DEFAULT '0'
) ENGINE=MyISAM DEFAULT CHARSET=utf8 COLLATE=utf8_unicode_ci;

--
-- Дамп данных таблицы `admin`
--

INSERT INTO `admin` (`id`, `admin_num`, `name`, `surname`, `username`, `password`, `password2`, `max_access`) VALUES
(1, 'Admin59573a9b1fd63329717834', 'Алмат', 'Мырзабек', 'almat', 'd9cb68b827a8ebf0f1e2cb7ade79f258', NULL, 0);

-- --------------------------------------------------------

--
-- Структура таблицы `answer`
--

CREATE TABLE `answer` (
  `id` int(5) NOT NULL,
  `answer_num` varchar(30) COLLATE utf8_unicode_ci NOT NULL,
  `question_num` varchar(30) COLLATE utf8_unicode_ci NOT NULL,
  `answer_text` varchar(50) COLLATE utf8_unicode_ci DEFAULT NULL,
  `answer_img` varchar(50) COLLATE utf8_unicode_ci DEFAULT NULL,
  `torf` varchar(1) COLLATE utf8_unicode_ci NOT NULL
) ENGINE=MyISAM DEFAULT CHARSET=utf8 COLLATE=utf8_unicode_ci;

-- --------------------------------------------------------

--
-- Структура таблицы `device_mac_address`
--

CREATE TABLE `device_mac_address` (
  `mac_address` varchar(17) COLLATE utf8_unicode_ci NOT NULL
) ENGINE=MyISAM DEFAULT CHARSET=utf8 COLLATE=utf8_unicode_ci;

--
-- Дамп данных таблицы `device_mac_address`
--

INSERT INTO `device_mac_address` (`mac_address`) VALUES
('00:E0:4C:73:99:F0'),
('00:E0:4C:73:9B:17'),
('00:E0:4C:73:AC:31'),
('00:E0:4C:73:B4:3E'),
('00:E0:4C:73:B9:02'),
('00:E0:4C:73:B9:88'),
('00:E0:4C:73:B9:8C'),
('00:E0:4C:73:C6:7E'),
('00:FF:0F:18:0A:4E'),
('20:1A:06:6B:A3:2C'),
('20:68:9D:73:C5:D0'),
('20:68:9D:77:AB:1A'),
('4C:EB:42:41:D8:4F'),
('5C:9A:D8:63:75:0A'),
('70:5A:B6:DE:33:86'),
('78:E4:00:1C:B1:F9'),
('94:DB:C9:AE:8E:A8'),
('94:DB:C9:AE:8F:32'),
('94:DB:C9:AE:8F:4D'),
('94:DB:C9:AE:8F:A5'),
('94:DB:C9:AE:8F:AC'),
('94:DB:C9:AE:8F:FB'),
('94:DB:C9:AE:90:80'),
('94:DB:C9:AE:9A:55'),
('A4:DB:30:93:25:15'),
('B0:C0:90:A9:16:91'),
('B4:B5:2F:79:E2:16'),
('B4:B5:2F:79:E2:E9');

-- --------------------------------------------------------

--
-- Структура таблицы `group_info`
--

CREATE TABLE `group_info` (
  `group_info_num` varchar(30) COLLATE utf8_unicode_ci NOT NULL,
  `subject_num` varchar(30) COLLATE utf8_unicode_ci NOT NULL,
  `teacher_num` varchar(30) COLLATE utf8_unicode_ci NOT NULL,
  `group_name` varchar(200) COLLATE utf8_unicode_ci DEFAULT 'N/A',
  `comment` text COLLATE utf8_unicode_ci NOT NULL,
  `last_update` timestamp NOT NULL DEFAULT CURRENT_TIMESTAMP
) ENGINE=MyISAM DEFAULT CHARSET=utf8 COLLATE=utf8_unicode_ci;

--
-- Дамп данных таблицы `group_info`
--

INSERT INTO `group_info` (`group_info_num`, `subject_num`, `teacher_num`, `group_name`, `comment`, `last_update`) VALUES
('GI599062c1f1eaa7.71288858', 'S5974a847cca75077885355', 'UT59906281e99689.76039956', 'N/A', 'Вт. Чт. Сб. 13:00 - 14:50', '2017-08-13 14:31:29'),
('GI599070f6370c53.49668433', 'S59848243b8350348070654', 'UT59906f73469c22.91588138', 'N/A', 'Пн, Ср, Пт. 13:00 - 14:50', '2017-08-13 15:32:06'),
('GI599111e3c166f2.01361657', 'S59848243b8350348070654', 'UT59906f73469c22.91588138', 'N/A', 'Вт, Чт, Сб. 15.10-17.00', '2017-08-14 02:58:43'),
('GI5991404e040b49.10827847', 'S59848243b8350348070654', 'UT59906f73469c22.91588138', 'N/A', 'Пн, Ср, Пт. 15.10-17.00', '2017-08-14 06:16:46'),
('GI599140ad882859.70165903', 'S5974a847cca75077885355', 'UT5991408f31d6a5.87706712', 'N/A', 'Пн, Ср, Пт. 13.00-14.50', '2017-08-14 06:18:21'),
('GI599140f185f2b1.01415981', 'S5974a847cca75077885355', 'UT5991408f31d6a5.87706712', 'N/A', 'Пн, Ср, Пт. 15.10-17.00', '2017-08-14 06:19:29'),
('GI59929456b851f5.53292245', 'S5974a847cca75077885355', 'UT59906281e99689.76039956', 'N/A', 'Вт, Чт, Сб 15.10-17.00', '2017-08-15 06:27:34'),
('GI59929368d03be3.09827377', 'S59848243b8350348070654', 'UT59906f73469c22.91588138', 'N/A', 'Вт, Чт, Сб. 13.00-14.50', '2017-08-15 06:23:36'),
('GI599299443d1c00.75867118', 'S5985a7ea3d0ae721486338', 'UT59906f73469c22.91588138', '2-s', 'Геометрия оқушылары', '2017-08-15 06:48:36'),
('GI599570b4734cd8.09349525', 'S5985a7ea3d0ae721486338', 'UT599570a32ffa36.05588725', 'N/A', 'Пн, Ср, Пт.', '2017-08-17 10:32:20'),
('GI59a2b586684ea6.32408858', 'S5985a7ea3d0ae721486338', 'UT59996180819819.21311882', '1-F', 'Пн, Ср, Пт.', '2017-08-27 12:05:26'),
('GI599ea6883fe9c4.64853275', 'S59848243b8350348070654', 'UT59996180819819.21311882', '2-f', 'Пн, Ср, Пт.', '2017-08-24 10:12:24');

-- --------------------------------------------------------

--
-- Структура таблицы `group_student`
--

CREATE TABLE `group_student` (
  `group_student_num` varchar(30) COLLATE utf8_unicode_ci NOT NULL,
  `group_info_num` varchar(30) COLLATE utf8_unicode_ci NOT NULL,
  `student_num` varchar(30) COLLATE utf8_unicode_ci NOT NULL,
  `created_date` timestamp NOT NULL DEFAULT CURRENT_TIMESTAMP
) ENGINE=MyISAM DEFAULT CHARSET=utf8 COLLATE=utf8_unicode_ci;

--
-- Дамп данных таблицы `group_student`
--

INSERT INTO `group_student` (`group_student_num`, `group_info_num`, `student_num`, `created_date`) VALUES
('GS599071080fb865.93069363', 'GI599070f6370c53.49668433', 'US5985c180bf2b9391395197', '0000-00-00 00:00:00'),
('GS599a82ad11b8a3.71154036', 'GI599111e3c166f2.01361657', 'US5985c03ababcf003612666', '0000-00-00 00:00:00'),
('GS59a2b73d0b2e82.78983568', 'GI59a2b586684ea6.32408858', 'US5985c1f583a17705459810', '2017-08-27 12:12:45'),
('GS5990631108b403.16776626', 'GI599062c1f1eaa7.71288858', 'US598bfef46729f133887186', '0000-00-00 00:00:00'),
('GS59906304161d49.61108760', 'GI599062c1f1eaa7.71288858', 'US5985c3ac6234d022515588', '0000-00-00 00:00:00'),
('GS599062f861da87.54611187', 'GI599062c1f1eaa7.71288858', 'US5985c180bf2b9391395197', '0000-00-00 00:00:00'),
('GS599062ee7f6d09.69282346', 'GI599062c1f1eaa7.71288858', 'US5985c3898ae59122109569', '0000-00-00 00:00:00'),
('GS5990715e17d4d0.89803363', 'GI599070f6370c53.49668433', 'US5985c1aa5d16e488712303', '0000-00-00 00:00:00'),
('GS59907164684899.74862318', 'GI599070f6370c53.49668433', 'US5985c1bf5965a032311598', '0000-00-00 00:00:00'),
('GS599071afacb3b5.35496771', 'GI599070f6370c53.49668433', 'US5985c1d356320316320740', '0000-00-00 00:00:00'),
('GS5991405f462fe9.49060499', 'GI5991404e040b49.10827847', 'US5985c1f583a17705459810', '0000-00-00 00:00:00'),
('GS599a838fa86e65.91186453', 'GI599299443d1c00.75867118', 'US5985c03ababcf003612666', '0000-00-00 00:00:00'),
('GS599a81d51e8801.08863585', 'GI59929456b851f5.53292245', 'US598841aac259a707466705', '0000-00-00 00:00:00'),
('GS599140c0f2cea8.04655514', 'GI599140ad882859.70165903', 'US5985c2b68edfc766823396', '0000-00-00 00:00:00'),
('GS599140c76a8a48.25413447', 'GI599140ad882859.70165903', 'US5985c2cff290c469198689', '0000-00-00 00:00:00'),
('GS599140cf1ca4f4.12306747', 'GI599140ad882859.70165903', 'US5985c2133318e292390635', '0000-00-00 00:00:00'),
('GS599140d74f7528.17004812', 'GI599140ad882859.70165903', 'US5985be0737ecf867117823', '0000-00-00 00:00:00'),
('GS599140dd5f2048.00367303', 'GI599140ad882859.70165903', 'US598d565be3bf8146866001', '0000-00-00 00:00:00'),
('GS59a2b73d0b2ca4.93410299', 'GI59a2b586684ea6.32408858', 'US5985cba14b8d3100168809', '2017-08-27 12:12:45'),
('GS5991414e658d07.69499826', 'GI599140f185f2b1.01415981', 'US5985c0986fb60310314303', '0000-00-00 00:00:00'),
('GS59914157ae80e4.43146465', 'GI599140f185f2b1.01415981', 'US5985c30558ce4589866616', '0000-00-00 00:00:00'),
('GS59a2b73d0b3058.42207599', 'GI59a2b586684ea6.32408858', 'US5985c1d356320316320740', '2017-08-27 12:12:45'),
('GS5991416590c839.80957730', 'GI599140f185f2b1.01415981', 'US5985c2133318e292390635', '0000-00-00 00:00:00'),
('GS599a81147a36d2.23309663', 'GI5991404e040b49.10827847', 'US598841aac259a707466705', '0000-00-00 00:00:00'),
('GS599293803f14e4.30817895', 'GI59929368d03be3.09827377', 'US5985be0737ecf867117823', '0000-00-00 00:00:00'),
('GS599293852e8d36.90462400', 'GI59929368d03be3.09827377', 'US5985c05993e14209919366', '0000-00-00 00:00:00'),
('GS5992938d5b3336.80063110', 'GI59929368d03be3.09827377', 'US5985bfdf5d0f9944100347', '0000-00-00 00:00:00'),
('GS59929393032d38.93279120', 'GI59929368d03be3.09827377', 'US5985c0704f180655884239', '0000-00-00 00:00:00'),
('GS5992939832e794.45485736', 'GI59929368d03be3.09827377', 'US5985c0986fb60310314303', '0000-00-00 00:00:00'),
('GS599293ab961499.97196945', 'GI599111e3c166f2.01361657', 'US5985c0b84aff1682766928', '0000-00-00 00:00:00'),
('GS599293bc39c2f5.41117051', 'GI599111e3c166f2.01361657', 'US5985c0d8a6582773333184', '0000-00-00 00:00:00'),
('GS59a2b73d0b2b18.77258458', 'GI59a2b586684ea6.32408858', 'US59954575398231.88559102', '2017-08-27 12:12:45'),
('GS599293e6124b86.77126692', 'GI599111e3c166f2.01361657', 'US5985c2b68edfc766823396', '0000-00-00 00:00:00'),
('GS599293f22a1250.89179578', 'GI599111e3c166f2.01361657', 'US5985c180bf2b9391395197', '0000-00-00 00:00:00'),
('GS5992946c3f3066.18220296', 'GI59929456b851f5.53292245', 'US5985c1f583a17705459810', '0000-00-00 00:00:00'),
('GS599a83876c33b9.73913133', 'GI599299443d1c00.75867118', 'US5985c1947a60f020154533', '0000-00-00 00:00:00'),
('GS59929483470294.90688837', 'GI59929456b851f5.53292245', 'US598c22f281ebe771825491', '0000-00-00 00:00:00'),
('GS59929492d3af83.47640777', 'GI59929456b851f5.53292245', 'US598c230617cbc697329007', '0000-00-00 00:00:00'),
('GS59929499ec3032.60150290', 'GI59929456b851f5.53292245', 'US598c22b60c4d9814871020', '0000-00-00 00:00:00'),
('GS599294a04ca198.91417750', 'GI59929456b851f5.53292245', 'US598c22dc762ba836756417', '0000-00-00 00:00:00'),
('GS599294a5c2cce5.71843908', 'GI59929456b851f5.53292245', 'US598c22660735d888327545', '0000-00-00 00:00:00'),
('GS59929950bd5098.65918161', 'GI599299443d1c00.75867118', 'US5985c180bf2b9391395197', '0000-00-00 00:00:00'),
('GS59929963e164e7.10143138', 'GI599299443d1c00.75867118', 'US5985c1aa5d16e488712303', '0000-00-00 00:00:00'),
('GS599299b9d15a18.09484778', 'GI599299443d1c00.75867118', 'US5985c0d8a6582773333184', '0000-00-00 00:00:00'),
('GS599a80f5145d10.02263813', 'GI599070f6370c53.49668433', 'US5985c1947a60f020154533', '0000-00-00 00:00:00'),
('GS599535e1158bb5.78237834', 'GI599299443d1c00.75867118', 'US5985c0986fb60310314303', '0000-00-00 00:00:00'),
('GS599535e68e8233.20645846', 'GI599299443d1c00.75867118', 'US5985be0737ecf867117823', '0000-00-00 00:00:00'),
('GS599545884cb730.61689019', 'GI599062c1f1eaa7.71288858', 'US59954575398231.88559102', '0000-00-00 00:00:00'),
('GS599ea68e5f6df6.96379117', 'GI599ea6883fe9c4.64853275', 'US5985c12ec0a62122183433', '2017-08-24 10:12:30'),
('GS599a837145ca22.46234803', 'GI59929368d03be3.09827377', 'US5985c03ababcf003612666', '0000-00-00 00:00:00'),
('GS59a2b73d0b3565.24514950', 'GI59a2b586684ea6.32408858', 'US5985c3ac6234d022515588', '2017-08-27 12:12:45'),
('GS599a827165b585.01940602', 'GI599062c1f1eaa7.71288858', 'US5985c1947a60f020154533', '0000-00-00 00:00:00'),
('GS59a2b73d0b33b2.33284318', 'GI59a2b586684ea6.32408858', 'US598bfef46729f133887186', '2017-08-27 12:12:45'),
('GS599a80bcb88b90.69503597', 'GI599140ad882859.70165903', 'US5985c03ababcf003612666', '0000-00-00 00:00:00'),
('GS59a2b73d0b31f6.21565542', 'GI59a2b586684ea6.32408858', 'US598c22f281ebe771825491', '2017-08-27 12:12:45'),
('GS59a000262c65b2.24848789', 'GI599ea6883fe9c4.64853275', 'US598c22660735d888327545', '2017-08-25 10:47:02'),
('GS59a2b73d0afc07.80033128', 'GI59a2b586684ea6.32408858', 'US5985c12ec0a62122183433', '2017-08-27 12:12:45'),
('GS599d4ee500b505.09904040', 'GI599062c1f1eaa7.71288858', 'US5985cba14b8d3100168809', '2017-08-23 09:46:13'),
('GS599ea68e5f70b8.50706197', 'GI599ea6883fe9c4.64853275', 'US5985c1947a60f020154533', '2017-08-24 10:12:30');

-- --------------------------------------------------------

--
-- Структура таблицы `progress_group`
--

CREATE TABLE `progress_group` (
  `progress_group_num` varchar(30) COLLATE utf8_unicode_ci NOT NULL,
  `group_info_num` varchar(30) COLLATE utf8_unicode_ci NOT NULL,
  `created_date` date NOT NULL
) ENGINE=MyISAM DEFAULT CHARSET=utf8 COLLATE=utf8_unicode_ci;

--
-- Дамп данных таблицы `progress_group`
--

INSERT INTO `progress_group` (`progress_group_num`, `group_info_num`, `created_date`) VALUES
('bbbb', 'GI599ea6883fe9c4.64853275', '2017-08-21'),
('aaaa', 'GI599ea6883fe9c4.64853275', '2017-08-22'),
('aaaa1', 'GI599ea6883fe9c4.64853275', '2017-06-15'),
('bbbb1', 'GI599ea6883fe9c4.64853275', '2017-05-17'),
('PG59a168ec121df9.33627274', 'GI599ea6883fe9c4.64853275', '2017-08-23'),
('PG59a1689944ed94.57481817', 'GI599ea6883fe9c4.64853275', '2017-08-25'),
('PG59a167cf0add63.97363137', 'GI599ea6883fe9c4.64853275', '2017-08-24'),
('PG59a174b9302b73.88847350', 'GI599ea6883fe9c4.64853275', '2017-08-16'),
('PG59a26bbbe56bd4.57914059', 'GI599ea6883fe9c4.64853275', '2017-08-20'),
('PG59a26f89adbaf5.12895297', 'GI599ea6883fe9c4.64853275', '2017-08-19'),
('PG59a277cd032bb6.48523389', 'GI599ea6883fe9c4.64853275', '2017-08-18'),
('PG59a28506ac3b62.05800327', 'GI599ea6883fe9c4.64853275', '2017-08-17'),
('PG59a28563e62ef8.79837138', 'GI599ea6883fe9c4.64853275', '2017-08-26'),
('PG59a2857808a258.85488982', 'GI599ea6883fe9c4.64853275', '2017-08-27'),
('PG59a2aa645dd075.63718413', 'GI599ea6883fe9c4.64853275', '2017-06-27'),
('PG59a2ab868c2957.53074448', 'GI599ea6883fe9c4.64853275', '2017-05-18'),
('PG59a2b0a30e6264.22419208', 'GI599ea6883fe9c4.64853275', '2017-05-27'),
('PG59a2b25e64e538.42105859', 'GI599ea6883fe9c4.64853275', '2017-05-31'),
('PG59a2b92752a2f3.12442594', 'GI59a2b586684ea6.32408858', '2017-08-27');

-- --------------------------------------------------------

--
-- Структура таблицы `progress_student`
--

CREATE TABLE `progress_student` (
  `progress_student_num` varchar(30) COLLATE utf8_unicode_ci NOT NULL,
  `progress_group_num` varchar(30) COLLATE utf8_unicode_ci NOT NULL,
  `student_num` varchar(30) COLLATE utf8_unicode_ci NOT NULL,
  `attendance` int(1) NOT NULL,
  `home_work` float NOT NULL
) ENGINE=MyISAM DEFAULT CHARSET=utf8 COLLATE=utf8_unicode_ci;

--
-- Дамп данных таблицы `progress_student`
--

INSERT INTO `progress_student` (`progress_student_num`, `progress_group_num`, `student_num`, `attendance`, `home_work`) VALUES
('a3', 'aaaa', 'US5985c1947a60f020154533', 1, 0.5),
('a4', 'aaaa1', 'US5985c1947a60f020154533', 0, 0),
('a6', 'bbbb', 'US5985c1947a60f020154533', 1, 0.5),
('a7', 'bbbb1', 'US5985c1947a60f020154533', 1, 0.5),
('PS59a168ec128822.07220452', 'PG59a168ec121df9.33627274', 'US598c22660735d888327545', 1, 1),
('PS59a168ec1280d3.06768238', 'PG59a168ec121df9.33627274', 'US5985c1947a60f020154533', 1, 0),
('PS59a168994518f7.84406438', 'PG59a1689944ed94.57481817', 'US598c22660735d888327545', 1, 1),
('PS59a168994517d7.38899096', 'PG59a1689944ed94.57481817', 'US5985c1947a60f020154533', 1, 0.5),
('PS59a167cf0b0b00.34896307', 'PG59a167cf0add63.97363137', 'US598c22660735d888327545', 1, 1),
('PS59a167cf0b0967.44016522', 'PG59a167cf0add63.97363137', 'US5985c1947a60f020154533', 1, 0.5),
('PS59a174b9306445.08120279', 'PG59a174b9302b73.88847350', 'US5985c1947a60f020154533', 1, 0.5),
('PS59a174b93065d7.32626082', 'PG59a174b9302b73.88847350', 'US598c22660735d888327545', 1, 0.5),
('PS59a26bbbe62738.45866839', 'PG59a26bbbe56bd4.57914059', 'US5985c1947a60f020154533', 1, 1),
('PS59a26bbbe62905.03973327', 'PG59a26bbbe56bd4.57914059', 'US598c22660735d888327545', 1, 1),
('PS59a26f89addb11.07387376', 'PG59a26f89adbaf5.12895297', 'US5985c1947a60f020154533', 1, 1),
('PS59a26f89addc59.03815574', 'PG59a26f89adbaf5.12895297', 'US598c22660735d888327545', 1, 0.5),
('PS59a277cd046ee1.70822201', 'PG59a277cd032bb6.48523389', 'US5985c1947a60f020154533', 1, 1),
('PS59a277cd047092.48732269', 'PG59a277cd032bb6.48523389', 'US598c22660735d888327545', 1, 1),
('PS59a28506ae1130.18800495', 'PG59a28506ac3b62.05800327', 'US5985c1947a60f020154533', 1, 0.5),
('PS59a28506ae1361.93463970', 'PG59a28506ac3b62.05800327', 'US598c22660735d888327545', 1, 0),
('PS59a28563e65b41.12854674', 'PG59a28563e62ef8.79837138', 'US5985c1947a60f020154533', 1, 1),
('PS59a28563e65d69.13654400', 'PG59a28563e62ef8.79837138', 'US598c22660735d888327545', 1, 1),
('PS59a2857808cc51.14129301', 'PG59a2857808a258.85488982', 'US5985c1947a60f020154533', 1, 1),
('PS59a2857808ce65.85246335', 'PG59a2857808a258.85488982', 'US598c22660735d888327545', 0, 0),
('PS59a2aa645df6c8.18108533', 'PG59a2aa645dd075.63718413', 'US5985c1947a60f020154533', 1, 0.5),
('PS59a2aa645df8a1.95434537', 'PG59a2aa645dd075.63718413', 'US598c22660735d888327545', 1, 0),
('PS59a2ab868c6418.72489147', 'PG59a2ab868c2957.53074448', 'US5985c1947a60f020154533', 1, 1),
('PS59a2ab868c6643.56662577', 'PG59a2ab868c2957.53074448', 'US598c22660735d888327545', 0, 0),
('PS59a2b0a30e8f11.80876711', 'PG59a2b0a30e6264.22419208', 'US5985c1947a60f020154533', 1, 0.5),
('PS59a2b0a30e9058.09986398', 'PG59a2b0a30e6264.22419208', 'US598c22660735d888327545', 1, 0),
('PS59a2b25e652047.76820401', 'PG59a2b25e64e538.42105859', 'US5985c1947a60f020154533', 1, 0),
('PS59a2b25e652243.14261008', 'PG59a2b25e64e538.42105859', 'US598c22660735d888327545', 1, 0),
('PS59a2b92752e6a9.44480922', 'PG59a2b92752a2f3.12442594', 'US59954575398231.88559102', 0, 0),
('PS59a2b92752e8d2.29695024', 'PG59a2b92752a2f3.12442594', 'US5985cba14b8d3100168809', 0, 0),
('PS59a2b92752eae5.50872950', 'PG59a2b92752a2f3.12442594', 'US5985c1f583a17705459810', 1, 0.5),
('PS59a2b92752ecf4.22260797', 'PG59a2b92752a2f3.12442594', 'US5985c1d356320316320740', 1, 1),
('PS59a2b92752ee61.70292488', 'PG59a2b92752a2f3.12442594', 'US598c22f281ebe771825491', 1, 0.5),
('PS59a2b92752efc2.26440196', 'PG59a2b92752a2f3.12442594', 'US598bfef46729f133887186', 1, 1),
('PS59a2b92752f1c2.50538953', 'PG59a2b92752a2f3.12442594', 'US5985c3ac6234d022515588', 1, 0);

-- --------------------------------------------------------

--
-- Структура таблицы `question`
--

CREATE TABLE `question` (
  `id` int(5) NOT NULL,
  `question_num` varchar(30) COLLATE utf8_unicode_ci NOT NULL,
  `test_num` varchar(30) COLLATE utf8_unicode_ci NOT NULL,
  `question_text` text COLLATE utf8_unicode_ci NOT NULL,
  `question_img` varchar(40) COLLATE utf8_unicode_ci NOT NULL,
  `updated_date` timestamp NOT NULL DEFAULT CURRENT_TIMESTAMP
) ENGINE=MyISAM DEFAULT CHARSET=utf8 COLLATE=utf8_unicode_ci;

-- --------------------------------------------------------

--
-- Структура таблицы `rename_folder`
--

CREATE TABLE `rename_folder` (
  `id` int(3) NOT NULL,
  `folder_name` varchar(30) NOT NULL,
  `tmp_name` varchar(30) NOT NULL
) ENGINE=InnoDB DEFAULT CHARSET=utf8;

--
-- Дамп данных таблицы `rename_folder`
--

INSERT INTO `rename_folder` (`id`, `folder_name`, `tmp_name`) VALUES
(1, 'video', 'Video59893741ecb3d8.82229613');

-- --------------------------------------------------------

--
-- Структура таблицы `student`
--

CREATE TABLE `student` (
  `id` int(3) NOT NULL,
  `student_num` varchar(30) COLLATE utf8_unicode_ci NOT NULL,
  `name` varchar(40) COLLATE utf8_unicode_ci NOT NULL,
  `surname` varchar(40) COLLATE utf8_unicode_ci NOT NULL,
  `gender` varchar(1) COLLATE utf8_unicode_ci NOT NULL,
  `phone` varchar(20) COLLATE utf8_unicode_ci DEFAULT NULL,
  `username` varchar(100) COLLATE utf8_unicode_ci NOT NULL,
  `password` varchar(50) COLLATE utf8_unicode_ci NOT NULL,
  `img_profile` varchar(30) COLLATE utf8_unicode_ci DEFAULT NULL,
  `dob` date DEFAULT NULL,
  `password_type` varchar(10) COLLATE utf8_unicode_ci NOT NULL
) ENGINE=MyISAM DEFAULT CHARSET=utf8 COLLATE=utf8_unicode_ci;

--
-- Дамп данных таблицы `student`
--

INSERT INTO `student` (`id`, `student_num`, `name`, `surname`, `gender`, `phone`, `username`, `password`, `img_profile`, `dob`, `password_type`) VALUES
(32, 'US5985be0737ecf867117823', 'Алуа', 'Қосайдарова', '0', NULL, 'alua.k', 'dcd4fe846329c288ac597f9f273e8216', NULL, NULL, 'notDefault'),
(70, 'US59954575398231.88559102', 'Елжас', 'Рүстембек', '1', NULL, 'elzhas.r', '22784aca457b4669f0841a6e58e370e6', NULL, NULL, 'default'),
(33, 'US5985bfdf5d0f9944100347', 'Қарлығаш', 'Дүйсен', '0', NULL, 'karlygash.d', '0ce6ca0d21b3981dc60f0b9d62635316', NULL, NULL, 'notDefault'),
(34, 'US5985c03ababcf003612666', 'Аружан', 'Досаева', '0', NULL, 'aruzhan.d', 'eec0e220c751f2eb879d36aa4ee055e9', NULL, NULL, 'notDefault'),
(35, 'US5985c05993e14209919366', 'Анар', 'Балтабек', '1', NULL, 'anar.b', '22784aca457b4669f0841a6e58e370e6', NULL, NULL, 'default'),
(36, 'US5985c0704f180655884239', 'Жасмин', 'Нұрлыханова', '1', NULL, 'zhasmin.n', '22784aca457b4669f0841a6e58e370e6', NULL, NULL, 'default'),
(37, 'US5985c0986fb60310314303', 'Сара', 'Қуанышбаева', '0', NULL, 'sara.k', '912cfe6c340593e7c95a1bea813192ef', NULL, NULL, 'notDefault'),
(38, 'US5985c0b84aff1682766928', 'Рамазан', 'Маутканов', '1', NULL, 'ramazan.m', '5736666d62cc3c041b6b04251202596f', NULL, NULL, 'notDefault'),
(39, 'US5985c0d8a6582773333184', 'Дана', 'Ерғали', '0', NULL, 'dana.e', 'cb1dda787ff254c35934b2c96c41fabc', NULL, NULL, 'notDefault'),
(40, 'US5985c101deba4237296265', 'Ақерке', 'Дауренбек', '0', NULL, 'akerke.d', '868023565af12709423b071e21ae8e2e', NULL, NULL, 'notDefault'),
(63, 'US598c22660735d888327545', 'Әріп', 'Әуез', '1', NULL, 'auez.a', '22784aca457b4669f0841a6e58e370e6', NULL, NULL, 'default'),
(44, 'US5985c180bf2b9391395197', 'Дінмұхамед', 'Байғонус', '1', NULL, 'dinmukhamed.b', '22784aca457b4669f0841a6e58e370e6', NULL, NULL, 'default'),
(45, 'US5985c1947a60f020154533', 'Диас', 'Акишев', '1', NULL, 'dias.a', '22784aca457b4669f0841a6e58e370e6', NULL, NULL, 'default'),
(46, 'US5985c1aa5d16e488712303', 'Айнұр', 'Қуанышбаева', '0', NULL, 'ainur.k', '0639ba018d680575465dc4074292a210', NULL, NULL, 'notDefault'),
(47, 'US5985c1bf5965a032311598', 'Дана', 'Нарбаева', '0', NULL, 'dana.n', 'd62c79fdec36880ea04e1912ca1f2620', NULL, NULL, 'notDefault'),
(48, 'US5985c1d356320316320740', 'Мадина', 'Талапкалиева', '0', NULL, 'madina.t', '42d1df3b9d75e575b7c656b0812e7a86', NULL, NULL, 'notDefault'),
(49, 'US5985c1f583a17705459810', 'Нұржан', 'Серғазы', '1', NULL, 'nurzhan.s', '0866a625645b4226d339881ad7fa4d17', NULL, NULL, 'notDefault'),
(50, 'US5985c2133318e292390635', 'Азат', 'Қадырбаев', '1', NULL, 'azat.k', '92b779600e1c4ef8a433a594abf2d101', NULL, NULL, 'notDefault'),
(51, 'US5985c2b68edfc766823396', 'Еркежан', 'Қожахмет', '0', NULL, 'erkezhan.k', 'd39ad1dd398243813fee075b94d75fd5', NULL, NULL, 'notDefault'),
(52, 'US5985c2cff290c469198689', 'Мадина', 'Кенжебек', '0', NULL, 'madina.k', 'a95d2e94f415f9e07cdad9b72a9ffb92', NULL, NULL, 'notDefault'),
(53, 'US5985c30558ce4589866616', 'Бекзат', 'Нұрғали', '1', NULL, 'bekzat.n', '76999b8001bcae63a223f453db262750', NULL, NULL, 'notDefault'),
(54, 'US5985c3898ae59122109569', 'Айбар', 'Шынарбеков', '1', NULL, 'aibar.sh', 'd8578edf8458ce06fbc5bb76a58c5ca4', NULL, NULL, 'notDefault'),
(55, 'US5985c3ac6234d022515588', 'Альбина', 'Шарипова', '0', NULL, 'albina.sh', '38d73974b6876426447f0894e8787b58', NULL, NULL, 'notDefault'),
(58, 'US5985cba14b8d3100168809', 'Жамбыл', 'Самат', '1', NULL, 'zhambyl.samat', '22784aca457b4669f0841a6e58e370e6', NULL, NULL, 'default'),
(59, 'US598830cb51480379466684', 'Елнұры', 'Нүрпейіс', '1', NULL, 'elnury.n', '057c48c9e5a403e9a0ac523d0d655d61', NULL, NULL, 'notDefault'),
(61, 'US598841aac259a707466705', 'Камила', 'Ардаққызы', '0', NULL, 'kamila.a', '22784aca457b4669f0841a6e58e370e6', NULL, NULL, 'default'),
(62, 'US598bfef46729f133887186', 'Дәурен', 'Тұрысбек', '1', NULL, 'dauren.t', '0eab4c6798cdaa98c8cf543ed7ac2f33', NULL, NULL, 'notDefault'),
(64, 'US598c228136211031368108', 'Дамир', 'Викторов', '1', NULL, 'damir.v', '22784aca457b4669f0841a6e58e370e6', NULL, NULL, 'default'),
(65, 'US598c22b60c4d9814871020', 'Сая', 'Өмірова', '1', NULL, 'saya.o', 'fc592969978c31ad32df7816e6eaa300', NULL, NULL, 'notDefault'),
(66, 'US598c22dc762ba836756417', 'Мирас', 'Жеңіс', '1', NULL, 'miras.zh', '9925369055de2de893e8b296dab474d6', NULL, NULL, 'notDefault'),
(67, 'US598c22f281ebe771825491', 'Айым', 'Тлеберды', '1', NULL, 'aiym.t', '6f69d87ca2f066496a21aafd903e8936', NULL, NULL, 'notDefault'),
(68, 'US598c230617cbc697329007', 'Темірлан', 'Бисенбаев', '1', NULL, 'temirlan.b', '22784aca457b4669f0841a6e58e370e6', NULL, NULL, 'default'),
(69, 'US598d565be3bf8146866001', 'Ахмедияр', 'Курманбек', '1', NULL, 'ahmediyar.k', '02418cad0f54bff507f32225624abb77', NULL, NULL, 'notDefault');

-- --------------------------------------------------------

--
-- Структура таблицы `student_permission`
--

CREATE TABLE `student_permission` (
  `student_permission_num` varchar(30) COLLATE utf8_unicode_ci NOT NULL,
  `student_num` varchar(30) COLLATE utf8_unicode_ci NOT NULL
) ENGINE=MyISAM DEFAULT CHARSET=utf8 COLLATE=utf8_unicode_ci;

-- --------------------------------------------------------

--
-- Структура таблицы `student_test_permission`
--

CREATE TABLE `student_test_permission` (
  `id` int(6) NOT NULL,
  `student_permission_num` varchar(30) COLLATE utf8_unicode_ci NOT NULL,
  `subtopic_num` varchar(30) COLLATE utf8_unicode_ci NOT NULL,
  `video_permission` varchar(1) COLLATE utf8_unicode_ci DEFAULT NULL,
  `test_permission` varchar(1) COLLATE utf8_unicode_ci DEFAULT NULL,
  `done` varchar(1) COLLATE utf8_unicode_ci NOT NULL DEFAULT 'n'
) ENGINE=MyISAM DEFAULT CHARSET=utf8 COLLATE=utf8_unicode_ci;

-- --------------------------------------------------------

--
-- Структура таблицы `subject`
--

CREATE TABLE `subject` (
  `id` int(3) NOT NULL,
  `subject_num` varchar(30) COLLATE utf8_unicode_ci NOT NULL,
  `subject_name` varchar(100) COLLATE utf8_unicode_ci NOT NULL,
  `description` text COLLATE utf8_unicode_ci,
  `created_date` timestamp NOT NULL DEFAULT CURRENT_TIMESTAMP
) ENGINE=MyISAM DEFAULT CHARSET=utf8 COLLATE=utf8_unicode_ci;

--
-- Дамп данных таблицы `subject`
--

INSERT INTO `subject` (`id`, `subject_num`, `subject_name`, `description`, `created_date`) VALUES
(17, 'S5974a847cca75077885355', 'Физика', NULL, '2017-07-23 13:44:39'),
(19, 'S59848243b8350348070654', 'Алгебра', NULL, '2017-08-04 14:18:43'),
(20, 'S5985a7ea3d0ae721486338', 'Геометрия', NULL, '2017-08-05 11:11:38');

-- --------------------------------------------------------

--
-- Структура таблицы `subtopic`
--

CREATE TABLE `subtopic` (
  `id` int(4) NOT NULL,
  `subtopic_num` varchar(30) COLLATE utf8_unicode_ci NOT NULL,
  `topic_num` varchar(30) COLLATE utf8_unicode_ci NOT NULL,
  `subtopic_name` varchar(100) COLLATE utf8_unicode_ci NOT NULL,
  `created_date` timestamp NOT NULL DEFAULT CURRENT_TIMESTAMP,
  `subtopic_order` int(2) NOT NULL
) ENGINE=MyISAM DEFAULT CHARSET=utf8 COLLATE=utf8_unicode_ci;

--
-- Дамп данных таблицы `subtopic`
--

INSERT INTO `subtopic` (`id`, `subtopic_num`, `topic_num`, `subtopic_name`, `created_date`, `subtopic_order`) VALUES
(11, 'S_T5974a88b5fdbc928116956', 'T5974a8660af66038645720', 'Бірқалыпты қозғалыс', '2017-07-23 13:45:47', 1),
(12, 'S_T5974a89f0d366690049916', 'T5974a8660af66038645720', 'Орташа жылдамдық', '2017-07-23 13:46:07', 2),
(13, 'S_T5974a8b186ea1040365676', 'T5974a8660af66038645720', 'Үдемелі қозғалыс', '2017-07-23 13:46:25', 3),
(14, 'S_T5974ab95697f7767898025', 'T5974a8660af66038645720', 'Еркін құлаған дене қозғалысы', '2017-07-23 13:58:45', 4),
(15, 'S_T597af044ee34d167951217', 'T5974a8660af66038645720', 'Шеңбер бойымен қозғалыс', '2017-07-28 08:05:24', 5),
(16, 'S_T597af05c2d59f811954122', 'T5974a8660af66038645720', 'Горизонтқа бұрыш жасай лақтырылған дене қозғалысы', '2017-07-28 08:05:48', 6),
(17, 'S_T597af0f7e45a9535106369', 'T597af0c8eec91565243552', 'Динамика бастауы', '2017-07-28 08:08:23', 1),
(18, 'S_T597af118ec5e9496652730', 'T597af0c8eec91565243552', 'Динамикадағы күштердің түрлері', '2017-07-28 08:08:56', 2),
(19, 'S_T597af140772c7240779811', 'T597af0c8eec91565243552', 'Денелер жүйесінің динамикасы', '2017-07-28 08:09:36', 3),
(20, 'S_T597af1a43f00a482267202', 'T597af0c8eec91565243552', 'Өткен тақырыптарды қайталау есептері', '2017-07-28 08:11:16', 4),
(21, 'S_T597af1c98ad88346642175', 'T597af0c8eec91565243552', 'Көлбеу жазықтықтағы қозғалыс динамикасы', '2017-07-28 08:11:53', 5),
(22, 'S_T597af1e0ada7c458237043', 'T597af0c8eec91565243552', 'Статика', '2017-07-28 08:12:16', 6),
(23, 'S_T597af2122fbfa012037559', 'T5974a8660af66038645720', 'Аралық бақылау. Кинематика', '2017-07-28 08:13:06', 7),
(24, 'S_T597af2237cc22630697409', 'T597af0c8eec91565243552', 'Аралық бақылау. Динамика', '2017-07-28 08:13:23', 7),
(26, 'S_T597af350809a2630467285', 'T597af33ee1a34906948282', 'Импульс. Импульстің сақталу за', '2017-07-28 08:18:24', 1),
(27, 'S_T597af392a9d60684202099', 'T597af33ee1a34906948282', 'Жұмыс. Энергия', '2017-07-28 08:19:30', 3),
(28, 'S_T597af3ae36af7858948972', 'T597af33ee1a34906948282', 'Энергияның сақталу заңы', '2017-07-28 08:19:58', 4),
(29, 'S_T597af3c0cbd92854436171', 'T597af33ee1a34906948282', 'Қуат. ПӘК', '2017-07-28 08:20:16', 5),
(30, 'S_T597af5191e3b1294372863', 'T597af33ee1a34906948282', 'Сақталу заңдары бөлімін қайталау есептері', '2017-07-28 08:26:01', 6),
(31, 'S_T597af53da1308986991791', 'T597af33ee1a34906948282', 'Аралық бақылау. Сақталу заңдары', '2017-07-28 08:26:37', 7),
(32, 'S_T597af58514c7f614530255', 'T597af5678e993510857558', 'Механикалық тербелістер', '2017-07-28 08:27:49', 1),
(33, 'S_T597af5911ee71174454085', 'T597af5678e993510857558', 'Механикалық толқындар', '2017-07-28 08:28:01', 2),
(226, 'S_T5999503dee321745853246', 'T597af702e6285935016128', 'Бақылауға дайындық есептері 2', '2017-08-20 09:02:53', 10),
(35, 'S_T597af62c57e71857027062', 'T597af6186caa5646055511', 'Гидростатика. Гидродинамика', '2017-07-28 08:30:36', 1),
(36, 'S_T597af73890237310164005', 'T597af702e6285935016128', 'Молекулалық физика бастамасы', '2017-07-28 08:35:04', 1),
(37, 'S_T597af747b40c1090888003', 'T597af702e6285935016128', 'МКТ-ның негізгі теңдеуі', '2017-07-28 08:35:19', 2),
(39, 'S_T597af796a1d3f969122831', 'T597af702e6285935016128', 'Менделеев-Клапейрон теңдеуі', '2017-07-28 08:36:38', 3),
(40, 'S_T597af7a537ec2446009353', 'T597af702e6285935016128', 'Изопроцестер', '2017-07-28 08:36:53', 4),
(41, 'S_T597af7b033a6f135114226', 'T597af702e6285935016128', 'Термодинамика', '2017-07-28 08:37:04', 5),
(42, 'S_T597af7bc1d2a0964449593', 'T597af702e6285935016128', 'Жылу машиналары', '2017-07-28 08:37:16', 6),
(43, 'S_T597af7cb32b3c885077927', 'T597af702e6285935016128', 'Жылу алмасу', '2017-07-28 08:37:31', 7),
(44, 'S_T597af7d512b3f735315651', 'T597af702e6285935016128', 'Ылғалдылық', '2017-07-28 08:37:41', 8),
(45, 'S_T597af7e10d004788884424', 'T597af702e6285935016128', 'Бақылауға дайындық есептері 1', '2017-07-28 08:37:53', 9),
(46, 'S_T597af7f0972e3900150478', 'T597af702e6285935016128', 'Аралық бақылау. Молекулалық физика', '2017-07-28 08:38:08', 11),
(47, 'S_T597af951a3765956334187', 'T597af93cdfe46893364804', 'Электр өрісі. Кулон заңы', '2017-07-28 08:44:01', 1),
(48, 'S_T597af96a700b5974001147', 'T597af93cdfe46893364804', 'Электр өрісінің жұмысы. Потенциалдық энергия', '2017-07-28 08:44:26', 2),
(49, 'S_T597af98629a9e664320378', 'T597af93cdfe46893364804', 'Конденсатор', '2017-07-28 08:44:54', 3),
(50, 'S_T597afa5aa4504812345365', 'T597afa4b32d8c579081448', 'Тұрақты электр тогы. Ток күші. Кедергі. Жұмыс. Қуат', '2017-07-28 08:48:26', 1),
(51, 'S_T597afa68f36b5532061841', 'T597afa4b32d8c579081448', 'Тізбектерді қосу', '2017-07-28 08:48:40', 2),
(52, 'S_T597afa7506da3809149255', 'T597afa4b32d8c579081448', 'ЭҚК', '2017-07-28 08:48:53', 3),
(53, 'S_T597afa889cb64710056525', 'T597afa4b32d8c579081448', 'Әр түрлі ортадағы электр тогы', '2017-07-28 08:49:12', 4),
(54, 'S_T597afa9e9267b324034914', 'T597afa4b32d8c579081448', 'Диод және транзистор', '2017-07-28 08:49:34', 5),
(55, 'S_T597afada7f929550675413', 'T597afa4b32d8c579081448', 'Бақылауға дайындық есептері. Электр өрісі', '2017-07-28 08:50:34', 6),
(56, 'S_T597afaf16ef7e765052054', 'T597afa4b32d8c579081448', 'Аралық бақылау. Электр өрісі. Тұрақты ток', '2017-07-28 08:50:57', 8),
(57, 'S_T597afb489626e685779222', 'T597afb3abd6aa004316396', 'Магнит өрісі басы', '2017-07-28 08:52:24', 1),
(58, 'S_T597afc6f75aa6219099524', 'T597afb3abd6aa004316396', 'Заттардағы магнит өрісі', '2017-07-28 08:57:19', 2),
(59, 'S_T597afc8327886079396583', 'T597afb3abd6aa004316396', 'Электромагниттік индукция. Магнит ағыны', '2017-07-28 08:57:39', 3),
(60, 'S_T597afc95d40a8807890446', 'T597afb3abd6aa004316396', 'Өздік индукция', '2017-07-28 08:57:57', 4),
(61, 'S_T597afcf5ed461537093719', 'T597afce0b5f75559440065', 'Еркін электромагниттік тербелістер', '2017-07-28 08:59:33', 1),
(62, 'S_T597afd049ff74048005042', 'T597afce0b5f75559440065', 'Еріксіз электромагниттік тербелістер', '2017-07-28 08:59:48', 2),
(63, 'S_T597afd144259f651376109', 'T597afce0b5f75559440065', 'Трансформатор', '2017-07-28 09:00:04', 3),
(64, 'S_T597afd625fe6b069934126', 'T597afce0b5f75559440065', 'Электромагниттік толқындар', '2017-07-28 09:01:22', 4),
(65, 'S_T597afd88a2dae826862050', 'T597afce0b5f75559440065', 'Бақылауға дайындық есептері. Магнит өрісі', '2017-07-28 09:02:00', 5),
(66, 'S_T597afdb50a394927132248', 'T597afce0b5f75559440065', 'Аралық бақылау. Магнит өрісі. Электромагниттік тербелістер мен толқындар ', '2017-07-28 09:02:45', 7),
(67, 'S_T597afdf9930b4413444955', 'T597afde4522d6255891662', 'Геометриялық оптика', '2017-07-28 09:03:53', 1),
(68, 'S_T597afe05e654c861805957', 'T597afde4522d6255891662', 'Толқындық оптика', '2017-07-28 09:04:05', 3),
(69, 'S_T597afe12db261350248148', 'T597afde4522d6255891662', 'Спектральді анализ', '2017-07-28 09:04:18', 4),
(70, 'S_T597afe20452c1806520362', 'T597afde4522d6255891662', 'Люминисценция', '2017-07-28 09:04:32', 5),
(71, 'S_T597afeac02471696383867', 'T597afe942fcb8333019837', 'Фотоэффект', '2017-07-28 09:06:52', 1),
(72, 'S_T597afec670fc9063783927', 'T597afe942fcb8333019837', 'Бақылауға дайындық есептері. Оптика және фотоэффект', '2017-07-28 09:07:18', 3),
(73, 'S_T597afedc25e3c573244571', 'T597afe942fcb8333019837', 'Аралық бақылау. Опитка. Фотоэффект.', '2017-07-28 09:07:40', 4),
(74, 'S_T597aff1be6c3f094484954', 'T597afef16ecca296999537', 'Атом және оның құрылысы', '2017-07-28 09:08:43', 1),
(75, 'S_T597aff28df20b905972295', 'T597afef16ecca296999537', 'Радиоактивтілік', '2017-07-28 09:08:56', 2),
(76, 'S_T597aff3a703b5891913394', 'T597afef16ecca296999537', 'Зарядталған бөлшектерді тіркегіштер', '2017-07-28 09:09:14', 3),
(77, 'S_T597aff5149c17276932124', 'T597afef16ecca296999537', 'Ядролық реакция', '2017-07-28 09:09:37', 4),
(78, 'S_T597affa545af1501120761', 'T597aff91498d1207572569', 'Эйнштейннің салыстырмалылық теориясы', '2017-07-28 09:11:01', 1),
(79, 'S_T597affd514517303764053', 'T597aff91498d1207572569', 'Бақылауға дайындық есептері. Ядролық физика. Салыстырмалылық теория', '2017-07-28 09:11:49', 2),
(80, 'S_T597b00058357d074846102', 'T597aff91498d1207572569', 'Аралық бақылау. Ядролық физика. Салыстырмалылық теория', '2017-07-28 09:12:37', 3),
(82, 'S_T598482ad5d265873736405', 'T5984828e0e5e0268692403', 'Амалдар', '2017-08-04 14:20:29', 1),
(83, 'S_T598482c3cad74080853104', 'T5984828e0e5e0268692403', 'Жай бөлшектерді қосу және азайту', '2017-08-04 14:20:51', 2),
(84, 'S_T598482d2d9eb8134827782', 'T5984828e0e5e0268692403', 'Жай бөлшектерді көбейту және бөлу', '2017-08-04 14:21:06', 3),
(85, 'S_T598482ddd1b86287199901', 'T5984828e0e5e0268692403', 'Ондық бөлшектер', '2017-08-04 14:21:17', 4),
(86, 'S_T598482ee90055815583343', 'T5984828e0e5e0268692403', 'Теріс сандар', '2017-08-04 14:21:34', 5),
(87, 'S_T598483021c5af119272192', 'T5984828e0e5e0268692403', 'Амаларды қайталау', '2017-08-04 14:21:54', 6),
(88, 'S_T5984830dc63a9624010871', 'T5984828e0e5e0268692403', 'Теңдеулер', '2017-08-04 14:22:05', 7),
(89, 'S_T5984831b3d6c7457569875', 'T5984828e0e5e0268692403', 'Дәреже', '2017-08-04 14:22:19', 8),
(90, 'S_T59848327a45c2166944909', 'T5984828e0e5e0268692403', 'Теріс дәреже', '2017-08-04 14:22:31', 9),
(91, 'S_T59848334a0e9f898309273', 'T5984828e0e5e0268692403', 'Түбір', '2017-08-04 14:22:44', 10),
(93, 'S_T5984834c4748d135419826', 'T5984828e0e5e0268692403', 'Аралық бақылау. Фундамент ', '2017-08-04 14:23:08', 11),
(94, 'S_T598483986f127075693423', 'T59848389d9b06740245269', 'Көпмүшелер', '2017-08-04 14:24:24', 1),
(95, 'S_T598483a388c05605524856', 'T59848389d9b06740245269', 'Ортақ көбейткішті жақша сыртына шығару', '2017-08-04 14:24:35', 2),
(96, 'S_T598483add6c0f129466897', 'T59848389d9b06740245269', '(a+-b)^2', '2017-08-04 14:24:45', 3),
(97, 'S_T598483b90b01a416681079', 'T59848389d9b06740245269', 'a^2-b^2', '2017-08-04 14:24:57', 4),
(98, 'S_T598483c31d86e445277169', 'T59848389d9b06740245269', 'a^3+-b^3', '2017-08-04 14:25:07', 5),
(99, 'S_T598483cd0f4cf208248698', 'T59848389d9b06740245269', '(a+-b)^3', '2017-08-04 14:25:17', 6),
(100, 'S_T598483eb91ba1231818395', 'T59848389d9b06740245269', 'Бөлшектерді қысқарту', '2017-08-04 14:25:47', 7),
(101, 'S_T598483f71670f304080688', 'T59848389d9b06740245269', 'Рационал бөлшектерді қосу/азайту 1', '2017-08-04 14:25:59', 8),
(102, 'S_T5984840101302097945537', 'T59848389d9b06740245269', 'Рационал бөлшектерді қосу/азайту 2', '2017-08-04 14:26:09', 9),
(103, 'S_T5984840c99537117061133', 'T59848389d9b06740245269', 'Рационал бөлшектерді көбейту/бөлу', '2017-08-04 14:26:20', 10),
(104, 'S_T5984841dbd448262894857', 'T59848389d9b06740245269', 'Өрнектерді ықшамдау', '2017-08-04 14:26:37', 11),
(105, 'S_T5984846901e17371504292', 'T5984845cb6864595112195', 'Квадрат теңдеулер', '2017-08-04 14:27:53', 1),
(106, 'S_T5984847974ba3368576118', 'T5984845cb6864595112195', 'Квадрат теңдеу арқылы көбейткіштерге жіктеу', '2017-08-04 14:28:09', 2),
(107, 'S_T59848483a3efd134771721', 'T5984845cb6864595112195', 'Бөлшек рационал теңдеулер', '2017-08-04 14:28:19', 3),
(108, 'S_T5984848e03fa2457958061', 'T5984845cb6864595112195', 'Теңдеулер жүйесі', '2017-08-04 14:28:30', 4),
(109, 'S_T598484bdd39a6327809628', 'T598484ad65a7a835183429', 'Теңсіздіктер. Квадрат теңсіздіктер', '2017-08-04 14:29:17', 1),
(110, 'S_T598484c9cecd2246247143', 'T598484ad65a7a835183429', 'Интервал әдісімен теңсіздіктерді шешу', '2017-08-04 14:29:29', 2),
(111, 'S_T598484d46b37e151221217', 'T598484ad65a7a835183429', 'Бөлшек теңсіздіктер', '2017-08-04 14:29:40', 3),
(112, 'S_T598484e0d4aae069415108', 'T598484ad65a7a835183429', 'Теңсіздіктер жүйесі', '2017-08-04 14:29:52', 4),
(113, 'S_T5984853d32c16863688796', 'T598484ad65a7a835183429', 'Аралық бақылау: Өрнекті ықшамдау, теңдеулер, теңсіздіктер, теңсіздіктер жүйесі', '2017-08-04 14:31:25', 5),
(114, 'S_T5984855708a5c201282800', 'T5984854cddd98815851739', 'Бөлшектің бөлімін иррационалдықтан арылту', '2017-08-04 14:31:51', 1),
(115, 'S_T5984857943c95733721955', 'T59848569c04af579032954', 'Иррационал теңдеулер', '2017-08-04 14:32:25', 1),
(116, 'S_T5984858544177302134342', 'T59848569c04af579032954', 'Жаңа айнымалы енгізу арқылы иррационалдық теңдеулерді шешу', '2017-08-04 14:32:37', 1),
(117, 'S_T5984859d5a76e718112208', 'T59848569c04af579032954', 'Көбейткішке жіктеу арқылы иррационал теңдеулерді шешу', '2017-08-04 14:33:01', 1),
(118, 'S_T598485f08b0d4851838470', 'T598485e60f01b147471121', 'Көрсеткіштік теңдеулер', '2017-08-04 14:34:24', 1),
(119, 'S_T598485fd45da3513853162', 'T598485e60f01b147471121', 'Көбейткішке жіктеу арқылы көрсеткіштік теңдеулерді шешу', '2017-08-04 14:34:37', 2),
(120, 'S_T59848609e63b4136546322', 'T598485e60f01b147471121', 'Жаңа айнымалыны енгізу арқылы көрсеткіштік теңдеулерді шешу', '2017-08-04 14:34:49', 3),
(121, 'S_T5984861392571493030674', 'T598485e60f01b147471121', 'Көрсеткіштік теңсіздіктер', '2017-08-04 14:34:59', 4),
(122, 'S_T5984861e3c4c7294716721', 'T598485e60f01b147471121', 'Жаңа айнымалыны енгізу арқылы көрсеткіштік теңсіздіктерді шешу', '2017-08-04 14:35:10', 5),
(123, 'S_T59848676bbb9b318463555', 'T598485e60f01b147471121', 'Аралық бақылау. Бөлшек дәреже, көрсеткіштік теңдеулер мен теңсіздіктер', '2017-08-04 14:36:38', 6),
(124, 'S_T5984869e2a88d155421935', 'T5984864405afa195133337', 'Арифметикалық прогрессия 1', '2017-08-04 14:37:18', 1),
(125, 'S_T598486a920c07824729312', 'T5984864405afa195133337', 'Арифметикалық прогрессия 2', '2017-08-04 14:37:29', 2),
(126, 'S_T598486b8c5699511856798', 'T5984864405afa195133337', 'Геометриялық прогрессия 1', '2017-08-04 14:37:44', 3),
(127, 'S_T598486cd234fe732495509', 'T5984864405afa195133337', 'Геометриялық прогрессия 2', '2017-08-04 14:38:05', 4),
(128, 'S_T598486d97cbbb845785311', 'T5984864405afa195133337', 'Аралас прогресия', '2017-08-04 14:38:17', 5),
(129, 'S_T598487217197d359120789', 'T59848713b65fa134678207', 'Тригонометриялық өрнектің мәнін табу. Негізгі тригонометриялық формулалар', '2017-08-04 14:39:29', 1),
(130, 'S_T59848747e85d0347474156', 'T59848713b65fa134678207', 'Тригонометриялық формулаларды қолдану арқылы тригонометриялық өрнекті есептеу', '2017-08-04 14:40:07', 2),
(131, 'S_T5984875a5ddc6750075915', 'T59848713b65fa134678207', 'Келтіру формулалары. Функцияны периодтан арылту', '2017-08-04 14:40:26', 3),
(132, 'S_T598487691244f251184095', 'T59848713b65fa134678207', 'Екі еселенген аргумент формулалары', '2017-08-04 14:40:41', 4),
(133, 'S_T598487766d60c135641776', 'T59848713b65fa134678207', 'Дәрежені төмендету формулалары', '2017-08-04 14:40:54', 5),
(134, 'S_T59848784927a5760622963', 'T59848713b65fa134678207', 'Аргументтерді қосу және азайту формулалары', '2017-08-04 14:41:08', 6),
(135, 'S_T5984879356f9a574413827', 'T59848713b65fa134678207', 'Тригонометриялық функциялардың қосындысын көбейтіндіге және көбейтіндісін қосындыға түрлендіру', '2017-08-04 14:41:23', 7),
(136, 'S_T598487a5cfab9872005293', 'T59848713b65fa134678207', 'Кері тригонометриялық функциялар', '2017-08-04 14:41:41', 8),
(137, 'S_T598487b951698718379635', 'T59848713b65fa134678207', 'Қайталауға арналған есептер', '2017-08-04 14:42:01', 9),
(138, 'S_T598487c5c5703972989262', 'T59848713b65fa134678207', 'Аралық бақылау. Тригонометриялық ықшамдаулар', '2017-08-04 14:42:13', 10),
(139, 'S_T5984886f4c1e3106848183', 'T5984885eda4aa126363264', 'Тригонометриялық теңдеулер', '2017-08-04 14:45:03', 1),
(140, 'S_T5984887bccc22815823180', 'T5984885eda4aa126363264', 'Тригонометриялық формулаларды пайдалана отырып тригонометриялық теңдеулерді шешу', '2017-08-04 14:45:15', 2),
(141, 'S_T598488880d3fa575873743', 'T5984885eda4aa126363264', 'Көбейткішке жіктеу арқылы тригонометриялық теңдеулерді шешу', '2017-08-04 14:45:28', 3),
(142, 'S_T59848894c4cf7081108836', 'T5984885eda4aa126363264', 'Жаңа айнымалы енгізу арқылы тригонометриялық теңдеулерді шешу', '2017-08-04 14:45:40', 4),
(143, 'S_T598488a155ecf650582443', 'T5984885eda4aa126363264', 'Қосымша бұрыш енгізу арқылы тригонометриялық теңдеулерді шешу', '2017-08-04 14:45:53', 5),
(144, 'S_T598488cadc052584940995', 'T598488be67f1a242303241', 'Тригонометриялық теңсіздіктер', '2017-08-04 14:46:34', 1),
(145, 'S_T598488d5cc65c407915674', 'T598488be67f1a242303241', 'Тригонометриялық формулаларды пайдалана отырып тригонометриялық теңсіздіктерді шешу', '2017-08-04 14:46:45', 2),
(146, 'S_T598488e08dfaa772457157', 'T598488be67f1a242303241', 'Жаңа айнымалы енгізу арқылы тригонометриялық теңсіздіктерді шешу', '2017-08-04 14:46:56', 3),
(147, 'S_T598489124cedb209880814', 'T598489062e261693701844', 'Тригонометриялық теңсіздіктер жүйесі', '2017-08-04 14:47:46', 1),
(148, 'S_T5984891ced86e161465937', 'T598489062e261693701844', 'Тригонометриялық теңдеулер жүйесі 1', '2017-08-04 14:47:56', 2),
(149, 'S_T59848927bffef881969764', 'T598489062e261693701844', 'Тригонометриялық теңдеулер жүйесі 2', '2017-08-04 14:48:07', 3),
(150, 'S_T5984893f1c2c8881896455', 'T598489062e261693701844', 'Тригонометриялық теңдеулер мен теңсіздіктерді қайталау есептері', '2017-08-04 14:48:31', 4),
(151, 'S_T5984894d430d2198147836', 'T598489062e261693701844', 'Аралық бақылау. Тригонометриялық теңдеулер мен теңсіздіктер, теңдеулер мен теңсіздіктер жүйесі', '2017-08-04 14:48:45', 5),
(152, 'S_T59848b27b1a45387129667', 'T59848b1857dd8155336710', 'Логарифм мәнін анықтамасы бойынша анықтау', '2017-08-04 14:56:39', 1),
(153, 'S_T59848b3288285811465511', 'T59848b1857dd8155336710', 'Логарифмдерді қосу және азайту формулалары', '2017-08-04 14:56:50', 2),
(154, 'S_T59848b47abfbf109900696', 'T59848b1857dd8155336710', 'Басқа негізге көшу формулаларын пайдалана отырып логарифмдерді есептеу ', '2017-08-04 14:57:11', 3),
(155, 'S_T59848b5456e29942224358', 'T59848b1857dd8155336710', 'Логарифмді басқа логарифмдер арқылы есептеу', '2017-08-04 14:57:24', 4),
(156, 'S_T59848b784a564404406969', 'T59848b6bc2180363031366', 'Логарифмдік теңдеулер', '2017-08-04 14:58:00', 1),
(157, 'S_T59848b9d2ffb1198022694', 'T59848b6bc2180363031366', 'Логарифмдерді қосу және азайту формулаларын пайдалану арқылы және жаңа айнымалы енгізу арқылы логар', '2017-08-04 14:58:37', 2),
(158, 'S_T59848bd519cb5713753008', 'T59848b6bc2180363031366', 'Бір негізге келтіру арқылы логарифмдік теңдеулерді шешу', '2017-08-04 14:59:33', 3),
(159, 'S_T59848bdf91713445647242', 'T59848b6bc2180363031366', 'Екі жағын логарифмдеу арқылы логарифмдік теңдеулерді шешу', '2017-08-04 14:59:43', 4),
(160, 'S_T59848c02a65f3201132252', 'T59848bf65a603309109507', 'Логарифмдік теңсіздіктер', '2017-08-04 15:00:18', 1),
(161, 'S_T59848c0ecfe29775976153', 'T59848bf65a603309109507', 'Жаңа айнымалы енгізу арқылы логарифмдік теңсіздіктерді шешу', '2017-08-04 15:00:30', 1),
(162, 'S_T59848c30e4dfd711609370', 'T59848c2076ec8994610075', 'Логарифмдік теңдеулер жүйесі', '2017-08-04 15:01:04', 1),
(163, 'S_T59848c3d28fcf508200874', 'T59848c2076ec8994610075', 'Логарифмдік теңсіздіктер жүйесі', '2017-08-04 15:01:17', 2),
(164, 'S_T59848c4f4696e712374629', 'T59848c2076ec8994610075', 'Логарифмді қайталау есептері 1', '2017-08-04 15:01:35', 3),
(165, 'S_T59848c5910c4e444086606', 'T59848c2076ec8994610075', 'Логарифмді қайталау есептері 2', '2017-08-04 15:01:45', 4),
(166, 'S_T59848c72d1063325827939', 'T59848c2076ec8994610075', 'Аралық бақылау. Логарифмдер', '2017-08-04 15:02:10', 5),
(167, 'S_T59848cf456bee665180972', 'T59848cafdfbb5760925149', 'Рационал функцияның туындысы', '2017-08-04 15:04:20', 1),
(168, 'S_T59848d0159048639699082', 'T59848cafdfbb5760925149', 'Иррационал функцияның туындысы', '2017-08-04 15:04:33', 2),
(169, 'S_T59848d0e1fc68556632633', 'T59848cafdfbb5760925149', 'Тригонометриялық функциялардың туындысы', '2017-08-04 15:04:46', 3),
(170, 'S_T59848d1ed4661998168898', 'T59848cafdfbb5760925149', 'Көрсеткіштік және логарифмдік функциялардың туындысы', '2017-08-04 15:05:02', 4),
(171, 'S_T59848d2a9dd56978287698', 'T59848cafdfbb5760925149', 'Туындымен байланысты амалдар', '2017-08-04 15:05:14', 5),
(172, 'S_T59848d37c7708568554032', 'T59848cafdfbb5760925149', 'Туынды арқылы функцияның өсу және кему аралығын табу', '2017-08-04 15:05:27', 6),
(173, 'S_T59848d4425c72507390508', 'T59848cafdfbb5760925149', 'Туындың арқылы функцияның экстремум нүктелерін табу', '2017-08-04 15:05:40', 7),
(174, 'S_T59848d52a3afe198167969', 'T59848cafdfbb5760925149', 'Туынды арқылы функцияның ең үлкен және ең кіші мәндерін табу', '2017-08-04 15:05:54', 8),
(175, 'S_T59848dcb968d2540303040', 'T59848cafdfbb5760925149', 'Туындының физикалық мағынасы', '2017-08-04 15:07:55', 9),
(176, 'S_T59848dd8758b9660443030', 'T59848cafdfbb5760925149', 'Жанаманың теңдеуі', '2017-08-04 15:08:08', 10),
(177, 'S_T59848de3ecccd559463152', 'T59848cafdfbb5760925149', 'Туындыны қайталау есептері 1', '2017-08-04 15:08:19', 11),
(178, 'S_T59848df05897b791060408', 'T59848cafdfbb5760925149', 'Туындыны қайталау есептері 2', '2017-08-04 15:08:32', 12),
(179, 'S_T59848e0140ff1405112898', 'T59848cafdfbb5760925149', 'Аралық бақылау. Туынды', '2017-08-04 15:08:49', 13),
(180, 'S_T59848e7c9e85e606471149', 'T59848e675becd205288257', 'Алғашқы функция 1', '2017-08-04 15:10:52', 1),
(181, 'S_T59848e87e0afb366206040', 'T59848e675becd205288257', 'Алғашқы функция 2 ', '2017-08-04 15:11:03', 1),
(182, 'S_T59848e950162f167053966', 'T59848e675becd205288257', 'Алғашқы функция 3', '2017-08-04 15:11:17', 1),
(183, 'S_T59848e9edd571767987159', 'T59848e675becd205288257', 'Интеграл', '2017-08-04 15:11:26', 1),
(184, 'S_T59848ea90c545288383647', 'T59848e675becd205288257', 'Интегралмен амалдар', '2017-08-04 15:11:37', 1),
(185, 'S_T59848eb5a72b6914627066', 'T59848e675becd205288257', 'Интеграл арқылы қисықсызықты фигураның ауданын табу', '2017-08-04 15:11:49', 1),
(186, 'S_T59848ec17ad66405988234', 'T59848e675becd205288257', 'Интеграл арқылы қисықсызықты дененің көлемін табу', '2017-08-04 15:12:01', 1),
(187, 'S_T59848efb56812805853705', 'T59848eefa3c19501643307', 'Жұп және тақ функциялар. Функцияның анықталу облысын табу', '2017-08-04 15:12:59', 1),
(188, 'S_T59848f0bc1ddb547754568', 'T59848eefa3c19501643307', 'Функцияның мәндер облысын табу', '2017-08-04 15:13:15', 1),
(189, 'S_T59848f15c520b337852345', 'T59848eefa3c19501643307', 'Функцияның ең кіші оң периодын табу. Кері функция', '2017-08-04 15:13:25', 1),
(190, 'S_T59848f200c598349668056', 'T59848eefa3c19501643307', 'Графигі бойынша қисықсызықты фигураның ауданын табу', '2017-08-04 15:13:36', 1),
(191, 'S_T59848f2e87211750698329', 'T59848eefa3c19501643307', 'Аралық бақылау. Интеграл', '2017-08-04 15:13:50', 1),
(192, 'S_T5985a4bdb680d978291537', 'T5985a4962fddd110033585', 'Модуль таңбасы бар теңдеулер', '2017-08-05 10:58:05', 1),
(193, 'S_T5985a4ca5089d432639981', 'T5985a4962fddd110033585', 'Модуль таңбасы бар теңсіздіктер', '2017-08-05 10:58:18', 2),
(194, 'S_T5985a83ae69d1355328733', 'T5985a8291a6cb617544126', 'Үшбұрыш және оның негізгі элементтері', '2017-08-05 11:12:58', 1),
(195, 'S_T5985a84f1181c873057155', 'T5985a8291a6cb617544126', 'Синустар және косинустар теоремасы', '2017-08-05 11:13:19', 1),
(196, 'S_T5985a85e0b254193617009', 'T5985a8291a6cb617544126', 'Үшбұрыштың биссектрисасы, медианасы және биіктігі', '2017-08-05 11:13:34', 1),
(197, 'S_T5985a86b314be565978240', 'T5985a8291a6cb617544126', 'Тең бүйірлі және тікбұрышты үшбұрыш 1', '2017-08-05 11:13:47', 1),
(198, 'S_T5985a8aa20cc6983328965', 'T5985a8291a6cb617544126', ' Тең қабырғалы үшбұрыш және тік бұрышты үшбұрыш 2.', '2017-08-05 11:14:50', 1),
(199, 'S_T5985a8b3d82da036891904', 'T5985a8291a6cb617544126', 'Үшбұрыштардың ұқсастығы', '2017-08-05 11:14:59', 1),
(200, 'S_T5985a8bdf055e467487649', 'T5985a8291a6cb617544126', 'Үшбұрыштарға аралас есептер', '2017-08-05 11:15:09', 1),
(201, 'S_T5985a910c43bf570235999', 'T5985a90600d61236050620', 'Параллелограм', '2017-08-05 11:16:32', 1),
(202, 'S_T5985a91c73f7a387381879', 'T5985a90600d61236050620', 'Тіктөртбұрыш және квадрат', '2017-08-05 11:16:44', 2),
(203, 'S_T5985a928f20db295395376', 'T5985a90600d61236050620', 'Ромб', '2017-08-05 11:16:56', 3),
(204, 'S_T5985a933c561d246603459', 'T5985a90600d61236050620', 'Трапеция', '2017-08-05 11:17:07', 4),
(205, 'S_T5985a93f7420b047608793', 'T5985a90600d61236050620', 'Көпбұрыштар', '2017-08-05 11:17:19', 5),
(206, 'S_T5985a94e73e16716325430', 'T5985a90600d61236050620', 'Төртбұрыштар мен көпбұрыштарға аралас есептер', '2017-08-05 11:17:34', 6),
(207, 'S_T5985a97d195cd082443710', 'T5985a971a8bac891240625', 'Шеңбер және оның элементтері', '2017-08-05 11:18:21', 1),
(208, 'S_T5985a9d22d7de298118877', 'T5985a971a8bac891240625', 'Шеңбермен аралас есептер', '2017-08-05 11:19:46', 1),
(209, 'S_T5985aa5d9d325370192516', 'T5985a971a8bac891240625', 'Үшбұрыштар мен төртбұрыштарды қайталау есептері', '2017-08-05 11:22:05', 1),
(210, 'S_T5985aa84a675a569479305', 'T5985aa7a50c55887908985', 'Вектор', '2017-08-05 11:22:44', 1),
(211, 'S_T5985aaa9822e3727978585', 'T5985aa7a50c55887908985', 'Вектор 2', '2017-08-05 11:23:21', 2),
(212, 'S_T5985aaca2e2f2513692007', 'T5985aabaec0a6736242710', 'Түзудің теңдеуі. Шеңбердің теңдеуі. Координаттар әдісі', '2017-08-05 11:23:54', 1),
(213, 'S_T5985aaf475b2c152217261', 'T5985aae71cb7a692708470', 'Призма', '2017-08-05 11:24:36', 1),
(214, 'S_T5985aaff404e7688541480', 'T5985aae71cb7a692708470', 'Пирамида', '2017-08-05 11:24:47', 2),
(215, 'S_T5985ab09194f6422534754', 'T5985aae71cb7a692708470', 'Қиық пирамида', '2017-08-05 11:24:57', 3),
(216, 'S_T5985ab1d5a645306110168', 'T5985ab1563a15104701262', 'Цилиндр', '2017-08-05 11:25:17', 1),
(217, 'S_T5985ab277b4d5869622659', 'T5985ab1563a15104701262', 'Конус', '2017-08-05 11:25:27', 1),
(218, 'S_T5985ab3a65db2959758705', 'T5985ab1563a15104701262', 'Қиық конус', '2017-08-05 11:25:46', 1),
(219, 'S_T5985ab44e6240834895417', 'T5985ab1563a15104701262', 'Шар', '2017-08-05 11:25:56', 1),
(220, 'S_T5985ab514dd0a473448659', 'T5985ab1563a15104701262', 'Фигураны айналдырғанда пайда болатын денелер', '2017-08-05 11:26:09', 1),
(221, 'S_T5985ab9252b8d532537953', 'T5985ab5e083d3022366399', 'Денелер комбинациясы', '2017-08-05 11:27:14', 1),
(222, 'S_T5985aba3a7334296163868', 'T5985ab9e92679134954986', 'Жазықтыққа көлбеуленген фигуралар', '2017-08-05 11:27:31', 1),
(223, 'S_T5985abb4d4b2e363134425', 'T5985ab9e92679134954986', 'Стереометрияны қайталау есептері 1', '2017-08-05 11:27:48', 1),
(224, 'S_T5985abbec6b40105839871', 'T5985ab9e92679134954986', 'Стереометрияны қайталау есептері 2', '2017-08-05 11:27:58', 1),
(225, 'S_T59994d65bd048583220484', 'T597af33ee1a34906948282', 'Импульс есептері 2', '2017-08-20 08:50:45', 2),
(227, 'S_T59995228e6af9342064600', 'T597afa4b32d8c579081448', 'Бақылауға дайындық есептері. Тұрақты ток', '2017-08-20 09:11:04', 7),
(228, 'S_T59995814f1b6d063705488', 'T597afce0b5f75559440065', 'Бақылауға дайындық есептері. Электромагниттік тербелістер мен толқындар', '2017-08-20 09:36:20', 6),
(229, 'S_T599959902a25c912309210', 'T597afde4522d6255891662', 'Геометриялық оптика есептері 2', '2017-08-20 09:42:40', 2),
(230, 'S_T599959c2110bb372662232', 'T597afe942fcb8333019837', 'Фотоэффект есептері 2', '2017-08-20 09:43:30', 2),
(231, 'S_T5999619561afc771507949', 'T59995f6dc8daa532838245', 'Бөлшек дәреже', '2017-08-20 10:16:53', 1),
(232, 'S_T59996afa34212369317592', 'T5985a971a8bac891240625', 'Аралық бақылау. Планиметрия', '2017-08-20 10:56:58', 2);

-- --------------------------------------------------------

--
-- Структура таблицы `teacher`
--

CREATE TABLE `teacher` (
  `id` int(3) NOT NULL,
  `teacher_num` varchar(30) COLLATE utf8_unicode_ci NOT NULL,
  `name` varchar(40) COLLATE utf8_unicode_ci NOT NULL,
  `surname` varchar(40) COLLATE utf8_unicode_ci NOT NULL,
  `gender` varchar(1) COLLATE utf8_unicode_ci DEFAULT NULL,
  `phone` varchar(20) COLLATE utf8_unicode_ci DEFAULT NULL,
  `username` varchar(100) COLLATE utf8_unicode_ci NOT NULL,
  `password` varchar(50) COLLATE utf8_unicode_ci NOT NULL,
  `img_profile` varchar(100) COLLATE utf8_unicode_ci DEFAULT NULL,
  `dob` date DEFAULT NULL,
  `password_type` varchar(10) COLLATE utf8_unicode_ci NOT NULL DEFAULT 'default'
) ENGINE=MyISAM DEFAULT CHARSET=utf8 COLLATE=utf8_unicode_ci;

--
-- Дамп данных таблицы `teacher`
--

INSERT INTO `teacher` (`id`, `teacher_num`, `name`, `surname`, `gender`, `phone`, `username`, `password`, `img_profile`, `dob`, `password_type`) VALUES
(11, 'UT5991408f31d6a5.87706712', 'Ерсұлтан', 'Арын', NULL, NULL, 'ersultan.a', 'dcc89b890250af2da7459bd3b87efd0c', NULL, NULL, 'default'),
(10, 'UT59906f73469c22.91588138', 'Айша', 'Тұрсынқожа', NULL, NULL, 'aisha.t', '961289b696ae03b4987bb4602020c0ad', NULL, NULL, 'notDefault'),
(9, 'UT59906281e99689.76039956', 'Бағлан', 'Исақ', NULL, NULL, 'baglan.i', '1a36591bceec49c832079e270d7e8b73', NULL, NULL, 'notDefault'),
(13, 'UT59996180819819.21311882', 'Zhambyl', 'Samat', NULL, NULL, 'z.s', 'a61524af67cd7341b546003514240539', NULL, NULL, 'notDefault');

-- --------------------------------------------------------

--
-- Структура таблицы `test`
--

CREATE TABLE `test` (
  `test_num` varchar(30) COLLATE utf8_unicode_ci NOT NULL,
  `topic_num` varchar(30) COLLATE utf8_unicode_ci DEFAULT NULL,
  `subtopic_num` varchar(30) COLLATE utf8_unicode_ci NOT NULL,
  `test_comment` text COLLATE utf8_unicode_ci,
  `last_date` timestamp NOT NULL DEFAULT CURRENT_TIMESTAMP
) ENGINE=MyISAM DEFAULT CHARSET=utf8 COLLATE=utf8_unicode_ci;

--
-- Дамп данных таблицы `test`
--

INSERT INTO `test` (`test_num`, `topic_num`, `subtopic_num`, `test_comment`, `last_date`) VALUES
('TT598467282a1a3379900720', NULL, 'S_T5974a88b5fdbc928116956', NULL, '2017-08-04 12:23:04'),
('TT599d08a7a7d22206732980', NULL, 'S_T598482ad5d265873736405', NULL, '2017-08-23 04:46:31'),
('TT59a3e02e93d82819779064', NULL, 'S_T598482c3cad74080853104', NULL, '2017-08-28 09:19:42'),
('TT59a3e03156247946811189', NULL, 'S_T5984846901e17371504292', NULL, '2017-08-28 09:19:45');

-- --------------------------------------------------------

--
-- Структура таблицы `test_result`
--

CREATE TABLE `test_result` (
  `id` int(3) NOT NULL,
  `test_result_num` varchar(30) COLLATE utf8_unicode_ci NOT NULL,
  `student_num` varchar(30) COLLATE utf8_unicode_ci NOT NULL,
  `test_num` varchar(30) COLLATE utf8_unicode_ci NOT NULL,
  `submit_date` date NOT NULL,
  `result` varchar(6) COLLATE utf8_unicode_ci NOT NULL
) ENGINE=MyISAM DEFAULT CHARSET=utf8 COLLATE=utf8_unicode_ci;

-- --------------------------------------------------------

--
-- Структура таблицы `tmp_student_test_permission`
--

CREATE TABLE `tmp_student_test_permission` (
  `id` int(6) NOT NULL,
  `student_permission_num` varchar(30) COLLATE utf8_unicode_ci NOT NULL,
  `subtopic_num` varchar(30) COLLATE utf8_unicode_ci NOT NULL,
  `video_permission` varchar(1) COLLATE utf8_unicode_ci DEFAULT NULL,
  `test_permission` varchar(1) COLLATE utf8_unicode_ci DEFAULT NULL,
  `done` varchar(1) COLLATE utf8_unicode_ci NOT NULL DEFAULT 'n'
) ENGINE=MyISAM DEFAULT CHARSET=utf8 COLLATE=utf8_unicode_ci;

--
-- Дамп данных таблицы `tmp_student_test_permission`
--

INSERT INTO `tmp_student_test_permission` (`id`, `student_permission_num`, `subtopic_num`, `video_permission`, `test_permission`, `done`) VALUES
(31, 'S_P5985c84bdcb8c302211822', 'S_T5974a88b5fdbc928116956', 't', 'f', 'n'),
(24, 'S_P5985c804633f3557315045', 'S_T5974a88b5fdbc928116956', 't', 'f', 'n'),
(30, 'S_P5986bc1587d02170725645', 'S_T598485f08b0d4851838470', 't', 'f', 'n'),
(29, 'S_P5986bc1587d02170725645', 'S_T597af118ec5e9496652730', 't', 'f', 'n'),
(28, 'S_P5986bc1587d02170725645', 'S_T597af0f7e45a9535106369', 't', 'f', 'n'),
(25, 'S_P5985c804633f3557315045', 'S_T598482ad5d265873736405', 't', 'f', 'n'),
(26, 'S_P5985c84bdcb8c302211822', 'S_T598483021c5af119272192', 't', 'f', 'n'),
(27, 'S_P5985c804633f3557315045', 'S_T5984855708a5c201282800', 't', 'f', 'n'),
(32, 'S_P5985c84bdcb8c302211822', 'S_T598482ad5d265873736405', 't', 'f', 'n'),
(33, 'S_P5986c26d73134444221203', 'S_T59848b784a564404406969', 't', 'f', 'n'),
(34, 'S_P5986c26d73134444221203', 'S_T59848b9d2ffb1198022694', 't', 'f', 'n'),
(35, 'S_P5985c84bdcb8c302211822', 'S_T5974a89f0d366690049916', 't', 'f', 'n'),
(36, 'S_P5986e872a8c0a705848655', 'S_T5984858544177302134342', 't', 'f', 'n'),
(37, 'S_P5986e872a8c0a705848655', 'S_T5984857943c95733721955', 't', 'f', 'n'),
(38, 'S_P59870a185060a547828972', 'S_T5974a88b5fdbc928116956', 't', 'f', 'n'),
(39, 'S_P5986bc1587d02170725645', 'S_T5974a88b5fdbc928116956', 't', 'f', 'n'),
(40, 'S_P598807d1efd98277507360', 'S_T597af7cb32b3c885077927', 't', 'f', 'n'),
(41, 'S_P5988091778e26766220842', 'S_T5974a88b5fdbc928116956', 't', 'f', 'n'),
(42, 'S_P5988096261973220201649', 'S_T597af044ee34d167951217', 't', 'f', 'n'),
(43, 'S_P5988096261973220201649', 'S_T597af05c2d59f811954122', 't', 'f', 'n'),
(44, 'S_P59880a053a423103438621', 'S_T597af05c2d59f811954122', 't', 'f', 'n'),
(45, 'S_P59880a053a423103438621', 'S_T597af044ee34d167951217', 't', 'f', 'n'),
(46, 'S_P5985c804633f3557315045', 'S_T598484bdd39a6327809628', 't', 'f', 'n'),
(47, 'S_P5985c84bdcb8c302211822', 'S_T598484bdd39a6327809628', 't', 'f', 'n'),
(48, 'S_P59880f46bba64320677510', 'S_T59848334a0e9f898309273', 't', 'f', 'n'),
(49, 'S_P5986c26d73134444221203', 'S_T59848bdf91713445647242', 't', 'f', 'n'),
(50, 'S_P59880f9c6f030011973151', 'S_T598484bdd39a6327809628', 't', 'f', 'n'),
(51, 'S_P59880f9c6f030011973151', 'S_T598484d46b37e151221217', 't', 'f', 'n'),
(52, 'S_P5985c804633f3557315045', 'S_T598484c9cecd2246247143', 't', 'f', 'n'),
(53, 'S_P5985c84bdcb8c302211822', 'S_T598483986f127075693423', 't', 'f', 'n'),
(54, 'S_P59880f46bba64320677510', 'S_T59848483a3efd134771721', 't', 'f', 'n'),
(55, 'S_P59882dea40334091957110', 'S_T597af350809a2630467285', 't', 'f', 'n'),
(56, 'S_P59882e186be2e666125397', 'S_T5974a88b5fdbc928116956', 't', 'f', 'n'),
(57, 'S_P59882e8bc284f325289323', 'S_T597af0f7e45a9535106369', 't', 'f', 'n'),
(58, 'S_P5988311f20c66273047287', 'S_T5974a88b5fdbc928116956', 't', 'f', 'n');

-- --------------------------------------------------------

--
-- Структура таблицы `topic`
--

CREATE TABLE `topic` (
  `id` int(4) NOT NULL,
  `topic_num` varchar(30) COLLATE utf8_unicode_ci NOT NULL,
  `subject_num` varchar(30) COLLATE utf8_unicode_ci NOT NULL,
  `topic_name` varchar(100) COLLATE utf8_unicode_ci NOT NULL,
  `created_date` timestamp NOT NULL DEFAULT CURRENT_TIMESTAMP,
  `topic_order` int(2) NOT NULL
) ENGINE=MyISAM DEFAULT CHARSET=utf8 COLLATE=utf8_unicode_ci;

--
-- Дамп данных таблицы `topic`
--

INSERT INTO `topic` (`id`, `topic_num`, `subject_num`, `topic_name`, `created_date`, `topic_order`) VALUES
(11, 'T5974a8660af66038645720', 'S5974a847cca75077885355', 'Кинематика', '2017-07-23 13:45:10', 1),
(12, 'T597af0c8eec91565243552', 'S5974a847cca75077885355', 'Динамика', '2017-07-28 08:07:36', 2),
(14, 'T597af33ee1a34906948282', 'S5974a847cca75077885355', 'Сақталу заңдары', '2017-07-28 08:18:06', 3),
(15, 'T597af5678e993510857558', 'S5974a847cca75077885355', 'Механикалық тербелістер мен толқындар', '2017-07-28 08:27:19', 4),
(16, 'T597af6186caa5646055511', 'S5974a847cca75077885355', 'Гидростатика. Гидродинамика', '2017-07-28 08:30:16', 5),
(17, 'T597af702e6285935016128', 'S5974a847cca75077885355', 'Молекулалық физика', '2017-07-28 08:34:10', 6),
(18, 'T597af93cdfe46893364804', 'S5974a847cca75077885355', 'Электр өрісі', '2017-07-28 08:43:40', 7),
(19, 'T597afa4b32d8c579081448', 'S5974a847cca75077885355', 'Тұрақты ток', '2017-07-28 08:48:11', 8),
(20, 'T597afb3abd6aa004316396', 'S5974a847cca75077885355', 'Магнит өрісі', '2017-07-28 08:52:10', 9),
(21, 'T597afce0b5f75559440065', 'S5974a847cca75077885355', 'Электромагниттік тербелістер мен толқындар', '2017-07-28 08:59:12', 10),
(22, 'T597afde4522d6255891662', 'S5974a847cca75077885355', 'Оптика', '2017-07-28 09:03:32', 11),
(23, 'T597afe942fcb8333019837', 'S5974a847cca75077885355', 'Фотоэффект', '2017-07-28 09:06:28', 12),
(24, 'T597afef16ecca296999537', 'S5974a847cca75077885355', 'Ядролық физика', '2017-07-28 09:08:01', 13),
(25, 'T597aff91498d1207572569', 'S5974a847cca75077885355', 'Эйнштейннің салыстырмалылық теориясы', '2017-07-28 09:10:41', 14),
(27, 'T5984828e0e5e0268692403', 'S59848243b8350348070654', 'Фундамент', '2017-08-04 14:19:58', 1),
(28, 'T59848389d9b06740245269', 'S59848243b8350348070654', 'Өрнекті ықшамдау', '2017-08-04 14:24:09', 2),
(29, 'T5984845cb6864595112195', 'S59848243b8350348070654', 'Теңдеулер', '2017-08-04 14:27:40', 3),
(30, 'T598484ad65a7a835183429', 'S59848243b8350348070654', 'Теңсіздіктер', '2017-08-04 14:29:01', 4),
(32, 'T5984854cddd98815851739', 'S59848243b8350348070654', 'Бөлшектің бөлімін иррационалдықтан арылту', '2017-08-04 14:31:40', 5),
(33, 'T59848569c04af579032954', 'S59848243b8350348070654', 'Иррационал теңдеулер', '2017-08-04 14:32:09', 6),
(34, 'T598485e60f01b147471121', 'S59848243b8350348070654', 'Көрсеткіштік теңдеулер мен теңсіздіктер', '2017-08-04 14:34:14', 14),
(35, 'T5984864405afa195133337', 'S59848243b8350348070654', 'Прогрессия', '2017-08-04 14:35:48', 7),
(36, 'T59848713b65fa134678207', 'S59848243b8350348070654', 'Тригонометриялық ықшамдаулар', '2017-08-04 14:39:15', 8),
(37, 'T5984885eda4aa126363264', 'S59848243b8350348070654', 'Тригонометриялық теңдеулер', '2017-08-04 14:44:46', 9),
(38, 'T598488be67f1a242303241', 'S59848243b8350348070654', 'Тригонометриялық теңсіздіктер', '2017-08-04 14:46:22', 10),
(39, 'T598489062e261693701844', 'S59848243b8350348070654', 'Тригонометриялық теңсіздіктер және теңдеулер жүйесі', '2017-08-04 14:47:34', 11),
(40, 'T59848b1857dd8155336710', 'S59848243b8350348070654', 'Логарифмдік ықшамдаулар', '2017-08-04 14:56:24', 15),
(41, 'T59848b6bc2180363031366', 'S59848243b8350348070654', 'Логарифмдік теңдеулер', '2017-08-04 14:57:47', 16),
(42, 'T59848bf65a603309109507', 'S59848243b8350348070654', 'Логарифмдік теңсіздіктер', '2017-08-04 15:00:06', 17),
(43, 'T59848c2076ec8994610075', 'S59848243b8350348070654', 'Логарифмдік теңдеулер мен теңсіздіктер жүйесі', '2017-08-04 15:00:48', 18),
(44, 'T59848cafdfbb5760925149', 'S59848243b8350348070654', 'Туынды', '2017-08-04 15:03:11', 19),
(45, 'T59848e675becd205288257', 'S59848243b8350348070654', 'Алғашқы функция. Интеграл', '2017-08-04 15:10:31', 20),
(46, 'T59848eefa3c19501643307', 'S59848243b8350348070654', 'Функция', '2017-08-04 15:12:47', 21),
(47, 'T5985a4962fddd110033585', 'S59848243b8350348070654', 'Модуль', '2017-08-04 14:48:26', 12),
(48, 'T5985a8291a6cb617544126', 'S5985a7ea3d0ae721486338', 'Үшбұрыштар', '2017-08-05 11:12:41', 1),
(49, 'T5985a90600d61236050620', 'S5985a7ea3d0ae721486338', 'Төртбұрыштар', '2017-08-05 11:16:22', 2),
(50, 'T5985a971a8bac891240625', 'S5985a7ea3d0ae721486338', 'Шеңбер', '2017-08-05 11:18:09', 3),
(52, 'T5985aa7a50c55887908985', 'S5985a7ea3d0ae721486338', 'Вектор', '2017-08-05 11:22:34', 4),
(53, 'T5985aabaec0a6736242710', 'S5985a7ea3d0ae721486338', 'Түзудің және шеңбердің теңдеуі', '2017-08-05 11:23:38', 5),
(54, 'T5985aae71cb7a692708470', 'S5985a7ea3d0ae721486338', 'Көпжақтар', '2017-08-05 11:24:23', 6),
(55, 'T5985ab1563a15104701262', 'S5985a7ea3d0ae721486338', 'Айналу денелері', '2017-08-05 11:25:09', 7),
(56, 'T5985ab5e083d3022366399', 'S5985a7ea3d0ae721486338', 'Денелер комбинациясы', '2017-08-05 11:26:22', 8),
(57, 'T5985ab9e92679134954986', 'S5985a7ea3d0ae721486338', 'Жазықтыққа көлбеуленген фигуралар', '2017-08-05 11:27:26', 9),
(58, 'T5985abc9237ab533689098', 'S5985a7ea3d0ae721486338', 'Қорытынды бақылау жұмысы', '2017-08-05 11:28:09', 10),
(60, 'T59995f6dc8daa532838245', 'S59848243b8350348070654', 'Бөлшек дәреже', '2017-08-20 10:07:41', 13);

-- --------------------------------------------------------

--
-- Структура таблицы `user_connection_tmp`
--

CREATE TABLE `user_connection_tmp` (
  `student_num` varchar(30) COLLATE utf8_unicode_ci NOT NULL,
  `ip` varchar(15) COLLATE utf8_unicode_ci NOT NULL
) ENGINE=MyISAM DEFAULT CHARSET=utf8 COLLATE=utf8_unicode_ci;

-- --------------------------------------------------------

--
-- Структура таблицы `video`
--

CREATE TABLE `video` (
  `id` int(3) NOT NULL,
  `video_num` varchar(30) COLLATE utf8_unicode_ci NOT NULL,
  `subtopic_num` varchar(30) COLLATE utf8_unicode_ci NOT NULL,
  `video_link` varchar(100) COLLATE utf8_unicode_ci DEFAULT NULL,
  `updated_date` timestamp NOT NULL DEFAULT CURRENT_TIMESTAMP
) ENGINE=MyISAM DEFAULT CHARSET=utf8 COLLATE=utf8_unicode_ci;

--
-- Дамп данных таблицы `video`
--

INSERT INTO `video` (`id`, `video_num`, `subtopic_num`, `video_link`, `updated_date`) VALUES
(20, 'vV5974adf56870e056238371', 'S_T5974a88b5fdbc928116956', 'Бірқалыпты қозғалыс.mp4', '2017-07-23 14:08:53'),
(21, 'vV597b0502129c9653943990', 'S_T5974a89f0d366690049916', 'Орташа жылдамдық.mp4', '2017-07-28 09:33:54'),
(22, 'vV597b0aabae042044672630', 'S_T5974a8b186ea1040365676', 'Үдемелі қозғалыс.mp4', '2017-07-28 09:58:03'),
(23, 'vV597b2844b1495609636916', 'S_T5974ab95697f7767898025', 'Еркін құлаған дене қозғалысы.mp4', '2017-07-28 12:04:20'),
(24, 'vV597b2a36c11f2382194760', 'S_T597af044ee34d167951217', 'Шеңбер бойымен қозғалыс.mp4', '2017-07-28 12:12:38'),
(25, 'vV597b2ca82bef6668920946', 'S_T597af05c2d59f811954122', 'Горизонтқа бұрыш жасай лақ дене қозғалысы.mp4', '2017-07-28 12:23:04'),
(26, 'vV597b2fff5cc04825968459', 'S_T597af0f7e45a9535106369', 'Динамика басы.mp4', '2017-07-28 12:37:19'),
(27, 'vV597b332400a87808412163', 'S_T597af118ec5e9496652730', 'Динамикадағы күштер.mp4', '2017-07-28 12:50:43'),
(28, 'vV597b338448b9f648786761', 'S_T597af140772c7240779811', 'Денелер жүйесінің динамикасы.mp4', '2017-07-28 12:52:20'),
(29, 'vV597c3c6dbec10994497723', 'S_T597af1c98ad88346642175', 'Көлбеу жазықтықтағы қозғалыс динамикасы.mp4', '2017-07-29 07:42:37'),
(30, 'vV597c3cb9d2908604372328', 'S_T597af1e0ada7c458237043', 'Статика.mp4', '2017-07-29 07:43:53'),
(31, 'vV597c3d016a160128488743', 'S_T597af350809a2630467285', 'Импульс.mp4', '2017-07-29 07:45:05'),
(32, 'vV597c3d453cf12854383179', 'S_T597af392a9d60684202099', 'Жұмыс. Энергия.mp4', '2017-07-29 07:46:13'),
(33, 'vV597c3d6b894cd648572038', 'S_T597af3ae36af7858948972', 'Энергияның сақталу заңы.mp4', '2017-07-29 07:46:51'),
(34, 'vV597c4005c8574495789376', 'S_T597af3c0cbd92854436171', 'Қуат. ПӘК.mp4', '2017-07-29 07:57:57'),
(35, 'vV597c43db02025616375545', 'S_T597af58514c7f614530255', 'Механикалық тербелістер.mp4', '2017-07-29 08:14:19'),
(36, 'vV597c469e39327798208385', 'S_T597af5911ee71174454085', 'Механикалық толқындар.mp4', '2017-07-29 08:26:06'),
(37, 'vV597c48edda2ec128310451', 'S_T597af62c57e71857027062', 'Гидростатика.mp4', '2017-07-29 08:35:57'),
(38, 'vV597c4a8fce486256122055', 'S_T597af73890237310164005', 'Молекулалық физика басы.mp4', '2017-07-29 08:42:55'),
(39, 'vV597c4d6171635153076686', 'S_T597af747b40c1090888003', 'МКТ-ның негізгі теңдеуі.mp4', '2017-07-29 08:54:57'),
(40, 'vV597c4eeb21b45880719554', 'S_T597af7a537ec2446009353', 'Изопроцестер.mp4', '2017-07-29 09:01:31'),
(41, 'vV597c4f594bcca565255220', 'S_T597af7b033a6f135114226', 'Термодинамика.mp4', '2017-07-29 09:03:21'),
(42, 'vV597c4f84418e6425017260', 'S_T597af7bc1d2a0964449593', 'Жылу машиналары.mp4', '2017-07-29 09:04:04'),
(43, 'vV597c5040b33cb114172209', 'S_T597af7cb32b3c885077927', 'Жылу алмасу.mp4', '2017-07-29 09:07:12'),
(44, 'vV597c50a11bcb3079173372', 'S_T597af7d512b3f735315651', 'Ылғалдылық.mp4', '2017-07-29 09:08:49'),
(45, 'vV597c52282e0c5961828224', 'S_T597af951a3765956334187', 'Электр өрісі. 1 бөлім.mp4', '2017-07-29 09:15:20'),
(46, 'vV597c633610cf3041517377', 'S_T597af951a3765956334187', 'Электр өрісі. 2 бөлім.mp4', '2017-07-29 10:28:06'),
(47, 'vV597c67970b2ee831084276', 'S_T597af96a700b5974001147', 'Электр өрісінің жұмысы. Потенциалдық энергия.mp4', '2017-07-29 10:46:47'),
(48, 'vV597c67ed47883716195351', 'S_T597af96a700b5974001147', 'Потенциал.mp4', '2017-07-29 10:48:13'),
(49, 'vV597c68c021713854700423', 'S_T597af98629a9e664320378', '1. Электр сыйымдылығы. Конденсатор.mp4', '2017-07-29 10:51:44'),
(51, 'vV597c6a2cf006f685229474', 'S_T597af98629a9e664320378', '2. Конд-р энергиясы. Конд-ларды қосу.mp4', '2017-07-29 10:57:48'),
(52, 'vV597d7e57b45e0143687367', 'S_T597afa5aa4504812345365', 'Тұрақты ток.mp4', '2017-07-30 06:36:07'),
(53, 'vV597d80a3180e3133232944', 'S_T597afa68f36b5532061841', 'Тізбектерді тізбектей және параллель қосу.mp4', '2017-07-30 06:45:55'),
(56, 'vV597d82158ec05653513899', 'S_T597afa889cb64710056525', '1.mp4', '2017-07-30 06:52:05'),
(55, 'vV597d812b52f1e139266615', 'S_T597afa7506da3809149255', 'ЭҚК.mp4', '2017-07-30 06:48:11'),
(57, 'vV597d83224555e398676948', 'S_T597afa889cb64710056525', '2.mp4', '2017-07-30 06:56:34'),
(58, 'vV597d87101b202594758930', 'S_T597afa889cb64710056525', '3.mp4', '2017-07-30 07:13:20'),
(59, 'vV597d888785c0a601949526', 'S_T597afa9e9267b324034914', 'Диод.mp4', '2017-07-30 07:19:35'),
(60, 'vV597d8a122b426475192711', 'S_T597afa9e9267b324034914', 'Транзистор.mp4', '2017-07-30 07:26:10'),
(61, 'vV597d8c76221df958969335', 'S_T597afb489626e685779222', 'Магнит өрісі 1.mp4', '2017-07-30 07:36:22'),
(62, 'vV597d8e1b12896814244201', 'S_T597afb489626e685779222', 'Магнит өрісі 2.mp4', '2017-07-30 07:43:23'),
(63, 'vV597d8e57a22fc297293707', 'S_T597afb489626e685779222', 'Магнит өрісі 3.mp4', '2017-07-30 07:44:23'),
(64, 'vV597d8ef80dfc4784659571', 'S_T597afc6f75aa6219099524', 'Заттардағы магнит өрісі.mp4', '2017-07-30 07:47:04'),
(65, 'vV597d902c08351823883936', 'S_T597afc8327886079396583', 'Электромагниттік индукция. Магнит ағыны.mp4', '2017-07-30 07:52:12'),
(66, 'vV597d91f84c22b738780896', 'S_T597afc95d40a8807890446', 'Өздік индукция.mp4', '2017-07-30 07:59:52'),
(67, 'vV597d9228dd7a2373585350', 'S_T597afcf5ed461537093719', 'Еркін электромагниттік тербелістер.mp4', '2017-07-30 08:00:40'),
(68, 'vV597d928cb5a90289177216', 'S_T597afd049ff74048005042', '1. Еріксіз электромагниттік тербелістер.mp4', '2017-07-30 08:02:20'),
(69, 'vV597d933ba202a738286687', 'S_T597afd049ff74048005042', '2. Айымалы электр тогының қуаты.mp4', '2017-07-30 08:05:15'),
(70, 'vV597d938a3a779419177091', 'S_T597afd144259f651376109', 'Трансформатор.mp4', '2017-07-30 08:06:34'),
(71, 'vV597d95d979139658353323', 'S_T597afd625fe6b069934126', 'Электромагниттік толқындар.mp4', '2017-07-30 08:16:25'),
(72, 'vV597da1d803147983110985', 'S_T597afeac02471696383867', 'Фотоэффект.mp4', '2017-07-30 09:07:36'),
(73, 'vV597da614d8e96527406811', 'S_T597aff1be6c3f094484954', 'Атомның құрылысы.mp4', '2017-07-30 09:25:40'),
(74, 'vV597da69d48569712195136', 'S_T597aff28df20b905972295', 'Радиоактивтілік.mp4', '2017-07-30 09:27:57'),
(75, 'vV597da6c48da5a715072952', 'S_T597aff3a703b5891913394', 'Зарядталған бөлшектерді тіркегіштер.mp4', '2017-07-30 09:28:36'),
(76, 'vV597da70413236628293670', 'S_T597aff5149c17276932124', 'Ядролық реакция.mp4', '2017-07-30 09:29:40'),
(77, 'vV597da75c6f554260692173', 'S_T597affa545af1501120761', 'Салыстырмалылық теория.mp4', '2017-07-30 09:31:08'),
(83, 'vV597eb7129834b252959106', 'S_T597afe05e654c861805957', 'Толқындық оптика.mp4', '2017-07-31 04:50:26'),
(79, 'vV597e0fd8d7f2f488174744', 'S_T597e0b45b01e5866347897', 'Фиксика барабан.mp4', '2017-07-30 16:56:56'),
(84, 'vV597edc39bef56162465423', 'S_T597e0b45b01e5866347897', 'v1.mp4', '2017-07-31 07:28:57'),
(85, 'vV597ee01b2ba06098925414', 'S_T597afdf9930b4413444955', 'Геометриялық оптика.mp4', '2017-07-31 07:45:31'),
(86, 'vV59856a9397353810476722', 'S_T598482c3cad74080853104', ' Жай бөлшектерді қосу және азайту.mp4', '2017-08-05 06:49:55'),
(87, 'vV59856b29c0c08995312479', 'S_T598482d2d9eb8134827782', 'Жай бөлшектерді көбейту және бөлу.mp4', '2017-08-05 06:52:25'),
(88, 'vV598574f27c1a6092105108', 'S_T598482ddd1b86287199901', 'Ондық бөлшектер.mp4', '2017-08-05 07:34:10'),
(89, 'vV59857527c6eba265928691', 'S_T598482ee90055815583343', 'Теріс сандар.mp4', '2017-08-05 07:35:03'),
(90, 'vV5985764c7973f486348889', 'S_T598483021c5af119272192', 'Амаларды қайталау.mp4', '2017-08-05 07:39:56'),
(91, 'vV59858e2d149c8408524752', 'S_T5984830dc63a9624010871', 'Теңдеулер.mp4', '2017-08-05 09:21:49'),
(92, 'vV59858e5870da8723782506', 'S_T5984831b3d6c7457569875', 'Дәреже.mp4', '2017-08-05 09:22:32'),
(93, 'vV59858ea161d6a567402280', 'S_T59848327a45c2166944909', 'Теріс дәреже.mp4', '2017-08-05 09:23:45'),
(94, 'vV59858ed68ceb7746887369', 'S_T59848334a0e9f898309273', 'Түбір.mp4', '2017-08-05 09:24:38'),
(159, 'vV5999623e74e47731157661', 'S_T5999619561afc771507949', 'Бөлшек дәреже.mp4', '2017-08-20 10:19:42'),
(96, 'vV59858f4c5ae72773445625', 'S_T5984847974ba3368576118', 'Квадрат теңдеу арқылы көбейткіштерге жіктеу.mp4', '2017-08-05 09:26:36'),
(97, 'vV59858ff6cea62506946572', 'S_T598484bdd39a6327809628', 'Теңсіздіктер. Квадрат теңсіздіктер.mp4', '2017-08-05 09:29:26'),
(98, 'vV5985903dc6842731508938', 'S_T5984855708a5c201282800', 'Бөлшектің бөлімін иррационалдықтан арылту.mp4', '2017-08-05 09:30:37'),
(99, 'vV5985907164a52724394028', 'S_T5984857943c95733721955', 'Иррационал теңдеулер.mp4', '2017-08-05 09:31:29'),
(100, 'vV598590a2576e9609440569', 'S_T598485f08b0d4851838470', 'Көрсеткіштік теңдеулер.mp4', '2017-08-05 09:32:18'),
(101, 'vV598590bed3529813373180', 'S_T598485fd45da3513853162', 'Көбейткішке жіктеу арқылы көрсеткіштік теңдеулерді шешу.mp4', '2017-08-05 09:32:46'),
(102, 'vV598590eb3148e456767292', 'S_T5984861392571493030674', 'Көрсеткіштік теңсіздіктер.mp4', '2017-08-05 09:33:31'),
(103, 'vV59859120b65dd023196113', 'S_T5984861e3c4c7294716721', 'Жаңа айнымалыны енгізу арқылы көрсеткіштік теңсіздіктерді шешу.mp4', '2017-08-05 09:34:24'),
(104, 'vV5985916c4ba53874545350', 'S_T5984869e2a88d155421935', 'Арифметикалық прогрессия.mp4', '2017-08-05 09:35:40'),
(105, 'vV598591907a3ec770283388', 'S_T598486b8c5699511856798', 'Геометриялық прогрессия.mp4', '2017-08-05 09:36:16'),
(107, 'vV598592a15c3f1459522287', 'S_T598487217197d359120789', 'Тригонометриялық өрнектің мәнін табу.mp4', '2017-08-05 09:40:49'),
(108, 'vV598592bda0190446817572', 'S_T598487217197d359120789', 'Негізгі тригонометриялық формулалар.mp4', '2017-08-05 09:41:17'),
(109, 'vV598593031140e619908188', 'S_T59848747e85d0347474156', 'Тригонометриялық формулаларды қолдану арқылы тригонометриялық өрнекті есептеу.mp4', '2017-08-05 09:42:27'),
(110, 'vV5985969f08884341211651', 'S_T5984875a5ddc6750075915', 'Келтіру формулалары. Функцияны периодтан арылту.mp4', '2017-08-05 09:57:51'),
(111, 'vV598596dc80b47464413331', 'S_T598487766d60c135641776', 'Дәрежені төмендету формулалары.mp4', '2017-08-05 09:58:52'),
(112, 'vV5985971bdd83a759497051', 'S_T59848784927a5760622963', 'Аргументтерді қосу және азайту формулалары.mp4', '2017-08-05 09:59:55'),
(113, 'vV5985975359107411237592', 'S_T5984879356f9a574413827', 'Тригонометриялық функциялардың қосындысын көбейтіндіге және көбейтіндісін қосындыға түрлендіру.mp4', '2017-08-05 10:00:51'),
(114, 'vV59859943ebecb844887919', 'S_T598487a5cfab9872005293', 'Кері тригонометриялық функциялар.mp4', '2017-08-05 10:09:07'),
(115, 'vV59859a163c202390592573', 'S_T598488cadc052584940995', 'cosx және sinx теңсіздіктер.mp4', '2017-08-05 10:12:38'),
(116, 'vV59859a3fb1158959006266', 'S_T598488cadc052584940995', 'tgx және ctgx теңсіздіктері.mp4', '2017-08-05 10:13:19'),
(117, 'vV59859a9b60def466731346', 'S_T598488e08dfaa772457157', 'Жаңа айнымалы енгізу арқылы тригонометриялық теңсіздіктерді шешу.mp4', '2017-08-05 10:14:51'),
(118, 'vV59859aec03851279954795', 'S_T598489124cedb209880814', 'Тригонометриялық теңсіздіктер жүйесі.mp4', '2017-08-05 10:16:12'),
(119, 'vV59859bfabb170735160101', 'S_T5984891ced86e161465937', 'Тригонометриялық теңдеулер жүйесі.mp4', '2017-08-05 10:20:42'),
(120, 'vV59859c4679c96610773597', 'S_T59848b27b1a45387129667', 'Логарифм мәнін анықтамасы бойынша анықтау.mp4', '2017-08-05 10:21:58'),
(121, 'vV59859c69a483b526483588', 'S_T59848b3288285811465511', 'Логарифмдерді қосу және азайту формулалары.mp4', '2017-08-05 10:22:33'),
(122, 'vV59859c93237fc061936434', 'S_T59848b47abfbf109900696', 'Басқа негізге көшу формулаларын пайдалана отырып логарифмдерді есептеу.mp4', '2017-08-05 10:23:15'),
(124, 'vV59859d2f176b2025037973', 'S_T59848b9d2ffb1198022694', 'Логарифмдерді қосу және азайту формулаларын пайдалану арқылы және жаңа айнымалы.mp4', '2017-08-05 10:25:51'),
(125, 'vV59859d674a5ca918036098', 'S_T59848bd519cb5713753008', 'Бір негізге келтіру арқылы логарифмдік теңдеулерді шешу.mp4', '2017-08-05 10:26:47'),
(126, 'vV59859d95aca85645448688', 'S_T59848bdf91713445647242', 'Екі жағын логарифмдеу арқылы логарифмдік теңдеулерді шешу.mp4', '2017-08-05 10:27:33'),
(127, 'vV59859dc957ad6793484914', 'S_T59848c02a65f3201132252', 'Логарифмдік теңсіздіктер.mp4', '2017-08-05 10:28:25'),
(128, 'vV5985a16f0c655169522687', 'S_T59848e7c9e85e606471149', 'Алғашқы функция.mp4', '2017-08-05 10:43:59'),
(129, 'vV5985a1c691bbc293422392', 'S_T59848eb5a72b6914627066', 'Интеграл арқылы қисықсызықты фигураның ауданын табу.mp4', '2017-08-05 10:45:26'),
(130, 'vV5985a1f66ad7f638608818', 'S_T59848ec17ad66405988234', 'Интеграл арқылы қисықсызықты дененің көлемін табу.mp4', '2017-08-05 10:46:14'),
(131, 'vV5985a2619c608831158685', 'S_T59848efb56812805853705', 'Жұп және тақ функциялар. Функцияның анықталу облысын табу.mp4', '2017-08-05 10:48:01'),
(132, 'vV5985a2a831f4e766896822', 'S_T59848f0bc1ddb547754568', 'Функцияның мәндер облысын табу.mp4', '2017-08-05 10:49:12'),
(133, 'vV5985a2d5a57bd724953664', 'S_T59848f15c520b337852345', 'Функцияның ең кіші оң периодын табу. Кері функция.mp4', '2017-08-05 10:49:57'),
(134, 'vV5985a52e61b90484853686', 'S_T5985a4bdb680d978291537', 'Модуль таңбасы бар теңдеулер.mp4', '2017-08-05 10:59:58'),
(135, 'vV5985a5c366531059534540', 'S_T5985a4ca5089d432639981', 'Модуль таңбасы бар теңсіздіктер.mp4', '2017-08-05 11:02:27'),
(136, 'vV5985ad2222406075922921', 'S_T5985a8b3d82da036891904', 'Үшбұрыштардың ұқсастығы.mp4', '2017-08-05 11:33:54'),
(137, 'vV5985aea0c7b0d868585597', 'S_T5985a910c43bf570235999', 'Параллелограм.mp4', '2017-08-05 11:40:16'),
(138, 'vV5985af0bf0dc1158126182', 'S_T5985a83ae69d1355328733', 'Үшбұрыш және оның негізгі элементтері.mp4', '2017-08-05 11:42:03'),
(139, 'vV5985afcc6cad2305114840', 'S_T5985a85e0b254193617009', 'Үшбұрыштың биссектрисасы, медианасы және биіктігі.mp4', '2017-08-05 11:45:16'),
(140, 'vV5985b00a0807a076870075', 'S_T5985a928f20db295395376', 'Ромб.mp4', '2017-08-05 11:46:18'),
(141, 'vV5985b03f959f7884615158', 'S_T5985a933c561d246603459', 'Трапеция.mp4', '2017-08-05 11:47:11'),
(142, 'vV5985b14856015632454050', 'S_T5985a86b314be565978240', 'Тең бүйірлі және тікбұрышты үшбұрыш.mp4', '2017-08-05 11:51:36'),
(143, 'vV5985b18d22add944558722', 'S_T5985a97d195cd082443710', 'Шеңбер және оның элементтері.mp4', '2017-08-05 11:52:45'),
(144, 'vV5985b1d29b717101190295', 'S_T5985a8aa20cc6983328965', 'Тең қабырғалы үшбұрыш.mp4', '2017-08-05 11:53:54'),
(145, 'vV5985b24dc1e7b644629075', 'S_T5985aaf475b2c152217261', 'Призма.mp4', '2017-08-05 11:55:57'),
(146, 'vV5985b2aabef41911281673', 'S_T5985a94e73e16716325430', 'Төртбұрыштардың жалпы қасиеттері.mp4', '2017-08-05 11:57:30'),
(147, 'vV5985bb43d04f8533155464', 'S_T5985aaff404e7688541480', 'Пирамида.mp4', '2017-08-05 12:34:11'),
(148, 'vV5985bb71a3942717230121', 'S_T5985ab09194f6422534754', 'Қиық пирамида.mp4', '2017-08-05 12:34:57'),
(149, 'vV5985bba5bcb74869458018', 'S_T5985ab1d5a645306110168', 'Цилиндр.mp4', '2017-08-05 12:35:49'),
(150, 'vV5985bbd356207913707785', 'S_T5985ab277b4d5869622659', 'Конус.mp4', '2017-08-05 12:36:35'),
(151, 'vV5985bc47e7eeb134283191', 'S_T5985ab44e6240834895417', 'Шар. Сфера.mp4', '2017-08-05 12:38:31'),
(152, 'vV5985bca23eaa8293695942', 'S_T5985ab514dd0a473448659', 'Фигураларды айналдырғанда пайда болатын денелер.mp4', '2017-08-05 12:40:02'),
(153, 'vV5985bd1db126c180286687', 'S_T5985ab9252b8d532537953', 'Стереометриялық денелер комбинациясы.mp4', '2017-08-05 12:42:05'),
(154, 'vV5985bd57f3981008439461', 'S_T5985aba3a7334296163868', 'Кеңістіктегі түзулер мен жазықтықтар.mp4', '2017-08-05 12:43:03'),
(155, 'vV598970de5920c617495500', 'S_T5984886f4c1e3106848183', 'Тригонометриялық теңдеулер.mp4', '2017-08-08 08:05:50'),
(157, 'vV5992d81dc0599508014113', 'S_T598483986f127075693423', 'Көпмүшелер.mp4', '2017-08-15 11:16:45'),
(158, 'vV5996b3547dab2951886216', 'S_T59848cf456bee665180972', 'Туынды.mp4', '2017-08-18 09:28:52'),
(160, 'vV599d0838c8695225023462', 'S_T598482ad5d265873736405', '12345.mp4', '2017-08-23 04:44:40');

--
-- Индексы сохранённых таблиц
--

--
-- Индексы таблицы `admin`
--
ALTER TABLE `admin`
  ADD PRIMARY KEY (`id`),
  ADD UNIQUE KEY `admin_num` (`admin_num`);

--
-- Индексы таблицы `answer`
--
ALTER TABLE `answer`
  ADD PRIMARY KEY (`id`),
  ADD UNIQUE KEY `answer_num` (`answer_num`);

--
-- Индексы таблицы `device_mac_address`
--
ALTER TABLE `device_mac_address`
  ADD PRIMARY KEY (`mac_address`);

--
-- Индексы таблицы `group_student`
--
ALTER TABLE `group_student`
  ADD PRIMARY KEY (`group_student_num`);

--
-- Индексы таблицы `progress_group`
--
ALTER TABLE `progress_group`
  ADD PRIMARY KEY (`progress_group_num`);

--
-- Индексы таблицы `progress_student`
--
ALTER TABLE `progress_student`
  ADD PRIMARY KEY (`progress_student_num`);

--
-- Индексы таблицы `question`
--
ALTER TABLE `question`
  ADD PRIMARY KEY (`id`),
  ADD UNIQUE KEY `question_num` (`question_num`);

--
-- Индексы таблицы `rename_folder`
--
ALTER TABLE `rename_folder`
  ADD PRIMARY KEY (`id`);

--
-- Индексы таблицы `student`
--
ALTER TABLE `student`
  ADD PRIMARY KEY (`id`),
  ADD UNIQUE KEY `student_num` (`student_num`);

--
-- Индексы таблицы `student_permission`
--
ALTER TABLE `student_permission`
  ADD PRIMARY KEY (`student_permission_num`),
  ADD UNIQUE KEY `student_test_permission` (`student_permission_num`),
  ADD UNIQUE KEY `student_num` (`student_num`);

--
-- Индексы таблицы `student_test_permission`
--
ALTER TABLE `student_test_permission`
  ADD PRIMARY KEY (`id`);

--
-- Индексы таблицы `subject`
--
ALTER TABLE `subject`
  ADD PRIMARY KEY (`id`),
  ADD UNIQUE KEY `subject_num` (`subject_num`);

--
-- Индексы таблицы `subtopic`
--
ALTER TABLE `subtopic`
  ADD PRIMARY KEY (`id`),
  ADD UNIQUE KEY `subtopic_num` (`subtopic_num`);

--
-- Индексы таблицы `teacher`
--
ALTER TABLE `teacher`
  ADD PRIMARY KEY (`id`),
  ADD UNIQUE KEY `teacher_num` (`teacher_num`);

--
-- Индексы таблицы `test`
--
ALTER TABLE `test`
  ADD PRIMARY KEY (`test_num`),
  ADD UNIQUE KEY `test_num` (`test_num`),
  ADD UNIQUE KEY `subtopic_num` (`subtopic_num`);

--
-- Индексы таблицы `test_result`
--
ALTER TABLE `test_result`
  ADD PRIMARY KEY (`id`),
  ADD UNIQUE KEY `test_result_num` (`test_result_num`);

--
-- Индексы таблицы `tmp_student_test_permission`
--
ALTER TABLE `tmp_student_test_permission`
  ADD PRIMARY KEY (`id`);

--
-- Индексы таблицы `topic`
--
ALTER TABLE `topic`
  ADD PRIMARY KEY (`id`),
  ADD UNIQUE KEY `topic_num` (`topic_num`);

--
-- Индексы таблицы `user_connection_tmp`
--
ALTER TABLE `user_connection_tmp`
  ADD PRIMARY KEY (`student_num`);

--
-- Индексы таблицы `video`
--
ALTER TABLE `video`
  ADD PRIMARY KEY (`id`),
  ADD UNIQUE KEY `video_num` (`video_num`);

--
-- AUTO_INCREMENT для сохранённых таблиц
--

--
-- AUTO_INCREMENT для таблицы `admin`
--
ALTER TABLE `admin`
  MODIFY `id` int(3) NOT NULL AUTO_INCREMENT, AUTO_INCREMENT=2;
--
-- AUTO_INCREMENT для таблицы `answer`
--
ALTER TABLE `answer`
  MODIFY `id` int(5) NOT NULL AUTO_INCREMENT, AUTO_INCREMENT=1120;
--
-- AUTO_INCREMENT для таблицы `question`
--
ALTER TABLE `question`
  MODIFY `id` int(5) NOT NULL AUTO_INCREMENT, AUTO_INCREMENT=146;
--
-- AUTO_INCREMENT для таблицы `rename_folder`
--
ALTER TABLE `rename_folder`
  MODIFY `id` int(3) NOT NULL AUTO_INCREMENT, AUTO_INCREMENT=2;
--
-- AUTO_INCREMENT для таблицы `student`
--
ALTER TABLE `student`
  MODIFY `id` int(3) NOT NULL AUTO_INCREMENT, AUTO_INCREMENT=76;
--
-- AUTO_INCREMENT для таблицы `student_test_permission`
--
ALTER TABLE `student_test_permission`
  MODIFY `id` int(6) NOT NULL AUTO_INCREMENT, AUTO_INCREMENT=259;
--
-- AUTO_INCREMENT для таблицы `subject`
--
ALTER TABLE `subject`
  MODIFY `id` int(3) NOT NULL AUTO_INCREMENT, AUTO_INCREMENT=21;
--
-- AUTO_INCREMENT для таблицы `subtopic`
--
ALTER TABLE `subtopic`
  MODIFY `id` int(4) NOT NULL AUTO_INCREMENT, AUTO_INCREMENT=233;
--
-- AUTO_INCREMENT для таблицы `teacher`
--
ALTER TABLE `teacher`
  MODIFY `id` int(3) NOT NULL AUTO_INCREMENT, AUTO_INCREMENT=14;
--
-- AUTO_INCREMENT для таблицы `test_result`
--
ALTER TABLE `test_result`
  MODIFY `id` int(3) NOT NULL AUTO_INCREMENT;
--
-- AUTO_INCREMENT для таблицы `tmp_student_test_permission`
--
ALTER TABLE `tmp_student_test_permission`
  MODIFY `id` int(6) NOT NULL AUTO_INCREMENT, AUTO_INCREMENT=59;
--
-- AUTO_INCREMENT для таблицы `topic`
--
ALTER TABLE `topic`
  MODIFY `id` int(4) NOT NULL AUTO_INCREMENT, AUTO_INCREMENT=61;
--
-- AUTO_INCREMENT для таблицы `video`
--
ALTER TABLE `video`
  MODIFY `id` int(3) NOT NULL AUTO_INCREMENT, AUTO_INCREMENT=161;
/*!40101 SET CHARACTER_SET_CLIENT=@OLD_CHARACTER_SET_CLIENT */;
/*!40101 SET CHARACTER_SET_RESULTS=@OLD_CHARACTER_SET_RESULTS */;
/*!40101 SET COLLATION_CONNECTION=@OLD_COLLATION_CONNECTION */;
