DROP TABLE admin;

CREATE TABLE `admin` (
  `id` int(3) NOT NULL AUTO_INCREMENT,
  `admin_num` varchar(30) COLLATE utf8_unicode_ci NOT NULL,
  `name` varchar(40) COLLATE utf8_unicode_ci NOT NULL,
  `surname` varchar(40) COLLATE utf8_unicode_ci NOT NULL,
  `username` varchar(50) COLLATE utf8_unicode_ci NOT NULL,
  `password` varchar(40) COLLATE utf8_unicode_ci NOT NULL,
  `password2` varchar(40) COLLATE utf8_unicode_ci DEFAULT NULL,
  `max_access` int(1) NOT NULL DEFAULT '0',
  PRIMARY KEY (`id`),
  UNIQUE KEY `admin_num` (`admin_num`)
) ENGINE=MyISAM AUTO_INCREMENT=2 DEFAULT CHARSET=utf8 COLLATE=utf8_unicode_ci;

INSERT INTO admin VALUES("1","Admin59573a9b1fd63329717834","Алмат","Мырзабек","almat","d9cb68b827a8ebf0f1e2cb7ade79f258","","0");



DROP TABLE answer;

CREATE TABLE `answer` (
  `id` int(5) NOT NULL AUTO_INCREMENT,
  `answer_num` varchar(30) COLLATE utf8_unicode_ci NOT NULL,
  `question_num` varchar(30) COLLATE utf8_unicode_ci NOT NULL,
  `answer_text` varchar(50) COLLATE utf8_unicode_ci DEFAULT NULL,
  `answer_img` varchar(50) COLLATE utf8_unicode_ci DEFAULT NULL,
  `torf` varchar(1) COLLATE utf8_unicode_ci NOT NULL,
  PRIMARY KEY (`id`),
  UNIQUE KEY `answer_num` (`answer_num`)
) ENGINE=MyISAM AUTO_INCREMENT=1105 DEFAULT CHARSET=utf8 COLLATE=utf8_unicode_ci;




DROP TABLE child;

CREATE TABLE `child` (
  `child_num` varchar(30) COLLATE utf8_unicode_ci NOT NULL,
  `parent_num` varchar(30) COLLATE utf8_unicode_ci NOT NULL,
  `student_num` varchar(30) COLLATE utf8_unicode_ci NOT NULL,
  PRIMARY KEY (`child_num`)
) ENGINE=MyISAM DEFAULT CHARSET=utf8 COLLATE=utf8_unicode_ci;

INSERT INTO child VALUES("CH59d8b6eea4d7f4.70529043","P59d8b6eea4b182.46801280","US59ca508fa8b0a5.38524281");
INSERT INTO child VALUES("CH59dc9c26ebc089.79168196","P59dc9c26e89ea2.66930554","US5985c03ababcf003612666");
INSERT INTO child VALUES("CH59dc9d5ddc6a13.98172902","P59dc9d5ddc44e3.26990237","US5985c2b68edfc766823396");
INSERT INTO child VALUES("CH59dc9e25ad6a30.78357245","P59dc9e25ad4510.41730799","US5985c2133318e292390635");
INSERT INTO child VALUES("CH59dc9e66c076f1.17496754","P59dc9e66c05739.91944068","US5985be0737ecf867117823");
INSERT INTO child VALUES("CH59dca079727746.87765646","P59dca079725000.05108795","US59bf9ce149c5b2.90105243");
INSERT INTO child VALUES("CH59dca0c36196a2.96097045","P59dca0c36171c6.35398032","US59c276ec8cbd96.54459379");
INSERT INTO child VALUES("CH59dca3411b8308.06087425","P59dca3411b5e91.32516825","US5985c12ec0a62122183433");
INSERT INTO child VALUES("CH59dca472e71587.55403421","P59dca472e6f083.50036679","US5985c30558ce4589866616");
INSERT INTO child VALUES("CH59dca4cdec19a8.31337950","P59dca4cdec0068.86976085","US598830cb51480379466684");
INSERT INTO child VALUES("CH59dca5d010df11.44368729","P59dca5d010be34.99993393","US5985c2cff290c469198689");
INSERT INTO child VALUES("CH59dca78af0edc4.60623178","P59dca78af06a73.18466505","US5985c180bf2b9391395197");
INSERT INTO child VALUES("CH59dca866e39380.57844031","P59dca866e37761.80159650","US5985c1947a60f020154533");
INSERT INTO child VALUES("CH59dca9a0a8dd15.76236479","P59dca9a0a867a0.63810575","US5985c3ac6234d022515588");
INSERT INTO child VALUES("CH59dcab348ffc99.38205618","P59dcab348fda19.61011420","US598c228136211031368108");
INSERT INTO child VALUES("CH59dcab85807047.40464063","P59dcab85804980.38480028","US59ac05f716e0d5.43146483");
INSERT INTO child VALUES("CH59dcabaeb54d15.21528960","P59dcabaeb53192.08099404","US598c22dc762ba836756417");
INSERT INTO child VALUES("CH59dcac939ebc91.60158474","P59dcac939e9312.91683555","US5985c1f583a17705459810");
INSERT INTO child VALUES("CH59dcacc487e168.93384982","P59dcacc487bfb8.94410635","US59afde10c892b8.75175782");
INSERT INTO child VALUES("CH59dcad20764a42.13692273","P59dcad20762b79.13822382","US59bd1018c3c961.30793094");
INSERT INTO child VALUES("CH59dcad5be9e151.20840118","P59dcad5be9bde8.97785343","US598c22660735d888327545");
INSERT INTO child VALUES("CH59dcad9bd57409.42295550","P59dcad9bd55422.41081230","US59d768a5a1e7e6.22991662");
INSERT INTO child VALUES("CH59dcadcc6237d6.10517342","P59dcadcc605c98.54291527","US5985c0b84aff1682766928");
INSERT INTO child VALUES("CH59dcae00ee7dc3.43526027","P59dcae00ee5cd1.43635402","US59ac0a2f0b6623.14189239");
INSERT INTO child VALUES("CH59dcae4d9f91e7.26839451","P59dcae4d9f6cd6.32342858","US59ac0a3f3ccca6.39254141");
INSERT INTO child VALUES("CH59dcaec5a10284.58380643","P59dcaec5a0c9a9.19183104","US59ad5134a6bb18.10632279");
INSERT INTO child VALUES("CH59dcaf01c66700.13467912","P59dcaf01c642e4.39286585","US59aeaa94525328.23579708");
INSERT INTO child VALUES("CH59dcaf34bb4e34.26866526","P59dcaf34bb19d6.75411108","US59c901d4d38b76.07743701");
INSERT INTO child VALUES("CH59dcb49a99e386.88589483","P59dcb49a99bf69.95825937","US59ca3ecc324b28.16592911");
INSERT INTO child VALUES("CH59dcb4cebd57d1.54284578","P59dcb4cebd3534.70703054","US598841aac259a707466705");
INSERT INTO child VALUES("CH59dcb522f10709.35424282","P59dcb522f0e3a6.20967556","US5985c0d8a6582773333184");
INSERT INTO child VALUES("CH59dcb565dea0c1.17997086","P59dcb565de7bd6.42422458","US5985c101deba4237296265");
INSERT INTO child VALUES("CH59dcb672e82341.42519874","P59dcb672e7f900.73206842","US5985c05993e14209919366");
INSERT INTO child VALUES("CH59dcb6fc54ed10.54948016","P59dcb6fc54c4c9.12826543","US59c3b6ffb2a223.12795377");
INSERT INTO child VALUES("CH59e09beac79565.28507518","P59e09beac76b48.32387433","US5985c0986fb60310314303");
INSERT INTO child VALUES("CH59dcbf3f0f99b2.54751574","P59dcbaec5c5725.54424527","US5985c1d356320316320740");
INSERT INTO child VALUES("CH59de1c1c76ef39.97815046","P59dcbb6fe94fa7.57390853","US59ac0488e33bb9.79658980");
INSERT INTO child VALUES("CH59dcbbc17b5053.24445050","P59dcbbc17b2156.18103014","US59b122b8431c99.19083022");
INSERT INTO child VALUES("CH59dcbcb78ca102.01796684","P59dcbcb78c15c2.79080604","US59b7aa305bd0e5.73964541");
INSERT INTO child VALUES("CH59e09b2ccaf1f2.91815484","P59dcba65243b26.58921784","US5985c1aa5d16e488712303");
INSERT INTO child VALUES("CH59dcbd5a477753.36879597","P59dcbd5a474c70.85261219","US59bf8381092e81.83889127");
INSERT INTO child VALUES("CH59dcbde2812846.48087261","P59dcbde28101c7.24938590","US59ac111453e868.28015852");
INSERT INTO child VALUES("CH59dcbe4af1db47.51180388","P59dcbe4af1b586.39864043","US59ca49990fcca2.56136050");
INSERT INTO child VALUES("CH59dcbe7590ffd0.52344974","P59dcbe7590d9f7.83015487","US59ca4e2a2bbdb6.54878826");
INSERT INTO child VALUES("CH59dcbea54e2ad3.66266822","P59dcbea54db869.70369593","US59ce469edd8536.42325542");
INSERT INTO child VALUES("CH59dcbf129d68a3.93121793","P59dcbf129d46c0.44493501","US59ac0739cea3f3.41924627");
INSERT INTO child VALUES("CH59dcbf8549c657.86622275","P59dcbf8549a483.55151169","US59ba8fe289c189.39406651");
INSERT INTO child VALUES("CH59dcbfc1a26db1.81642189","P59dcbfc1a24a90.16723584","US59ba8ffdb075c7.52688640");
INSERT INTO child VALUES("CH59dcbfed233a52.60057634","P59dcbfed231995.41288355","US59ba900d0c54e5.85148704");
INSERT INTO child VALUES("CH59dcc896d4eba6.06683900","P59dcc0156c8dc7.98364649","US59ba901e7be934.68232321");
INSERT INTO child VALUES("CH59dcc0b1c461e2.31085012","P59dcc0b1c43c98.32002832","US59bf7e29a90a18.55755906");
INSERT INTO child VALUES("CH59dcc0d71b3409.43897146","P59dcc0d71b0382.74992833","US59bd1157ec5292.26421405");
INSERT INTO child VALUES("CH59dcc1bca129c5.46585030","P59dcc1bca10520.54872424","US59ac0df47c33f2.32375704");
INSERT INTO child VALUES("CH59dcc2a3d01541.89321886","P59dcc2a3cfe6a0.75625180","US5985c3898ae59122109569");
INSERT INTO child VALUES("CH59dcc47ea462e5.21760570","P59dcc47ea43f27.94567874","US59ad50dd140745.24244826");



DROP TABLE device_mac_address;

CREATE TABLE `device_mac_address` (
  `mac_address` varchar(17) COLLATE utf8_unicode_ci NOT NULL,
  PRIMARY KEY (`mac_address`)
) ENGINE=MyISAM DEFAULT CHARSET=utf8 COLLATE=utf8_unicode_ci;

INSERT INTO device_mac_address VALUES("00:E0:4C:73:99:F0");
INSERT INTO device_mac_address VALUES("00:E0:4C:73:9B:17");
INSERT INTO device_mac_address VALUES("00:E0:4C:73:AC:31");
INSERT INTO device_mac_address VALUES("00:E0:4C:73:B4:3E");
INSERT INTO device_mac_address VALUES("00:E0:4C:73:B9:02");
INSERT INTO device_mac_address VALUES("00:E0:4C:73:B9:88");
INSERT INTO device_mac_address VALUES("00:E0:4C:73:B9:8C");
INSERT INTO device_mac_address VALUES("00:E0:4C:73:C6:7E");
INSERT INTO device_mac_address VALUES("00:FF:0F:18:0A:4E");
INSERT INTO device_mac_address VALUES("20:1A:06:6B:A3:2C");
INSERT INTO device_mac_address VALUES("20:68:9D:73:C5:D0");
INSERT INTO device_mac_address VALUES("20:68:9D:77:AB:1A");
INSERT INTO device_mac_address VALUES("4C:EB:42:41:D8:4F");
INSERT INTO device_mac_address VALUES("5C:9A:D8:63:75:0A");
INSERT INTO device_mac_address VALUES("70:5A:B6:DE:33:86");
INSERT INTO device_mac_address VALUES("78:E4:00:1C:B1:F9");
INSERT INTO device_mac_address VALUES("94:DB:C9:AE:8E:A8");
INSERT INTO device_mac_address VALUES("94:DB:C9:AE:8F:32");
INSERT INTO device_mac_address VALUES("94:DB:C9:AE:8F:4D");
INSERT INTO device_mac_address VALUES("94:DB:C9:AE:8F:A5");
INSERT INTO device_mac_address VALUES("94:DB:C9:AE:8F:AC");
INSERT INTO device_mac_address VALUES("94:DB:C9:AE:8F:FB");
INSERT INTO device_mac_address VALUES("94:DB:C9:AE:90:80");
INSERT INTO device_mac_address VALUES("94:DB:C9:AE:9A:55");
INSERT INTO device_mac_address VALUES("A4:DB:30:93:25:15");
INSERT INTO device_mac_address VALUES("B0:C0:90:A9:16:91");
INSERT INTO device_mac_address VALUES("B4:B5:2F:79:E2:16");
INSERT INTO device_mac_address VALUES("B4:B5:2F:79:E2:E9");



DROP TABLE group_info;

CREATE TABLE `group_info` (
  `group_info_num` varchar(30) COLLATE utf8_unicode_ci NOT NULL,
  `subject_num` varchar(30) COLLATE utf8_unicode_ci NOT NULL,
  `teacher_num` varchar(30) COLLATE utf8_unicode_ci NOT NULL,
  `group_name` varchar(200) COLLATE utf8_unicode_ci NOT NULL DEFAULT 'N/A',
  `comment` text COLLATE utf8_unicode_ci NOT NULL,
  `start_lesson` time NOT NULL DEFAULT '00:00:00',
  `finish_lesson` time NOT NULL DEFAULT '00:00:00',
  `office_number` varchar(30) COLLATE utf8_unicode_ci DEFAULT NULL,
  `last_update` timestamp NOT NULL DEFAULT CURRENT_TIMESTAMP
) ENGINE=MyISAM DEFAULT CHARSET=utf8 COLLATE=utf8_unicode_ci;

INSERT INTO group_info VALUES("GI599062c1f1eaa7.71288858","S5974a847cca75077885355","UT59906281e99689.76039956","1-ф Бағлан","Вт. Чт. Сб. 16:00 - 17:50","16:00:00","17:50:00","705","2017-08-13 20:31:29");
INSERT INTO group_info VALUES("GI599070f6370c53.49668433","S59848243b8350348070654","UT59906f73469c22.91588138","3-м Айша","Пн, Ср, Пт. 16:00 - 17:50","16:00:00","17:50:00","704","2017-08-13 21:32:06");
INSERT INTO group_info VALUES("GI599111e3c166f2.01361657","S59848243b8350348070654","UT59906f73469c22.91588138","2-м Айша","Вт, Чт, Сб. 18.10-20.00","18:10:00","20:00:00","704","2017-08-14 08:58:43");
INSERT INTO group_info VALUES("GI5991404e040b49.10827847","S59848243b8350348070654","UT59906f73469c22.91588138","4-м Айша","Пн, Ср, Пт. 18.10-20.00","18:10:00","20:00:00","704","2017-08-14 12:16:46");
INSERT INTO group_info VALUES("GI599140ad882859.70165903","S5974a847cca75077885355","UT5991408f31d6a5.87706712","1-ф Ерсұлтан","Пн, Ср, Пт. 16.00-17.50","16:00:00","17:50:00","705","2017-08-14 12:18:21");
INSERT INTO group_info VALUES("GI599140f185f2b1.01415981","S5974a847cca75077885355","UT5991408f31d6a5.87706712","2-ф Ерсұлтан","Пн, Ср, Пт. 18.10-20.00","18:10:00","20:00:00","705","2017-08-14 12:19:29");
INSERT INTO group_info VALUES("GI59929456b851f5.53292245","S5974a847cca75077885355","UT59906281e99689.76039956","2-ф Бағлан","Вт, Чт, Сб 18.10-20.00","18:10:00","20:00:00","705","2017-08-15 12:27:34");
INSERT INTO group_info VALUES("GI59929368d03be3.09827377","S59848243b8350348070654","UT59906f73469c22.91588138","1-м Айша","Вт, Чт, Сб. 16.00-17.50","16:00:00","17:50:00","704","2017-08-15 12:23:36");
INSERT INTO group_info VALUES("GI599299443d1c00.75867118","S5985a7ea3d0ae721486338","UT59906f73469c22.91588138","Геометрия Айша","Геометрия оқушылары","00:00:00","00:00:00","","2017-08-15 12:48:36");
INSERT INTO group_info VALUES("GI599570b4734cd8.09349525","S5985a7ea3d0ae721486338","UT599570a32ffa36.05588725","N/A","Пн, Ср, Пт.","00:00:00","00:00:00","","2017-08-17 16:32:20");
INSERT INTO group_info VALUES("GI59d62296621754.81072183","S59848243b8350348070654","UT59906281e99689.76039956","3-ф Бағландағы математиктер","Пн, Ср, Пт 16.00-17.50
физика уақытында отырған математиктер","16:00:00","17:50:00","414","2017-10-05 18:16:22");
INSERT INTO group_info VALUES("GI59d22323a91bc7.30981035","S5974a847cca75077885355","UT59996180819819.21311882","1-ф TEST Жамбыл","TEST","16:00:00","17:50:00","414","2017-10-02 17:29:39");
INSERT INTO group_info VALUES("GI59ac0e57dddae8.55362566","S5974a847cca75077885355","UT59906281e99689.76039956","3-ф Бағлан","Пн, Ср, Пт. 16:00 - 17:50","16:00:00","17:50:00","414","2017-09-03 20:14:47");
INSERT INTO group_info VALUES("GI59ac10cc74e388.13221334","S59ac10750a4075.24932992","UT59ac0d75889817.46429240","МС-2 Бибіфатима","Вт, Чт, Суб 18.10-20.00","18:10:00","20:00:00","414","2017-09-03 20:25:16");
INSERT INTO group_info VALUES("GI59afdc794a86c8.76368013","S59ac10750a4075.24932992","UT59ac0d75889817.46429240","МС-1 Бибіфатима","Вт, Чт, Суб 16.00-17.50","16:00:00","17:50:00","414","2017-09-06 17:31:05");
INSERT INTO group_info VALUES("GI59ba8faf6fb892.37597314","S59848243b8350348070654","UT59906281e99689.76039956","1-м Бағлан","Пн, Ср, Пт. 18:10 - 20:00","18:10:00","20:00:00","414","2017-09-14 20:18:23");
INSERT INTO group_info VALUES("GI59e4b31283bf20.15448085","S59848243b8350348070654","UT59906281e99689.76039956","2-ф Бағландағы математиктер","вт, чт, суб. 18.10-20.00","18:10:00","20:00:00","705","2017-10-16 19:24:34");



DROP TABLE group_student;

CREATE TABLE `group_student` (
  `group_student_num` varchar(30) COLLATE utf8_unicode_ci NOT NULL,
  `group_info_num` varchar(30) COLLATE utf8_unicode_ci NOT NULL,
  `student_num` varchar(30) COLLATE utf8_unicode_ci NOT NULL,
  `created_date` timestamp NOT NULL DEFAULT CURRENT_TIMESTAMP,
  PRIMARY KEY (`group_student_num`)
) ENGINE=MyISAM DEFAULT CHARSET=utf8 COLLATE=utf8_unicode_ci;

INSERT INTO group_student VALUES("GS599071080fb865.93069363","GI599070f6370c53.49668433","US5985c180bf2b9391395197","0000-00-00 00:00:00");
INSERT INTO group_student VALUES("GS59ac10dd19ad90.79559148","GI59ac10cc74e388.13221334","US5985c03ababcf003612666","2017-09-03 20:25:33");
INSERT INTO group_student VALUES("GS599063184e29d2.35468709","GI599062c1f1eaa7.71288858","US598c228136211031368108","0000-00-00 00:00:00");
INSERT INTO group_student VALUES("GS5990631108b403.16776626","GI599062c1f1eaa7.71288858","US598bfef46729f133887186","0000-00-00 00:00:00");
INSERT INTO group_student VALUES("GS59906304161d49.61108760","GI599062c1f1eaa7.71288858","US5985c3ac6234d022515588","0000-00-00 00:00:00");
INSERT INTO group_student VALUES("GS599062f861da87.54611187","GI599062c1f1eaa7.71288858","US5985c180bf2b9391395197","0000-00-00 00:00:00");
INSERT INTO group_student VALUES("GS599062ee7f6d09.69282346","GI599062c1f1eaa7.71288858","US5985c3898ae59122109569","0000-00-00 00:00:00");
INSERT INTO group_student VALUES("GS5990715e17d4d0.89803363","GI599070f6370c53.49668433","US5985c1aa5d16e488712303","0000-00-00 00:00:00");
INSERT INTO group_student VALUES("GS59907164684899.74862318","GI599070f6370c53.49668433","US5985c1bf5965a032311598","0000-00-00 00:00:00");
INSERT INTO group_student VALUES("GS599071afacb3b5.35496771","GI599070f6370c53.49668433","US5985c1d356320316320740","0000-00-00 00:00:00");
INSERT INTO group_student VALUES("GS5991405f462fe9.49060499","GI5991404e040b49.10827847","US5985c1f583a17705459810","0000-00-00 00:00:00");
INSERT INTO group_student VALUES("GS59afec7c744ee5.02664279","GI599140ad882859.70165903","US5985c0986fb60310314303","2017-09-06 18:39:24");
INSERT INTO group_student VALUES("GS599140c0f2cea8.04655514","GI599140ad882859.70165903","US5985c2b68edfc766823396","0000-00-00 00:00:00");
INSERT INTO group_student VALUES("GS59c10a2561c7b5.50612639","GI599299443d1c00.75867118","US5985c101deba4237296265","2017-09-19 18:14:29");
INSERT INTO group_student VALUES("GS599140cf1ca4f4.12306747","GI599140ad882859.70165903","US5985c2133318e292390635","0000-00-00 00:00:00");
INSERT INTO group_student VALUES("GS599140d74f7528.17004812","GI599140ad882859.70165903","US5985be0737ecf867117823","0000-00-00 00:00:00");
INSERT INTO group_student VALUES("GS599140dd5f2048.00367303","GI599140ad882859.70165903","US598d565be3bf8146866001","0000-00-00 00:00:00");
INSERT INTO group_student VALUES("GS59914139ec74e9.10830135","GI599140f185f2b1.01415981","US5985c101deba4237296265","0000-00-00 00:00:00");
INSERT INTO group_student VALUES("GS59ba9030304279.90949027","GI59ba8faf6fb892.37597314","US59ba8fe289c189.39406651","2017-09-14 20:20:32");
INSERT INTO group_student VALUES("GS59914157ae80e4.43146465","GI599140f185f2b1.01415981","US5985c30558ce4589866616","0000-00-00 00:00:00");
INSERT INTO group_student VALUES("GS5991415dd631d4.59724386","GI599140f185f2b1.01415981","US598830cb51480379466684","0000-00-00 00:00:00");
INSERT INTO group_student VALUES("GS5991416590c839.80957730","GI599140f185f2b1.01415981","US5985c2133318e292390635","0000-00-00 00:00:00");
INSERT INTO group_student VALUES("GS59b7aa71945430.05386077","GI5991404e040b49.10827847","US59b7aa305bd0e5.73964541","2017-09-12 15:35:45");
INSERT INTO group_student VALUES("GS599293803f14e4.30817895","GI59929368d03be3.09827377","US5985be0737ecf867117823","0000-00-00 00:00:00");
INSERT INTO group_student VALUES("GS599293852e8d36.90462400","GI59929368d03be3.09827377","US5985c05993e14209919366","0000-00-00 00:00:00");
INSERT INTO group_student VALUES("GS59929393032d38.93279120","GI59929368d03be3.09827377","US5985c0704f180655884239","0000-00-00 00:00:00");
INSERT INTO group_student VALUES("GS5992939832e794.45485736","GI59929368d03be3.09827377","US5985c0986fb60310314303","0000-00-00 00:00:00");
INSERT INTO group_student VALUES("GS59b7aa692b0036.09983981","GI5991404e040b49.10827847","US59b7aa54a4adf5.17117904","2017-09-12 15:35:37");
INSERT INTO group_student VALUES("GS599293bc39c2f5.41117051","GI599111e3c166f2.01361657","US5985c0d8a6582773333184","0000-00-00 00:00:00");
INSERT INTO group_student VALUES("GS599293dcbd2b40.12466755","GI599111e3c166f2.01361657","US5985c101deba4237296265","0000-00-00 00:00:00");
INSERT INTO group_student VALUES("GS599293e6124b86.77126692","GI599111e3c166f2.01361657","US5985c2b68edfc766823396","0000-00-00 00:00:00");
INSERT INTO group_student VALUES("GS59dcb890ee0fb9.46721022","GI59929456b851f5.53292245","US59d768a5a1e7e6.22991662","2017-10-10 18:09:52");
INSERT INTO group_student VALUES("GS5992946c3f3066.18220296","GI59929456b851f5.53292245","US5985c1f583a17705459810","0000-00-00 00:00:00");
INSERT INTO group_student VALUES("GS599a83876c33b9.73913133","GI599299443d1c00.75867118","US5985c1947a60f020154533","0000-00-00 00:00:00");
INSERT INTO group_student VALUES("GS59929483470294.90688837","GI59929456b851f5.53292245","US598c22f281ebe771825491","0000-00-00 00:00:00");
INSERT INTO group_student VALUES("GS59929492d3af83.47640777","GI59929456b851f5.53292245","US598c230617cbc697329007","0000-00-00 00:00:00");
INSERT INTO group_student VALUES("GS59929499ec3032.60150290","GI59929456b851f5.53292245","US598c22b60c4d9814871020","0000-00-00 00:00:00");
INSERT INTO group_student VALUES("GS599294a5c2cce5.71843908","GI59929456b851f5.53292245","US598c22660735d888327545","0000-00-00 00:00:00");
INSERT INTO group_student VALUES("GS59929950bd5098.65918161","GI599299443d1c00.75867118","US5985c180bf2b9391395197","0000-00-00 00:00:00");
INSERT INTO group_student VALUES("GS59929963e164e7.10143138","GI599299443d1c00.75867118","US5985c1aa5d16e488712303","0000-00-00 00:00:00");
INSERT INTO group_student VALUES("GS599299b9d15a18.09484778","GI599299443d1c00.75867118","US5985c0d8a6582773333184","0000-00-00 00:00:00");
INSERT INTO group_student VALUES("GS599a80f5145d10.02263813","GI599070f6370c53.49668433","US5985c1947a60f020154533","0000-00-00 00:00:00");
INSERT INTO group_student VALUES("GS599535e1158bb5.78237834","GI599299443d1c00.75867118","US5985c0986fb60310314303","0000-00-00 00:00:00");
INSERT INTO group_student VALUES("GS599535e68e8233.20645846","GI599299443d1c00.75867118","US5985be0737ecf867117823","0000-00-00 00:00:00");
INSERT INTO group_student VALUES("GS599d50791df244.06728071","GI599062c1f1eaa7.71288858","US5985cba14b8d3100168809","2017-08-23 15:52:57");
INSERT INTO group_student VALUES("GS599d5290601287.39710288","GI599299443d1c00.75867118","US5985c03ababcf003612666","2017-08-23 16:01:52");
INSERT INTO group_student VALUES("GS599d52983fe4a8.22486437","GI599299443d1c00.75867118","US5985c12ec0a62122183433","2017-08-23 16:02:00");
INSERT INTO group_student VALUES("GS599a827165b585.01940602","GI599062c1f1eaa7.71288858","US5985c1947a60f020154533","0000-00-00 00:00:00");
INSERT INTO group_student VALUES("GS59d4d47fb21d70.43788093","GI59ba8faf6fb892.37597314","US59ba900d0c54e5.85148704","2017-10-04 18:30:55");
INSERT INTO group_student VALUES("GS59aeaaa773c8f2.35627557","GI5991404e040b49.10827847","US59aeaa94525328.23579708","2017-09-05 19:46:15");
INSERT INTO group_student VALUES("GS59ac10d6ef94f2.50491182","GI59ac10cc74e388.13221334","US5985be0737ecf867117823","2017-09-03 20:25:26");
INSERT INTO group_student VALUES("GS59b3d8a9a98e64.07169255","GI599299443d1c00.75867118","US5985c05993e14209919366","2017-09-09 18:03:53");
INSERT INTO group_student VALUES("GS59afedfb4299c1.03805508","GI5991404e040b49.10827847","US5985c0b84aff1682766928","2017-09-06 18:45:47");
INSERT INTO group_student VALUES("GS59ba9041395012.04268261","GI59ba8faf6fb892.37597314","US59ba8ffdb075c7.52688640","2017-09-14 20:20:49");
INSERT INTO group_student VALUES("GS59ac0f28519a49.74330203","GI599070f6370c53.49668433","US59ac0488e33bb9.79658980","2017-09-03 20:18:16");
INSERT INTO group_student VALUES("GS59ac0e9ddbfe07.00222138","GI599062c1f1eaa7.71288858","US59ac05f716e0d5.43146483","2017-09-03 20:15:57");
INSERT INTO group_student VALUES("GS59ac0e77e030c2.80854094","GI59ac0e57dddae8.55362566","US5985c0b84aff1682766928","2017-09-03 20:15:19");
INSERT INTO group_student VALUES("GS59ac0e7015ff96.98123731","GI59ac0e57dddae8.55362566","US59ac0a2f0b6623.14189239","2017-09-03 20:15:12");
INSERT INTO group_student VALUES("GS59ac0e5ff287b4.76031010","GI59ac0e57dddae8.55362566","US59ac0a3f3ccca6.39254141","2017-09-03 20:14:55");
INSERT INTO group_student VALUES("GS59b8dd0aaa19c5.95325141","GI5991404e040b49.10827847","US59ac0df47c33f2.32375704","2017-09-13 13:23:54");
INSERT INTO group_student VALUES("GS59d23c3c1c1ea0.52725272","GI59929368d03be3.09827377","US59ca3ecc324b28.16592911","2017-10-02 19:16:44");
INSERT INTO group_student VALUES("GS59ae54f7dbfab2.06703625","GI599111e3c166f2.01361657","US5985c2133318e292390635","2017-09-05 13:40:39");
INSERT INTO group_student VALUES("GS59ae7eafc3a6d4.78591465","GI599111e3c166f2.01361657","US5985c2cff290c469198689","2017-09-05 16:38:39");
INSERT INTO group_student VALUES("GS59e737b67c3752.10690302","GI599140ad882859.70165903","US5985cba14b8d3100168809","2017-10-18 17:15:02");
INSERT INTO group_student VALUES("GS59e4b331a95501.66120709","GI59e4b31283bf20.15448085","US59e497085388c4.01523988","2017-10-16 19:25:05");
INSERT INTO group_student VALUES("GS59e4a3850ffc95.11021504","GI599140f185f2b1.01415981","US59e497085388c4.01523988","2017-10-16 18:18:13");
INSERT INTO group_student VALUES("GS59a559dad2c5e6.67095694","GI59929368d03be3.09827377","US599fb3c76a2705.37462250","2017-08-29 18:11:06");
INSERT INTO group_student VALUES("GS599fb3de9c69f7.50556244","GI599299443d1c00.75867118","US599fb3c76a2705.37462250","2017-08-25 11:21:34");
INSERT INTO group_student VALUES("GS599d52ceaf3484.56577194","GI59929368d03be3.09827377","US5985c03ababcf003612666","2017-08-23 16:02:54");
INSERT INTO group_student VALUES("GS599d52bff0b913.15034176","GI599111e3c166f2.01361657","US5985c12ec0a62122183433","2017-08-23 16:02:39");
INSERT INTO group_student VALUES("GS599d1bf8221c73.34186872","GI599140f185f2b1.01415981","US5985c12ec0a62122183433","2017-08-23 12:08:56");
INSERT INTO group_student VALUES("GS599d1bd13232b4.32866205","GI599140ad882859.70165903","US5985c03ababcf003612666","2017-08-23 12:08:17");
INSERT INTO group_student VALUES("GS59ba9035cd9fc3.02692098","GI59ba8faf6fb892.37597314","US59ba901e7be934.68232321","2017-09-14 20:20:37");
INSERT INTO group_student VALUES("GS59ad50eee77624.88249840","GI59ac10cc74e388.13221334","US59ad50dd140745.24244826","2017-09-04 19:11:10");
INSERT INTO group_student VALUES("GS59ad514ba67eb1.00905385","GI59ac0e57dddae8.55362566","US59ad5134a6bb18.10632279","2017-09-04 19:12:43");
INSERT INTO group_student VALUES("GS59ae8991335eb3.67489563","GI59ac10cc74e388.13221334","US59ac0739cea3f3.41924627","2017-09-05 17:25:05");
INSERT INTO group_student VALUES("GS59aeaaba7e25a8.31344850","GI59ac0e57dddae8.55362566","US59aeaa94525328.23579708","2017-09-05 19:46:34");
INSERT INTO group_student VALUES("GS59afdcf05de6f3.71116920","GI59afdc794a86c8.76368013","US59afdaef859426.72539862","2017-09-06 17:33:04");
INSERT INTO group_student VALUES("GS59afdcffcbba22.96808471","GI59afdc794a86c8.76368013","US59ac111453e868.28015852","2017-09-06 17:33:19");
INSERT INTO group_student VALUES("GS59afdd07c33977.02870946","GI59afdc794a86c8.76368013","US5985c1aa5d16e488712303","2017-09-06 17:33:27");
INSERT INTO group_student VALUES("GS59afde2bcbab95.62014144","GI59929456b851f5.53292245","US59afde10c892b8.75175782","2017-09-06 17:38:19");
INSERT INTO group_student VALUES("GS59afde4b99cb45.32962250","GI599062c1f1eaa7.71288858","US598c22dc762ba836756417","2017-09-06 17:38:51");
INSERT INTO group_student VALUES("GS59b7a7d9a4ee45.59868882","GI59929368d03be3.09827377","US59ac0a2f0b6623.14189239","2017-09-12 15:24:41");
INSERT INTO group_student VALUES("GS59afee5585aae7.43885294","GI59929368d03be3.09827377","US598841aac259a707466705","2017-09-06 18:47:17");
INSERT INTO group_student VALUES("GS59b1217b6b6256.31157819","GI59afdc794a86c8.76368013","US59b1216bb04534.67407707","2017-09-07 16:37:47");
INSERT INTO group_student VALUES("GS59b122dc778002.70080941","GI599070f6370c53.49668433","US59b122b8431c99.19083022","2017-09-07 16:43:40");
INSERT INTO group_student VALUES("GS59e5d5505f1512.11145120","GI59929368d03be3.09827377","US59e5d510a8a928.24712760","2017-10-17 16:02:56");
INSERT INTO group_student VALUES("GS59bd103fceab72.79949710","GI59ba8faf6fb892.37597314","US59bd1018c3c961.30793094","2017-09-16 17:51:27");
INSERT INTO group_student VALUES("GS59bd10779f3245.33737954","GI59929456b851f5.53292245","US59bd1018c3c961.30793094","2017-09-16 17:52:23");
INSERT INTO group_student VALUES("GS59c0e20804a618.56248751","GI59ba8faf6fb892.37597314","US59bd1157ec5292.26421405","2017-09-19 15:23:20");
INSERT INTO group_student VALUES("GS59bd1667a23098.36472042","GI599299443d1c00.75867118","US5985c2b68edfc766823396","2017-09-16 18:17:43");
INSERT INTO group_student VALUES("GS59bf7e47634149.84308930","GI59ba8faf6fb892.37597314","US59bf7e29a90a18.55755906","2017-09-18 14:05:27");
INSERT INTO group_student VALUES("GS59bf8393903326.80112657","GI5991404e040b49.10827847","US59bf8381092e81.83889127","2017-09-18 14:28:03");
INSERT INTO group_student VALUES("GS59bf9cf8468138.09411386","GI599140ad882859.70165903","US59bf9ce149c5b2.90105243","2017-09-18 16:16:24");
INSERT INTO group_student VALUES("GS59bfc1e2c6eae3.76390767","GI599140f185f2b1.01415981","US5985c2cff290c469198689","2017-09-18 18:53:54");
INSERT INTO group_student VALUES("GS59c2770560cdc2.27711521","GI599140ad882859.70165903","US59c276ec8cbd96.54459379","2017-09-20 20:11:17");
INSERT INTO group_student VALUES("GS59c3b722333254.44214429","GI599111e3c166f2.01361657","US59c3b6ffb2a223.12795377","2017-09-21 18:57:06");
INSERT INTO group_student VALUES("GS59c3d30bd96d69.83634472","GI59afdc794a86c8.76368013","US59bf8381092e81.83889127","2017-09-21 20:56:11");
INSERT INTO group_student VALUES("GS59c6356d601cd2.62153878","GI59929456b851f5.53292245","US59c63532c61154.98387788","2017-09-23 16:20:29");
INSERT INTO group_student VALUES("GS59d63062834181.35048200","GI59d62296621754.81072183","US59c901d4d38b76.07743701","2017-10-05 19:15:14");
INSERT INTO group_student VALUES("GS59d6306c8b6f56.45893322","GI59d62296621754.81072183","US59ca508fa8b0a5.38524281","2017-10-05 19:15:24");
INSERT INTO group_student VALUES("GS59ca49bb289357.16774633","GI59afdc794a86c8.76368013","US59ca49990fcca2.56136050","2017-09-26 18:36:11");
INSERT INTO group_student VALUES("GS59ca4e49ee7178.39905989","GI59afdc794a86c8.76368013","US59ca4e2a2bbdb6.54878826","2017-09-26 18:55:37");
INSERT INTO group_student VALUES("GS59ca50cbe0e394.34469446","GI59929456b851f5.53292245","US59ca508fa8b0a5.38524281","2017-09-26 19:06:19");
INSERT INTO group_student VALUES("GS59e4a2750be131.35358252","GI5991404e040b49.10827847","US59ce469edd8536.42325542","2017-10-16 18:13:41");
INSERT INTO group_student VALUES("GS59ce46b3e2cd64.22567043","GI59afdc794a86c8.76368013","US59ce469edd8536.42325542","2017-09-29 19:12:19");
INSERT INTO group_student VALUES("GS59e4a2c0182b88.63086241","GI599070f6370c53.49668433","US59d640b3e0d2c1.24882148","2017-10-16 18:14:56");
INSERT INTO group_student VALUES("GS59e1e85832d994.34564283","GI59929368d03be3.09827377","US59e1e82ddc63b1.94159594","2017-10-14 16:35:04");
INSERT INTO group_student VALUES("GS59d21f6916d8f8.66065845","GI59ac10cc74e388.13221334","US5985c1d356320316320740","2017-10-02 17:13:45");
INSERT INTO group_student VALUES("GS59d2234ede52a5.43576257","GI59d22323a91bc7.30981035","US5985cba14b8d3100168809","2017-10-02 17:30:22");
INSERT INTO group_student VALUES("GS59d2452fdef5b6.11184528","GI599299443d1c00.75867118","US59ac0df47c33f2.32375704","2017-10-02 19:54:55");



DROP TABLE news;

CREATE TABLE `news` (
  `type` varchar(7) NOT NULL,
  `content` text,
  `last_updated_date` date NOT NULL,
  PRIMARY KEY (`type`)
) ENGINE=InnoDB DEFAULT CHARSET=utf8;

INSERT INTO news VALUES("teacher","<p>asdfasdf</p><h1>Lorem ipsum dolor sit amet, consectetur adipisicing elit, sed do eiusmod tempor incididunt ut labore et dolore magna aliqua. Ut enim ad minim veniam, quis nostrud exercitation ullamco laboris nisi ut aliquip ex ea commodo consequat. Duis aute irure dolor in reprehenderit in voluptate velit esse cillum dolore eu f<img src=\"https://i.froala.com/download/b6a5677f6e863eb5b484b582899ddeace160974b.jpg?1507712090\" style=\"width: 300px;\" class=\"fr-fic fr-draggable fr-dii fr-fir\">ugiat nulla pariatur. Excepteur sint occaecat cupidatat non proident, sunt in culpa qui officia deserunt mollit anim id est laborum.</h1>","2017-10-11");



DROP TABLE parent;

CREATE TABLE `parent` (
  `parent_num` varchar(30) COLLATE utf8_unicode_ci NOT NULL,
  `name` varchar(50) COLLATE utf8_unicode_ci NOT NULL,
  `surname` varchar(50) COLLATE utf8_unicode_ci NOT NULL,
  `phone` varchar(10) COLLATE utf8_unicode_ci NOT NULL,
  PRIMARY KEY (`parent_num`),
  UNIQUE KEY `phone` (`phone`)
) ENGINE=MyISAM DEFAULT CHARSET=utf8 COLLATE=utf8_unicode_ci;

INSERT INTO parent VALUES("P59dc9c26e89ea2.66930554","Перизат","Арысбаева","7074351992");
INSERT INTO parent VALUES("P59d8b6eea4b182.46801280","Әбу","Әсілбеков","7473135375");
INSERT INTO parent VALUES("P59dc9d5ddc44e3.26990237","Айткамал","Мынбаева","7775988403");
INSERT INTO parent VALUES("P59dc9e25ad4510.41730799","Фарида","Қадырбаева","7473800696");
INSERT INTO parent VALUES("P59dc9e66c05739.91944068","Мадина ","Шингисова","7773988982");
INSERT INTO parent VALUES("P59e09beac76b48.32387433","Қарлыға","Сагирбаева ","7013578511");
INSERT INTO parent VALUES("P59dca079725000.05108795","Құралай ","Ғалиева","7027215078");
INSERT INTO parent VALUES("P59dca0c36171c6.35398032","Жанар","Мұхамедиярова","7074853643");
INSERT INTO parent VALUES("P59dca3411b5e91.32516825","Ляйля","Башкеева","7471795207");
INSERT INTO parent VALUES("P59dca472e6f083.50036679","Жанар","Бескемпирова","7052103658");
INSERT INTO parent VALUES("P59dca4cdec0068.86976085","Дариға","Нұрпейіс","7023193163");
INSERT INTO parent VALUES("P59dca5d010be34.99993393","Назиза","Ахметова","7775253640");
INSERT INTO parent VALUES("P59dca78af06a73.18466505","Раушан","Иманбет","7051891273");
INSERT INTO parent VALUES("P59dca866e37761.80159650","Мейіржан","Сұлтанбаев","7018008084");
INSERT INTO parent VALUES("P59dca9a0a867a0.63810575","Жангүл","Курманкулова","7475571786");
INSERT INTO parent VALUES("P59dcab348fda19.61011420","Алмагүл","Жолдасбаева","7057301348");
INSERT INTO parent VALUES("P59dcab85804980.38480028","Лаура","Курмангалиева","7080505317");
INSERT INTO parent VALUES("P59dcabaeb53192.08099404","Самал","Тапеева","7771255425");
INSERT INTO parent VALUES("P59dcac939e9312.91683555","Нұрбала","Мырзахметова","7022504837");
INSERT INTO parent VALUES("P59dcacc487bfb8.94410635","Серикулова","Гүлназ","7072045545");
INSERT INTO parent VALUES("P59dcad20762b79.13822382","Айман","Кусаинова","7012506330");
INSERT INTO parent VALUES("P59dcad5be9bde8.97785343","Гүлдаш","Иса","7014050824");
INSERT INTO parent VALUES("P59dcad9bd55422.41081230","Жанар","Омарбекова","7717811020");
INSERT INTO parent VALUES("P59dcadcc605c98.54291527","Айжан","Ракишева","7076116087");
INSERT INTO parent VALUES("P59dcae00ee5cd1.43635402","Ықылас","Ақпанбетов","7772823573");
INSERT INTO parent VALUES("P59dcae4d9f6cd6.32342858","Гүлназ","Маталипова","7021175788");
INSERT INTO parent VALUES("P59dcaec5a0c9a9.19183104","Гүлнұр","Сейдуллаева","7077795698");
INSERT INTO parent VALUES("P59dcaf01c642e4.39286585","Гуля","Ақылбаева","7072888612");
INSERT INTO parent VALUES("P59dcaf34bb19d6.75411108","Гюльнара","Балғазина","7479788073");
INSERT INTO parent VALUES("P59dcb49a99bf69.95825937","Гульфира","Жакишова","7076882820");
INSERT INTO parent VALUES("P59dcb4cebd3534.70703054","Самал","Ахметбекова","7787111116");
INSERT INTO parent VALUES("P59dcb522f0e3a6.20967556","Айбала","Ахметова","7024161324");
INSERT INTO parent VALUES("P59dcb565de7bd6.42422458","Сәуле","Қабдыкешова","7476729839");
INSERT INTO parent VALUES("P59dcb672e7f900.73206842","Алмагүл","Аккесина","7052163637");
INSERT INTO parent VALUES("P59dcb6fc54c4c9.12826543","Айнұр","Кутжанова","7015262457");
INSERT INTO parent VALUES("P59dcba65243b26.58921784","Қарлыға ","Сагирбаева","7076121422");
INSERT INTO parent VALUES("P59dcbaec5c5725.54424527","Анар","Малтабарова","7478155600");
INSERT INTO parent VALUES("P59dcbb6fe94fa7.57390853","Алия","Таукенова","7072401004");
INSERT INTO parent VALUES("P59dcbbc17b2156.18103014","Қайрат","Бибатыров","7011822121");
INSERT INTO parent VALUES("P59dcbcb78c15c2.79080604","Ғалия","Мұхажанова","7077461749");
INSERT INTO parent VALUES("P59dcbd5a474c70.85261219","Айнұр","Молдатаева","7080427777");
INSERT INTO parent VALUES("P59dcbde28101c7.24938590","Айгуль","Удербаева","7019515876");
INSERT INTO parent VALUES("P59dcbe4af1b586.39864043","Раушан","Нысанбаева","7054475060");
INSERT INTO parent VALUES("P59dcbe7590d9f7.83015487","Ақбаян","Мырзахметова","7471842437");
INSERT INTO parent VALUES("P59dcbea54db869.70369593","Бейбітгуль","Бейсекбекова","7076753101");
INSERT INTO parent VALUES("P59dcbf129d46c0.44493501","Толықбаева","Гүлім","7477067834");
INSERT INTO parent VALUES("P59dcbf8549a483.55151169","Ақмарал","Айдарбекова","7026119157");
INSERT INTO parent VALUES("P59dcbfc1a24a90.16723584","Зәмзәгүл","Кенжеғұлова","7023093158");
INSERT INTO parent VALUES("P59dcbfed231995.41288355","Қымбат","Зульпатова","7024441050");
INSERT INTO parent VALUES("P59dcc0156c8dc7.98364649","Жанат","Айтенова","7071611011");
INSERT INTO parent VALUES("P59dcc0b1c43c98.32002832","Ғалия ","Әріпханова","7789531449");
INSERT INTO parent VALUES("P59dcc0d71b0382.74992833","Гульмира","Смагулова","7078359305");
INSERT INTO parent VALUES("P59dcc1bca10520.54872424","Гүлфанис","Әбдікерова","7015527507");
INSERT INTO parent VALUES("P59dcc2a3cfe6a0.75625180","Гүлжан","Сұлтанова","7077309095");
INSERT INTO parent VALUES("P59dcc47ea43f27.94567874","Гульдана","Куаналиева","7010555110");



DROP TABLE progress_group;

CREATE TABLE `progress_group` (
  `progress_group_num` varchar(30) COLLATE utf8_unicode_ci NOT NULL,
  `group_info_num` varchar(30) COLLATE utf8_unicode_ci NOT NULL,
  `created_date` date NOT NULL,
  PRIMARY KEY (`progress_group_num`)
) ENGINE=MyISAM DEFAULT CHARSET=utf8 COLLATE=utf8_unicode_ci;

INSERT INTO progress_group VALUES("PG59a50c548b6ca4.95819462","GI599140f185f2b1.01415981","2017-08-09");
INSERT INTO progress_group VALUES("PG59a50c2ba08db8.35855744","GI599140f185f2b1.01415981","2017-08-07");
INSERT INTO progress_group VALUES("PG59a50bef312328.36472212","GI599140ad882859.70165903","2017-08-28");
INSERT INTO progress_group VALUES("PG59a50baef05e98.56528112","GI599140ad882859.70165903","2017-08-25");
INSERT INTO progress_group VALUES("PG59a50b688f4209.27021487","GI599140ad882859.70165903","2017-08-23");
INSERT INTO progress_group VALUES("PG59a50a63b35563.15139184","GI599140ad882859.70165903","2017-08-21");
INSERT INTO progress_group VALUES("PG59a50a2b4628f6.89269605","GI599140ad882859.70165903","2017-08-18");
INSERT INTO progress_group VALUES("PG59a509d3619601.57734383","GI599140ad882859.70165903","2017-08-16");
INSERT INTO progress_group VALUES("PG59a5096962e943.85387909","GI599140ad882859.70165903","2017-08-14");
INSERT INTO progress_group VALUES("PG59a5093ca38d78.54560083","GI599140ad882859.70165903","2017-08-11");
INSERT INTO progress_group VALUES("PG59a50921c8bf19.16035015","GI599140ad882859.70165903","2017-08-09");
INSERT INTO progress_group VALUES("PG59a508f60d7c28.04098205","GI599140ad882859.70165903","2017-08-07");
INSERT INTO progress_group VALUES("PG59a3fc146c0bf5.12270162","GI599070f6370c53.49668433","2017-08-07");
INSERT INTO progress_group VALUES("PG59a3e113a62007.97706192","GI5991404e040b49.10827847","2017-08-28");
INSERT INTO progress_group VALUES("PG59a3d13cec8774.52519596","GI599070f6370c53.49668433","2017-08-28");
INSERT INTO progress_group VALUES("PG59a3d16c1e6e50.29408327","GI599070f6370c53.49668433","2017-08-29");
INSERT INTO progress_group VALUES("PG59a50c7f77b064.09961957","GI599140f185f2b1.01415981","2017-08-11");
INSERT INTO progress_group VALUES("PG59a50cb705da47.99031359","GI599140f185f2b1.01415981","2017-08-14");
INSERT INTO progress_group VALUES("PG59a50ce1b09627.94280678","GI599140f185f2b1.01415981","2017-08-16");
INSERT INTO progress_group VALUES("PG59a50d0d7e8287.26234169","GI599140f185f2b1.01415981","2017-08-18");
INSERT INTO progress_group VALUES("PG59a50d6f339653.09362049","GI599140f185f2b1.01415981","2017-08-21");
INSERT INTO progress_group VALUES("PG59a50da76791d7.29452162","GI599140f185f2b1.01415981","2017-08-23");
INSERT INTO progress_group VALUES("PG59a50dd2a42cd1.89933614","GI599140f185f2b1.01415981","2017-08-25");
INSERT INTO progress_group VALUES("PG59a50df8a82828.83319694","GI599140f185f2b1.01415981","2017-08-28");
INSERT INTO progress_group VALUES("PG59a5105b53a502.36539897","GI599062c1f1eaa7.71288858","2017-08-08");
INSERT INTO progress_group VALUES("PG59a5109cb1a263.19150929","GI599062c1f1eaa7.71288858","2017-08-10");
INSERT INTO progress_group VALUES("PG59a7d3d3391048.39170579","GI599062c1f1eaa7.71288858","2017-08-31");
INSERT INTO progress_group VALUES("PG59a5251a7ada46.28480374","GI59929368d03be3.09827377","2017-08-29");
INSERT INTO progress_group VALUES("PG59a5259f30f128.86508925","GI59929368d03be3.09827377","2017-08-08");
INSERT INTO progress_group VALUES("PG59a525c0350df6.62513421","GI59929368d03be3.09827377","2017-08-10");
INSERT INTO progress_group VALUES("PG59a525f7407cc9.85086412","GI59929368d03be3.09827377","2017-08-12");
INSERT INTO progress_group VALUES("PG59a526492127a6.13237107","GI59929368d03be3.09827377","2017-08-15");
INSERT INTO progress_group VALUES("PG59a526a7d99314.68133612","GI59929368d03be3.09827377","2017-08-17");
INSERT INTO progress_group VALUES("PG59a527207c9e77.46222135","GI59929368d03be3.09827377","2017-08-19");
INSERT INTO progress_group VALUES("PG59a52775c0bb90.06927816","GI59929368d03be3.09827377","2017-08-22");
INSERT INTO progress_group VALUES("PG59a527f81f64d5.26172708","GI59929368d03be3.09827377","2017-08-24");
INSERT INTO progress_group VALUES("PG59a5281f4dc508.57282814","GI59929368d03be3.09827377","2017-08-26");
INSERT INTO progress_group VALUES("PG59a529973f6f92.38042406","GI5991404e040b49.10827847","2017-08-07");
INSERT INTO progress_group VALUES("PG59a529a95c6d04.24218541","GI5991404e040b49.10827847","2017-08-09");
INSERT INTO progress_group VALUES("PG59a529bcc5f858.03223946","GI5991404e040b49.10827847","2017-08-11");
INSERT INTO progress_group VALUES("PG59a529d7502e76.34145404","GI5991404e040b49.10827847","2017-08-14");
INSERT INTO progress_group VALUES("PG59a529f30b29d9.12819025","GI5991404e040b49.10827847","2017-08-16");
INSERT INTO progress_group VALUES("PG59a52a25332394.09357289","GI5991404e040b49.10827847","2017-08-18");
INSERT INTO progress_group VALUES("PG59a52a467f2323.40976565","GI5991404e040b49.10827847","2017-08-21");
INSERT INTO progress_group VALUES("PG59a52a6123d354.07294208","GI5991404e040b49.10827847","2017-08-23");
INSERT INTO progress_group VALUES("PG59a52a997c1128.01028822","GI5991404e040b49.10827847","2017-08-25");
INSERT INTO progress_group VALUES("PG59a53631b139b6.24458327","GI599111e3c166f2.01361657","2017-08-29");
INSERT INTO progress_group VALUES("PG59a538163e3a14.96806924","GI599070f6370c53.49668433","2017-08-09");
INSERT INTO progress_group VALUES("PG59a5383f400cc4.98556946","GI599070f6370c53.49668433","2017-08-11");
INSERT INTO progress_group VALUES("PG59a53874ce5660.88131068","GI599070f6370c53.49668433","2017-08-14");
INSERT INTO progress_group VALUES("PG59a538db7fcec0.33726153","GI599070f6370c53.49668433","2017-08-16");
INSERT INTO progress_group VALUES("PG59a54f0ccb25d1.63916811","GI599062c1f1eaa7.71288858","2017-08-12");
INSERT INTO progress_group VALUES("PG59a54f303895b1.43723934","GI599070f6370c53.49668433","2017-08-18");
INSERT INTO progress_group VALUES("PG59a54fbba6d932.88291522","GI599070f6370c53.49668433","2017-08-21");
INSERT INTO progress_group VALUES("PG59a5502542abd2.04977165","GI599062c1f1eaa7.71288858","2017-08-15");
INSERT INTO progress_group VALUES("PG59a55053b56c14.99677159","GI599070f6370c53.49668433","2017-08-23");
INSERT INTO progress_group VALUES("PG59a5508a9cdcb1.19848472","GI599070f6370c53.49668433","2017-08-25");
INSERT INTO progress_group VALUES("PG59ad2764608dc5.77174777","GI599140ad882859.70165903","2017-09-04");
INSERT INTO progress_group VALUES("PG59a551992c45f0.26448985","GI599062c1f1eaa7.71288858","2017-08-17");
INSERT INTO progress_group VALUES("PG59a551fae28e08.69126656","GI599062c1f1eaa7.71288858","2017-08-19");
INSERT INTO progress_group VALUES("PG59a552c60e0617.11985409","GI599062c1f1eaa7.71288858","2017-08-22");
INSERT INTO progress_group VALUES("PG59a5536ea6e666.33614784","GI599062c1f1eaa7.71288858","2017-08-24");
INSERT INTO progress_group VALUES("PG59a553b0663db1.26074981","GI599062c1f1eaa7.71288858","2017-08-26");
INSERT INTO progress_group VALUES("PG59a553bcefe4c2.07502278","GI599111e3c166f2.01361657","2017-08-26");
INSERT INTO progress_group VALUES("PG59a55463105d52.09912901","GI599062c1f1eaa7.71288858","2017-08-29");
INSERT INTO progress_group VALUES("PG59a554afa51c22.42874755","GI59929456b851f5.53292245","2017-08-08");
INSERT INTO progress_group VALUES("PG59a554d2391354.07802069","GI59929456b851f5.53292245","2017-08-10");
INSERT INTO progress_group VALUES("PG59a55530e61f66.43879628","GI59929456b851f5.53292245","2017-08-12");
INSERT INTO progress_group VALUES("PG59a5557d031669.89537457","GI599111e3c166f2.01361657","2017-08-24");
INSERT INTO progress_group VALUES("PG59a555895f5c50.21797074","GI59929456b851f5.53292245","2017-08-15");
INSERT INTO progress_group VALUES("PG59a555b6042c57.66714041","GI59929456b851f5.53292245","2017-08-17");
INSERT INTO progress_group VALUES("PG59a555c5bb33f6.45169610","GI599111e3c166f2.01361657","2017-08-22");
INSERT INTO progress_group VALUES("PG59a555f1b80081.89584503","GI59929456b851f5.53292245","2017-08-19");
INSERT INTO progress_group VALUES("PG59a5560a03bcd2.28749915","GI599111e3c166f2.01361657","2017-08-19");
INSERT INTO progress_group VALUES("PG59a556476b4d44.01305827","GI59929456b851f5.53292245","2017-08-22");
INSERT INTO progress_group VALUES("PG59a556a6a990b8.66320072","GI59929456b851f5.53292245","2017-08-24");
INSERT INTO progress_group VALUES("PG59a5570230ce26.30240183","GI59929456b851f5.53292245","2017-08-26");
INSERT INTO progress_group VALUES("PG59a557390699a6.33883770","GI59929456b851f5.53292245","2017-08-29");
INSERT INTO progress_group VALUES("PG59a55742efe450.92522941","GI599111e3c166f2.01361657","2017-08-17");
INSERT INTO progress_group VALUES("PG59a557d2696784.93194816","GI599111e3c166f2.01361657","2017-08-15");
INSERT INTO progress_group VALUES("PG59a5584d8483b7.23753142","GI599111e3c166f2.01361657","2017-08-12");
INSERT INTO progress_group VALUES("PG59a558b2a1fa44.71152712","GI599111e3c166f2.01361657","2017-08-10");
INSERT INTO progress_group VALUES("PG59a558d4d6d543.58007449","GI599111e3c166f2.01361657","2017-08-08");
INSERT INTO progress_group VALUES("PG59a7d69f369294.80882169","GI59929368d03be3.09827377","2017-08-31");
INSERT INTO progress_group VALUES("PG59a7d6f15b36b4.10403617","GI599111e3c166f2.01361657","2017-08-31");
INSERT INTO progress_group VALUES("PG59a7da14d45e95.97534732","GI59929456b851f5.53292245","2017-08-31");
INSERT INTO progress_group VALUES("PG59ad4106e6de82.35806830","GI59ac0e57dddae8.55362566","2017-09-04");
INSERT INTO progress_group VALUES("PG59ad448ed4f8a1.37393936","GI599070f6370c53.49668433","2017-09-04");
INSERT INTO progress_group VALUES("PG59ad44b54d8952.82043432","GI5991404e040b49.10827847","2017-09-04");
INSERT INTO progress_group VALUES("PG59ad5b68d15498.18601440","GI599140f185f2b1.01415981","2017-09-04");
INSERT INTO progress_group VALUES("PG59ae7f039a8447.21495873","GI599062c1f1eaa7.71288858","2017-09-05");
INSERT INTO progress_group VALUES("PG59cb7fc9679351.62568778","GI599140ad882859.70165903","2017-09-27");
INSERT INTO progress_group VALUES("PG59ae9aed12dd73.78235250","GI59929368d03be3.09827377","2017-09-05");
INSERT INTO progress_group VALUES("PG59ae9b2a5ce0d5.67201098","GI599111e3c166f2.01361657","2017-09-05");
INSERT INTO progress_group VALUES("PG59aea4127b8f10.20497988","GI59929456b851f5.53292245","2017-09-05");
INSERT INTO progress_group VALUES("PG59aea61ad6ec49.45305574","GI59ac10cc74e388.13221334","2017-09-05");
INSERT INTO progress_group VALUES("PG59afda120ff3f4.13077511","GI599070f6370c53.49668433","2017-09-06");
INSERT INTO progress_group VALUES("PG59afdcf3620b95.72651290","GI59ac0e57dddae8.55362566","2017-09-06");
INSERT INTO progress_group VALUES("PG59afe602631368.30922784","GI599140ad882859.70165903","2017-09-06");
INSERT INTO progress_group VALUES("PG59afefea80ef36.73318080","GI599140f185f2b1.01415981","2017-09-06");
INSERT INTO progress_group VALUES("PG59b001cc0f5ec1.62825752","GI5991404e040b49.10827847","2017-09-06");
INSERT INTO progress_group VALUES("PG59b139a4526807.48139249","GI59929368d03be3.09827377","2017-09-07");
INSERT INTO progress_group VALUES("PG59b13b8bad7df1.08644989","GI599062c1f1eaa7.71288858","2017-09-07");
INSERT INTO progress_group VALUES("PG59b13bc7dacad8.13286041","GI59929456b851f5.53292245","2017-09-07");
INSERT INTO progress_group VALUES("PG59b13da4ed1754.66600828","GI59afdc794a86c8.76368013","2017-09-07");
INSERT INTO progress_group VALUES("PG59b13ddca50cf1.02424936","GI59ac10cc74e388.13221334","2017-09-07");
INSERT INTO progress_group VALUES("PG59b144f2080cb2.95271286","GI599111e3c166f2.01361657","2017-09-07");
INSERT INTO progress_group VALUES("PG59b28a54c4b192.62180607","GI599140ad882859.70165903","2017-09-08");
INSERT INTO progress_group VALUES("PG59b2923261a789.54101006","GI59ac0e57dddae8.55362566","2017-09-08");
INSERT INTO progress_group VALUES("PG59b298428655d3.90439122","GI599070f6370c53.49668433","2017-09-08");
INSERT INTO progress_group VALUES("PG59b29869a29a71.52347747","GI5991404e040b49.10827847","2017-09-08");
INSERT INTO progress_group VALUES("PG59b2a62566ad32.11696387","GI599140f185f2b1.01415981","2017-09-08");
INSERT INTO progress_group VALUES("PG59b3c28a27cb37.30420233","GI59929368d03be3.09827377","2017-09-09");
INSERT INTO progress_group VALUES("PG59b3ca5a2b3614.73322848","GI599062c1f1eaa7.71288858","2017-09-09");
INSERT INTO progress_group VALUES("PG59b3dcf58899d1.66566553","GI59929456b851f5.53292245","2017-09-09");
INSERT INTO progress_group VALUES("PG59b3de2a6521e1.47835216","GI599111e3c166f2.01361657","2017-09-09");
INSERT INTO progress_group VALUES("PG59b66617d06b49.94637279","GI599140ad882859.70165903","2017-09-11");
INSERT INTO progress_group VALUES("PG59b67a77f41854.49639005","GI59ac0e57dddae8.55362566","2017-09-11");
INSERT INTO progress_group VALUES("PG59b6945604bc47.05738245","GI599070f6370c53.49668433","2017-09-11");
INSERT INTO progress_group VALUES("PG59b6947b6e3c65.44696156","GI5991404e040b49.10827847","2017-09-11");
INSERT INTO progress_group VALUES("PG59b7d619ee14f8.44254217","GI599062c1f1eaa7.71288858","2017-09-12");
INSERT INTO progress_group VALUES("PG59b7d6353e1745.73202316","GI59929456b851f5.53292245","2017-09-12");
INSERT INTO progress_group VALUES("PG59b7ef62164544.85376320","GI599111e3c166f2.01361657","2017-09-12");
INSERT INTO progress_group VALUES("PG59b7ef8aa1e713.98397454","GI59929368d03be3.09827377","2017-09-12");
INSERT INTO progress_group VALUES("PG59b919a7657442.93257050","GI59ac0e57dddae8.55362566","2017-09-13");
INSERT INTO progress_group VALUES("PG59b91ef07b8970.47216625","GI599140ad882859.70165903","2017-09-13");
INSERT INTO progress_group VALUES("PG59b937f7146c27.13495167","GI599070f6370c53.49668433","2017-09-13");
INSERT INTO progress_group VALUES("PG59b9381ab5ce21.84934324","GI5991404e040b49.10827847","2017-09-13");
INSERT INTO progress_group VALUES("PG59b940fecd3101.82844396","GI599140f185f2b1.01415981","2017-09-13");
INSERT INTO progress_group VALUES("PG59ba58f153cb84.42533730","GI599062c1f1eaa7.71288858","2017-09-14");
INSERT INTO progress_group VALUES("PG59ba766f451cc2.19929393","GI59929368d03be3.09827377","2017-09-14");
INSERT INTO progress_group VALUES("PG59ba76d9af2861.69905864","GI599111e3c166f2.01361657","2017-09-14");
INSERT INTO progress_group VALUES("PG59ba82ba451c92.63386470","GI59929456b851f5.53292245","2017-09-14");
INSERT INTO progress_group VALUES("PG59bba8bf31d3b4.33406476","GI59ac0e57dddae8.55362566","2017-09-15");
INSERT INTO progress_group VALUES("PG59bbd57943c174.66741732","GI599070f6370c53.49668433","2017-09-15");
INSERT INTO progress_group VALUES("PG59bbd5aeb20771.47425142","GI5991404e040b49.10827847","2017-09-15");
INSERT INTO progress_group VALUES("PG59bbd9f5cfefb1.85061195","GI599140ad882859.70165903","2017-09-15");
INSERT INTO progress_group VALUES("PG59bbda1441d7f4.47537921","GI599140f185f2b1.01415981","2017-09-15");
INSERT INTO progress_group VALUES("PG59bbdb01341315.54232334","GI59ba8faf6fb892.37597314","2017-09-15");
INSERT INTO progress_group VALUES("PG59bd0f6dab5f54.74102077","GI599062c1f1eaa7.71288858","2017-09-16");
INSERT INTO progress_group VALUES("PG59bd2a74422689.19885822","GI59929368d03be3.09827377","2017-09-16");
INSERT INTO progress_group VALUES("PG59bd2ad0765679.52945136","GI599111e3c166f2.01361657","2017-09-16");
INSERT INTO progress_group VALUES("PG59bd2f71144770.31305472","GI59929456b851f5.53292245","2017-09-16");
INSERT INTO progress_group VALUES("PG59bfa3dd809872.37462997","GI599070f6370c53.49668433","2017-09-18");
INSERT INTO progress_group VALUES("PG59bfa62faf3e58.94093008","GI59ac0e57dddae8.55362566","2017-09-18");
INSERT INTO progress_group VALUES("PG59bfa98f0a3b14.40416408","GI599140ad882859.70165903","2017-09-18");
INSERT INTO progress_group VALUES("PG59bfc394147580.97781286","GI599140f185f2b1.01415981","2017-09-18");
INSERT INTO progress_group VALUES("PG59bfdbd5e45966.24546537","GI5991404e040b49.10827847","2017-09-18");
INSERT INTO progress_group VALUES("PG59bfdd699c0c58.94663520","GI59ba8faf6fb892.37597314","2017-09-18");
INSERT INTO progress_group VALUES("PG59c0fbcf5a7ce4.20828664","GI59afdc794a86c8.76368013","2017-09-19");
INSERT INTO progress_group VALUES("PG59c0ff783539c8.70464436","GI59929368d03be3.09827377","2017-09-19");
INSERT INTO progress_group VALUES("PG59c11834bef9c7.55368551","GI59ac10cc74e388.13221334","2017-09-19");
INSERT INTO progress_group VALUES("PG59c1207a448b41.12552712","GI59929456b851f5.53292245","2017-09-19");
INSERT INTO progress_group VALUES("PG59c12100dbd2a3.51116648","GI599062c1f1eaa7.71288858","2017-09-19");
INSERT INTO progress_group VALUES("PG59c268442db158.61959859","GI599140ad882859.70165903","2017-09-20");
INSERT INTO progress_group VALUES("PG59c2686c4d25e7.87913706","GI599140f185f2b1.01415981","2017-09-20");
INSERT INTO progress_group VALUES("PG59c27beae120f6.26432847","GI5991404e040b49.10827847","2017-09-20");
INSERT INTO progress_group VALUES("PG59c387d8079493.47019516","GI59ac0e57dddae8.55362566","2017-09-21");
INSERT INTO progress_group VALUES("PG59c39e2cee3857.49029849","GI59ba8faf6fb892.37597314","2017-09-21");
INSERT INTO progress_group VALUES("PG59c3ab61b3d002.65376573","GI599062c1f1eaa7.71288858","2017-09-21");
INSERT INTO progress_group VALUES("PG59c3b9f6880276.91580964","GI59929456b851f5.53292245","2017-09-21");
INSERT INTO progress_group VALUES("PG59c3bde1187872.18613692","GI59929368d03be3.09827377","2017-09-21");
INSERT INTO progress_group VALUES("PG59c3be329cc8e9.05356329","GI599111e3c166f2.01361657","2017-09-21");
INSERT INTO progress_group VALUES("PG59c3c5418bab52.39403550","GI59ac10cc74e388.13221334","2017-09-21");
INSERT INTO progress_group VALUES("PG59c3c556e33bf6.90908865","GI59afdc794a86c8.76368013","2017-09-21");
INSERT INTO progress_group VALUES("PG59c4fed249d715.75263928","GI59ac0e57dddae8.55362566","2017-09-22");
INSERT INTO progress_group VALUES("PG59c50f58000fb2.07977461","GI599140ad882859.70165903","2017-09-22");
INSERT INTO progress_group VALUES("PG59c50f83161090.06950705","GI599140f185f2b1.01415981","2017-09-22");
INSERT INTO progress_group VALUES("PG59c51c10923638.69199218","GI59ba8faf6fb892.37597314","2017-09-22");
INSERT INTO progress_group VALUES("PG59c51c40d8e4c7.14637639","GI599070f6370c53.49668433","2017-09-22");
INSERT INTO progress_group VALUES("PG59c51c67b43416.58511236","GI5991404e040b49.10827847","2017-09-22");
INSERT INTO progress_group VALUES("PG59c63ad74897a0.92770107","GI59929368d03be3.09827377","2017-09-23");
INSERT INTO progress_group VALUES("PG59c63f2ec76bd8.36499854","GI599062c1f1eaa7.71288858","2017-09-23");
INSERT INTO progress_group VALUES("PG59c6617688df96.86605756","GI59929456b851f5.53292245","2017-09-23");
INSERT INTO progress_group VALUES("PG59c66dd92e5897.85607392","GI599111e3c166f2.01361657","2017-09-23");
INSERT INTO progress_group VALUES("PG59c8dba4f0d6d0.16285251","GI599140ad882859.70165903","2017-09-25");
INSERT INTO progress_group VALUES("PG59c9012432e624.65252793","GI599070f6370c53.49668433","2017-09-25");
INSERT INTO progress_group VALUES("PG59c9014cd92d44.22799143","GI5991404e040b49.10827847","2017-09-25");
INSERT INTO progress_group VALUES("PG59c911dd7ef2c3.06183070","GI59ac0e57dddae8.55362566","2017-09-25");
INSERT INTO progress_group VALUES("PG59c91220dbbfc0.25069371","GI59ba8faf6fb892.37597314","2017-09-25");
INSERT INTO progress_group VALUES("PG59ca4143e37683.38762706","GI599062c1f1eaa7.71288858","2017-09-26");
INSERT INTO progress_group VALUES("PG59ca4f48e34512.67106454","GI59ac10cc74e388.13221334","2017-09-26");
INSERT INTO progress_group VALUES("PG59ca4f7f750ea0.36329337","GI59afdc794a86c8.76368013","2017-09-26");
INSERT INTO progress_group VALUES("PG59ca55c44c2495.45237114","GI59929456b851f5.53292245","2017-09-26");
INSERT INTO progress_group VALUES("PG59ca63068cb3b5.65104928","GI599111e3c166f2.01361657","2017-09-26");
INSERT INTO progress_group VALUES("PG59cbb12b9520e4.27755693","GI599070f6370c53.49668433","2017-09-27");
INSERT INTO progress_group VALUES("PG59cbb15989d914.16336240","GI5991404e040b49.10827847","2017-09-27");
INSERT INTO progress_group VALUES("PG59cbb6ae295b84.84597683","GI599140f185f2b1.01415981","2017-09-27");
INSERT INTO progress_group VALUES("PG59cbc9382a0085.27478566","GI59ac0e57dddae8.55362566","2017-09-27");
INSERT INTO progress_group VALUES("PG59cbc98b55fcf2.94836424","GI59ba8faf6fb892.37597314","2017-09-27");
INSERT INTO progress_group VALUES("PG59cced2ddae585.20637389","GI59929368d03be3.09827377","2017-09-28");
INSERT INTO progress_group VALUES("PG59cceddca8fc30.68329168","GI599111e3c166f2.01361657","2017-09-28");
INSERT INTO progress_group VALUES("PG59ccfd8330a8d2.26535053","GI59ac10cc74e388.13221334","2017-09-28");
INSERT INTO progress_group VALUES("PG59ccfdabadd9c2.12886870","GI59afdc794a86c8.76368013","2017-09-28");
INSERT INTO progress_group VALUES("PG59cd019e5a2060.03140668","GI59929456b851f5.53292245","2017-09-28");
INSERT INTO progress_group VALUES("PG59cd01fd0f7738.70135394","GI599062c1f1eaa7.71288858","2017-09-28");
INSERT INTO progress_group VALUES("PG59ce20bcb221a3.81435025","GI599070f6370c53.49668433","2017-09-29");
INSERT INTO progress_group VALUES("PG59ce2a663910d4.05415412","GI599140ad882859.70165903","2017-09-29");
INSERT INTO progress_group VALUES("PG59ce3bf73e63a5.16520974","GI5991404e040b49.10827847","2017-09-29");
INSERT INTO progress_group VALUES("PG59ce3db9b85d97.32814418","GI59ac0e57dddae8.55362566","2017-09-29");
INSERT INTO progress_group VALUES("PG59ce4feb7ae858.29072915","GI599140f185f2b1.01415981","2017-09-29");
INSERT INTO progress_group VALUES("PG59ce583eb33eb3.48977005","GI59ba8faf6fb892.37597314","2017-09-29");
INSERT INTO progress_group VALUES("PG59cf7f5f6723a8.26554489","GI599062c1f1eaa7.71288858","2017-09-30");
INSERT INTO progress_group VALUES("PG59cf8b14c62f59.71797682","GI59929456b851f5.53292245","2017-09-30");
INSERT INTO progress_group VALUES("PG59cf9145164178.84076372","GI599111e3c166f2.01361657","2017-09-30");
INSERT INTO progress_group VALUES("PG59cf91e0868735.36919276","GI59929368d03be3.09827377","2017-09-30");
INSERT INTO progress_group VALUES("PG59d239529c88e8.15764964","GI5991404e040b49.10827847","2017-10-02");
INSERT INTO progress_group VALUES("PG59d23a297302e2.81184286","GI599070f6370c53.49668433","2017-10-02");
INSERT INTO progress_group VALUES("PG59d23cfa815fa9.77797522","GI599140ad882859.70165903","2017-10-02");
INSERT INTO progress_group VALUES("PG59d23d2245ae69.95422477","GI599140f185f2b1.01415981","2017-10-02");
INSERT INTO progress_group VALUES("PG59d24f833ccac5.55881719","GI59ba8faf6fb892.37597314","2017-10-02");
INSERT INTO progress_group VALUES("PG59d24fdd17aff2.86305936","GI59ac0e57dddae8.55362566","2017-10-02");
INSERT INTO progress_group VALUES("PG59d3787e094fc8.41268051","GI599062c1f1eaa7.71288858","2017-10-03");
INSERT INTO progress_group VALUES("PG59d3833a6f9aa2.65580678","GI59929368d03be3.09827377","2017-10-03");
INSERT INTO progress_group VALUES("PG59d385ce6deed3.32733470","GI599111e3c166f2.01361657","2017-10-03");
INSERT INTO progress_group VALUES("PG59d38603514473.34563284","GI59929456b851f5.53292245","2017-10-03");
INSERT INTO progress_group VALUES("PG59d3995a294801.70471804","GI59ac10cc74e388.13221334","2017-10-03");
INSERT INTO progress_group VALUES("PG59d3999097c142.27265895","GI59afdc794a86c8.76368013","2017-10-03");
INSERT INTO progress_group VALUES("PG59d4b0081ef108.16523038","GI59d22323a91bc7.30981035","2017-10-04");
INSERT INTO progress_group VALUES("PG59d4bde9661345.45106057","GI599140ad882859.70165903","2017-10-04");
INSERT INTO progress_group VALUES("PG59d4ec6b351b25.19147543","GI5991404e040b49.10827847","2017-10-04");
INSERT INTO progress_group VALUES("PG59d4ec8b1064c2.08248324","GI599070f6370c53.49668433","2017-10-04");
INSERT INTO progress_group VALUES("PG59d4ef689b3ad4.71557668","GI599140f185f2b1.01415981","2017-10-04");
INSERT INTO progress_group VALUES("PG59d501b1770008.03927097","GI59ac0e57dddae8.55362566","2017-10-04");
INSERT INTO progress_group VALUES("PG59d5022605b165.26599285","GI59ba8faf6fb892.37597314","2017-10-04");
INSERT INTO progress_group VALUES("PG59d608a762a3c2.03008795","GI59929368d03be3.09827377","2017-10-05");
INSERT INTO progress_group VALUES("PG59d618f1854683.66281314","GI599062c1f1eaa7.71288858","2017-10-05");
INSERT INTO progress_group VALUES("PG59d624e62e0c29.20081403","GI59ac10cc74e388.13221334","2017-10-05");
INSERT INTO progress_group VALUES("PG59d62549ec5d45.18380209","GI59afdc794a86c8.76368013","2017-10-05");
INSERT INTO progress_group VALUES("PG59d7809c0e98e7.86382025","GI599070f6370c53.49668433","2017-10-06");
INSERT INTO progress_group VALUES("PG59d6387f8bcf82.07021895","GI599111e3c166f2.01361657","2017-10-05");
INSERT INTO progress_group VALUES("PG59d63dc2e85dc2.19567581","GI59929456b851f5.53292245","2017-10-05");
INSERT INTO progress_group VALUES("PG59d658fcd60c01.83835231","GI59d62296621754.81072183","2017-10-02");
INSERT INTO progress_group VALUES("PG59d65927ae7186.55252611","GI59d62296621754.81072183","2017-10-04");
INSERT INTO progress_group VALUES("PG59d65ae5186792.88594006","GI59d62296621754.81072183","2017-09-29");
INSERT INTO progress_group VALUES("PG59d780bf135ee4.60836928","GI5991404e040b49.10827847","2017-10-06");
INSERT INTO progress_group VALUES("PG59d7821a460342.68280794","GI599140ad882859.70165903","2017-10-06");
INSERT INTO progress_group VALUES("PG59d7823ce048b3.80706268","GI599140f185f2b1.01415981","2017-10-06");
INSERT INTO progress_group VALUES("PG59d78e8147a744.39564876","GI59ac0e57dddae8.55362566","2017-10-06");
INSERT INTO progress_group VALUES("PG59d78f10939537.32023008","GI59ba8faf6fb892.37597314","2017-10-06");
INSERT INTO progress_group VALUES("PG59d78f22201768.04250460","GI59d62296621754.81072183","2017-10-06");
INSERT INTO progress_group VALUES("PG59d8b871734d60.81025907","GI599062c1f1eaa7.71288858","2017-10-07");
INSERT INTO progress_group VALUES("PG59d8d33e9ff113.88107963","GI599111e3c166f2.01361657","2017-10-07");
INSERT INTO progress_group VALUES("PG59d8d78bed8ee8.05956838","GI59929456b851f5.53292245","2017-10-07");
INSERT INTO progress_group VALUES("PG59d8e17f001768.05409053","GI59929368d03be3.09827377","2017-10-07");
INSERT INTO progress_group VALUES("PG59db53ee160a46.92695974","GI599140ad882859.70165903","2017-10-09");
INSERT INTO progress_group VALUES("PG59db6b8f771e96.62106335","GI599140f185f2b1.01415981","2017-10-09");
INSERT INTO progress_group VALUES("PG59db6dffd6feb6.46594973","GI5991404e040b49.10827847","2017-10-09");
INSERT INTO progress_group VALUES("PG59db6fa326f4c1.82347431","GI599070f6370c53.49668433","2017-10-09");
INSERT INTO progress_group VALUES("PG59db7713e7f912.80600282","GI59ac0e57dddae8.55362566","2017-10-09");
INSERT INTO progress_group VALUES("PG59db77270abbe8.24709950","GI59d62296621754.81072183","2017-10-09");
INSERT INTO progress_group VALUES("PG59db7750219083.05055534","GI59ba8faf6fb892.37597314","2017-10-09");
INSERT INTO progress_group VALUES("PG59dca79ed15a46.50379774","GI599062c1f1eaa7.71288858","2017-10-10");
INSERT INTO progress_group VALUES("PG59dcd09a9d2238.22168344","GI59929368d03be3.09827377","2017-10-10");
INSERT INTO progress_group VALUES("PG59dcd0c523bd23.36936815","GI599111e3c166f2.01361657","2017-10-10");
INSERT INTO progress_group VALUES("PG59dcd4752ed053.93925569","GI59ac10cc74e388.13221334","2017-10-10");
INSERT INTO progress_group VALUES("PG59dcd494582155.88098454","GI59afdc794a86c8.76368013","2017-10-10");
INSERT INTO progress_group VALUES("PG59dcd7c37bed66.37159654","GI59929456b851f5.53292245","2017-10-10");
INSERT INTO progress_group VALUES("PG59de0f94c16d39.25591516","GI599140ad882859.70165903","2017-10-11");
INSERT INTO progress_group VALUES("PG59de0fbb306188.25682048","GI599140f185f2b1.01415981","2017-10-11");
INSERT INTO progress_group VALUES("PG59de15f0d3a138.85850925","GI5991404e040b49.10827847","2017-10-11");
INSERT INTO progress_group VALUES("PG59de1615334541.31543259","GI599070f6370c53.49668433","2017-10-11");
INSERT INTO progress_group VALUES("PG59df4e60d4c5a3.94315075","GI59929368d03be3.09827377","2017-10-12");
INSERT INTO progress_group VALUES("PG59df575be593f9.64631653","GI599062c1f1eaa7.71288858","2017-10-12");
INSERT INTO progress_group VALUES("PG59df605343e494.43450593","GI599111e3c166f2.01361657","2017-10-12");
INSERT INTO progress_group VALUES("PG59df6a88eac426.82922015","GI59929456b851f5.53292245","2017-10-12");
INSERT INTO progress_group VALUES("PG59df721c95ab14.37812472","GI59ac10cc74e388.13221334","2017-10-12");
INSERT INTO progress_group VALUES("PG59df725f5e3178.81897451","GI59afdc794a86c8.76368013","2017-10-12");
INSERT INTO progress_group VALUES("PG59e0a655cdb8e5.97339469","GI59ac0e57dddae8.55362566","2017-10-13");
INSERT INTO progress_group VALUES("PG59e0a69c1bff98.50248464","GI59d62296621754.81072183","2017-10-13");
INSERT INTO progress_group VALUES("PG59e0b2653864c8.20641938","GI5991404e040b49.10827847","2017-10-13");
INSERT INTO progress_group VALUES("PG59e0b64920df39.85291963","GI599140ad882859.70165903","2017-10-13");
INSERT INTO progress_group VALUES("PG59e0b66a9f4822.27099279","GI599140f185f2b1.01415981","2017-10-13");
INSERT INTO progress_group VALUES("PG59e0c2d68a18b1.35170974","GI599070f6370c53.49668433","2017-10-13");
INSERT INTO progress_group VALUES("PG59e0c7dfe23ae4.25852763","GI59ba8faf6fb892.37597314","2017-10-13");
INSERT INTO progress_group VALUES("PG59e1ff4a9ca275.58272980","GI599062c1f1eaa7.71288858","2017-10-14");
INSERT INTO progress_group VALUES("PG59e20d3ac6be44.87633319","GI59929368d03be3.09827377","2017-10-14");
INSERT INTO progress_group VALUES("PG59e20d5a0a6c44.20035397","GI599111e3c166f2.01361657","2017-10-14");
INSERT INTO progress_group VALUES("PG59e214f7afcb12.90912454","GI59929456b851f5.53292245","2017-10-14");
INSERT INTO progress_group VALUES("PG59e4bcf7534ae6.50134916","GI59ac0e57dddae8.55362566","2017-10-16");
INSERT INTO progress_group VALUES("PG59e4bd116187d9.68677474","GI59d62296621754.81072183","2017-10-16");
INSERT INTO progress_group VALUES("PG59e4bd6be7a130.89946993","GI59ba8faf6fb892.37597314","2017-10-16");
INSERT INTO progress_group VALUES("PG59e4bdf4ae52b0.99626879","GI5991404e040b49.10827847","2017-10-16");
INSERT INTO progress_group VALUES("PG59e4befb04c968.83810858","GI599070f6370c53.49668433","2017-10-16");
INSERT INTO progress_group VALUES("PG59e4bf8560e439.63651397","GI599140ad882859.70165903","2017-10-16");
INSERT INTO progress_group VALUES("PG59e4bfae7a6089.65478765","GI599140f185f2b1.01415981","2017-10-16");
INSERT INTO progress_group VALUES("PG59e5e7edd49645.13685402","GI599062c1f1eaa7.71288858","2017-10-17");
INSERT INTO progress_group VALUES("PG59e6017f81f8a9.04397495","GI59ac10cc74e388.13221334","2017-10-17");
INSERT INTO progress_group VALUES("PG59e602ffbde365.69453141","GI59afdc794a86c8.76368013","2017-10-17");
INSERT INTO progress_group VALUES("PG59e605a24b2ca3.30657123","GI599111e3c166f2.01361657","2017-10-17");
INSERT INTO progress_group VALUES("PG59e60a1b1b3363.37343012","GI59929368d03be3.09827377","2017-10-17");
INSERT INTO progress_group VALUES("PG59e60de078fd94.58388574","GI59929456b851f5.53292245","2017-10-17");
INSERT INTO progress_group VALUES("PG59e61199f2fcc0.41304066","GI59e4b31283bf20.15448085","2017-10-17");
INSERT INTO progress_group VALUES("PG59e744ccc69207.99190948","GI599070f6370c53.49668433","2017-10-18");
INSERT INTO progress_group VALUES("PG59e75643e84402.25418917","GI5991404e040b49.10827847","2017-10-18");
INSERT INTO progress_group VALUES("PG59e76a46b98686.44292684","GI599140ad882859.70165903","2017-10-18");
INSERT INTO progress_group VALUES("PG59e76a6e08a8d7.05592595","GI599140f185f2b1.01415981","2017-10-18");
INSERT INTO progress_group VALUES("PG59e77752884f75.38754571","GI59ac0e57dddae8.55362566","2017-10-18");
INSERT INTO progress_group VALUES("PG59e77778680992.41856007","GI59d62296621754.81072183","2017-10-18");
INSERT INTO progress_group VALUES("PG59e777d5a0cad7.96823395","GI59ba8faf6fb892.37597314","2017-10-18");



DROP TABLE progress_student;

CREATE TABLE `progress_student` (
  `progress_student_num` varchar(30) COLLATE utf8_unicode_ci NOT NULL,
  `progress_group_num` varchar(30) COLLATE utf8_unicode_ci NOT NULL,
  `student_num` varchar(30) COLLATE utf8_unicode_ci NOT NULL,
  `attendance` int(1) NOT NULL,
  `home_work` float NOT NULL,
  PRIMARY KEY (`progress_student_num`)
) ENGINE=MyISAM DEFAULT CHARSET=utf8 COLLATE=utf8_unicode_ci;

INSERT INTO progress_student VALUES("PS59e4befb04f0c6.09561809","PG59e4befb04c968.83810858","US59b122b8431c99.19083022","1","1");
INSERT INTO progress_student VALUES("PS59bfdd699cfab4.46636467","PG59bfdd699c0c58.94663520","US59bd1018c3c961.30793094","1","1");
INSERT INTO progress_student VALUES("PS59a50baef20b88.23442656","PG59a50baef05e98.56528112","US5985c03ababcf003612666","0","0");
INSERT INTO progress_student VALUES("PS59a50b68907178.80447939","PG59a50b688f4209.27021487","US5985be0737ecf867117823","1","1");
INSERT INTO progress_student VALUES("PS59a50b68907120.36530757","PG59a50b688f4209.27021487","US5985c2b68edfc766823396","1","0.5");
INSERT INTO progress_student VALUES("PS59a50b689070c1.83167948","PG59a50b688f4209.27021487","US5985c2133318e292390635","1","1");
INSERT INTO progress_student VALUES("PS59d6387f8d42d6.35298685","PG59d6387f8bcf82.07021895","US5985c2cff290c469198689","0","0");
INSERT INTO progress_student VALUES("PS59a50b68906e07.78970960","PG59a50b688f4209.27021487","US5985c03ababcf003612666","1","1");
INSERT INTO progress_student VALUES("PS59a50a63b48ad1.99448636","PG59a50a63b35563.15139184","US5985be0737ecf867117823","1","1");
INSERT INTO progress_student VALUES("PS59a50a63b48a90.20873572","PG59a50a63b35563.15139184","US5985c2b68edfc766823396","1","0.5");
INSERT INTO progress_student VALUES("PS59a50a63b48a33.28516490","PG59a50a63b35563.15139184","US5985c2133318e292390635","0","0");
INSERT INTO progress_student VALUES("PS59d24f833e3594.22791599","PG59d24f833ccac5.55881719","US59ba8fe289c189.39406651","1","1");
INSERT INTO progress_student VALUES("PS59bfdd699cf8e6.49692795","PG59bfdd699c0c58.94663520","US59ba8fe289c189.39406651","1","1");
INSERT INTO progress_student VALUES("PS59a50a63b48849.81090223","PG59a50a63b35563.15139184","US5985c03ababcf003612666","1","1");
INSERT INTO progress_student VALUES("PS59a50a2b477582.63686385","PG59a50a2b4628f6.89269605","US5985be0737ecf867117823","1","1");
INSERT INTO progress_student VALUES("PS59a50a2b477531.12830826","PG59a50a2b4628f6.89269605","US5985c2b68edfc766823396","1","0.5");
INSERT INTO progress_student VALUES("PS59a50a2b4774e7.88363705","PG59a50a2b4628f6.89269605","US5985c2133318e292390635","1","0.5");
INSERT INTO progress_student VALUES("PS59d23d22461af0.68076549","PG59d23d2245ae69.95422477","US5985c30558ce4589866616","1","1");
INSERT INTO progress_student VALUES("PS59bfdbd5e531a5.48650864","PG59bfdbd5e45966.24546537","US59bf8381092e81.83889127","1","1");
INSERT INTO progress_student VALUES("PS59a50a2b477276.61003717","PG59a50a2b4628f6.89269605","US5985c03ababcf003612666","1","1");
INSERT INTO progress_student VALUES("PS59a509d362d525.15472594","PG59a509d3619601.57734383","US5985be0737ecf867117823","1","1");
INSERT INTO progress_student VALUES("PS59a509d362d4d9.60738057","PG59a509d3619601.57734383","US5985c2b68edfc766823396","1","1");
INSERT INTO progress_student VALUES("PS59d23d22461ab9.01832045","PG59d23d2245ae69.95422477","US598830cb51480379466684","1","1");
INSERT INTO progress_student VALUES("PS59a509d362d486.74378687","PG59a509d3619601.57734383","US5985c2133318e292390635","1","1");
INSERT INTO progress_student VALUES("PS59bfdbd5e53172.95492772","PG59bfdbd5e45966.24546537","US5985c1f583a17705459810","1","1");
INSERT INTO progress_student VALUES("PS59a509d362d2b5.52825829","PG59a509d3619601.57734383","US5985c03ababcf003612666","1","1");
INSERT INTO progress_student VALUES("PS59a5096964dfc9.09137619","PG59a5096962e943.85387909","US5985be0737ecf867117823","1","1");
INSERT INTO progress_student VALUES("PS59a5096964df70.86920221","PG59a5096962e943.85387909","US5985c2b68edfc766823396","0","0");
INSERT INTO progress_student VALUES("PS59a5096964df14.73296735","PG59a5096962e943.85387909","US5985c2133318e292390635","1","1");
INSERT INTO progress_student VALUES("PS59a5096964dcd8.82307851","PG59a5096962e943.85387909","US5985c03ababcf003612666","1","1");
INSERT INTO progress_student VALUES("PS59a5093ca3beb3.31028052","PG59a5093ca38d78.54560083","US5985be0737ecf867117823","1","1");
INSERT INTO progress_student VALUES("PS59a5093ca3be74.49277586","PG59a5093ca38d78.54560083","US5985c2b68edfc766823396","1","1");
INSERT INTO progress_student VALUES("PS59a5093ca3be17.57917729","PG59a5093ca38d78.54560083","US5985c2133318e292390635","1","1");
INSERT INTO progress_student VALUES("PS59d23d22461a79.50128734","PG59d23d2245ae69.95422477","US5985c2133318e292390635","1","0.5");
INSERT INTO progress_student VALUES("PS59bfdbd5e53103.32119578","PG59bfdbd5e45966.24546537","US5985c0b84aff1682766928","1","0.5");
INSERT INTO progress_student VALUES("PS59bfdbd5e53147.36164352","PG59bfdbd5e45966.24546537","US59aeaa94525328.23579708","1","1");
INSERT INTO progress_student VALUES("PS59a5093ca3b926.55495982","PG59a5093ca38d78.54560083","US5985c03ababcf003612666","1","1");
INSERT INTO progress_student VALUES("PS59a50921ca31a8.59106965","PG59a50921c8bf19.16035015","US5985be0737ecf867117823","1","1");
INSERT INTO progress_student VALUES("PS59a50921ca3121.69371426","PG59a50921c8bf19.16035015","US5985c2b68edfc766823396","1","1");
INSERT INTO progress_student VALUES("PS59a50921ca2fe2.51507806","PG59a50921c8bf19.16035015","US5985c2133318e292390635","1","1");
INSERT INTO progress_student VALUES("PS59d23d22461a32.51709291","PG59d23d2245ae69.95422477","US5985c2cff290c469198689","0","0");
INSERT INTO progress_student VALUES("PS59bfdbd5e530d3.52315744","PG59bfdbd5e45966.24546537","US59b7aa305bd0e5.73964541","1","1");
INSERT INTO progress_student VALUES("PS59a50921ca2b75.23872546","PG59a50921c8bf19.16035015","US5985c03ababcf003612666","1","1");
INSERT INTO progress_student VALUES("PS59a508f60ea6a6.16002975","PG59a508f60d7c28.04098205","US5985be0737ecf867117823","0","0");
INSERT INTO progress_student VALUES("PS59a508f60ea606.67865560","PG59a508f60d7c28.04098205","US5985c2133318e292390635","1","1");
INSERT INTO progress_student VALUES("PS59a508f60ea666.60182470","PG59a508f60d7c28.04098205","US5985c2b68edfc766823396","1","1");
INSERT INTO progress_student VALUES("PS59d23d224619e3.75198824","PG59d23d2245ae69.95422477","US5985c101deba4237296265","1","1");
INSERT INTO progress_student VALUES("PS59e0b2653ac844.94325923","PG59e0b2653864c8.20641938","US59bf8381092e81.83889127","1","1");
INSERT INTO progress_student VALUES("PS59a3fc146e1cc4.32691975","PG59a3fc146c0bf5.12270162","US5985c1d356320316320740","1","1");
INSERT INTO progress_student VALUES("PS59a508f60ea402.45816007","PG59a508f60d7c28.04098205","US5985c03ababcf003612666","1","1");
INSERT INTO progress_student VALUES("PS59a3fc146e1c14.55281116","PG59a3fc146c0bf5.12270162","US5985c1aa5d16e488712303","1","1");
INSERT INTO progress_student VALUES("PS59a3fc146e1c70.10379365","PG59a3fc146c0bf5.12270162","US5985c1bf5965a032311598","1","1");
INSERT INTO progress_student VALUES("PS59a3fc146e1bb9.42585368","PG59a3fc146c0bf5.12270162","US5985c180bf2b9391395197","1","1");
INSERT INTO progress_student VALUES("PS59a3e113a643e7.59504887","PG59a3e113a62007.97706192","US5985c1f583a17705459810","1","0.5");
INSERT INTO progress_student VALUES("PS59a3fc146e19a1.83265816","PG59a3fc146c0bf5.12270162","US5985c1947a60f020154533","1","1");
INSERT INTO progress_student VALUES("PS59a3e113a64314.26435449","PG59a3e113a62007.97706192","US598841aac259a707466705","1","0.5");
INSERT INTO progress_student VALUES("PS59a3d16c201d17.61368579","PG59a3d16c1e6e50.29408327","US5985c180bf2b9391395197","1","1");
INSERT INTO progress_student VALUES("PS59a3d16c201da3.95144954","PG59a3d16c1e6e50.29408327","US5985c1aa5d16e488712303","1","1");
INSERT INTO progress_student VALUES("PS59a3d16c201e45.18682666","PG59a3d16c1e6e50.29408327","US5985c1bf5965a032311598","1","1");
INSERT INTO progress_student VALUES("PS59a3d16c201ee1.60567068","PG59a3d16c1e6e50.29408327","US5985c1d356320316320740","1","1");
INSERT INTO progress_student VALUES("PS59a3d16c201b10.16334120","PG59a3d16c1e6e50.29408327","US5985c1947a60f020154533","1","1");
INSERT INTO progress_student VALUES("PS59a3d13ced7a84.63410017","PG59a3d13cec8774.52519596","US5985c1d356320316320740","0","0");
INSERT INTO progress_student VALUES("PS59a3d13ced7a52.76025848","PG59a3d13cec8774.52519596","US5985c1bf5965a032311598","1","1");
INSERT INTO progress_student VALUES("PS59a3d13ced7a19.07707478","PG59a3d13cec8774.52519596","US5985c1aa5d16e488712303","1","1");
INSERT INTO progress_student VALUES("PS59a3d13ced78d8.52202040","PG59a3d13cec8774.52519596","US5985c1947a60f020154533","1","1");
INSERT INTO progress_student VALUES("PS59a3d13ced79d0.68923785","PG59a3d13cec8774.52519596","US5985c180bf2b9391395197","1","1");
INSERT INTO progress_student VALUES("PS59a50baef20e88.27376317","PG59a50baef05e98.56528112","US5985c2133318e292390635","1","1");
INSERT INTO progress_student VALUES("PS59a50baef20f08.87474034","PG59a50baef05e98.56528112","US5985c2b68edfc766823396","1","0.5");
INSERT INTO progress_student VALUES("PS59a50baef20f87.60615550","PG59a50baef05e98.56528112","US5985be0737ecf867117823","0","0");
INSERT INTO progress_student VALUES("PS59a50bef323e86.09365300","PG59a50bef312328.36472212","US5985c03ababcf003612666","0","0");
INSERT INTO progress_student VALUES("PS59bfdbd5e52f81.77435594","PG59bfdbd5e45966.24546537","US59ac0df47c33f2.32375704","1","0.5");
INSERT INTO progress_student VALUES("PS59d23d224618e0.88615544","PG59d23d2245ae69.95422477","US5985c12ec0a62122183433","1","1");
INSERT INTO progress_student VALUES("PS59a50bef324075.90313314","PG59a50bef312328.36472212","US5985c2133318e292390635","0","0");
INSERT INTO progress_student VALUES("PS59a50bef3240d7.56220312","PG59a50bef312328.36472212","US5985c2b68edfc766823396","1","1");
INSERT INTO progress_student VALUES("PS59a50bef324120.83830925","PG59a50bef312328.36472212","US5985be0737ecf867117823","0","0");
INSERT INTO progress_student VALUES("PS59a50c2ba1f4a9.82758724","PG59a50c2ba08db8.35855744","US5985c12ec0a62122183433","0","0");
INSERT INTO progress_student VALUES("PS59a50c2ba1f5d6.62545475","PG59a50c2ba08db8.35855744","US5985c101deba4237296265","1","1");
INSERT INTO progress_student VALUES("PS59a50c2ba1f632.12219075","PG59a50c2ba08db8.35855744","US5985c2133318e292390635","1","1");
INSERT INTO progress_student VALUES("PS59a50c2ba1f689.20736999","PG59a50c2ba08db8.35855744","US5985c0986fb60310314303","1","1");
INSERT INTO progress_student VALUES("PS59a50c2ba1f6c8.20765643","PG59a50c2ba08db8.35855744","US598830cb51480379466684","1","1");
INSERT INTO progress_student VALUES("PS59a50c2ba1f7a6.17186990","PG59a50c2ba08db8.35855744","US5985c30558ce4589866616","1","1");
INSERT INTO progress_student VALUES("PS59a50c548ca612.07566094","PG59a50c548b6ca4.95819462","US5985c12ec0a62122183433","0","0");
INSERT INTO progress_student VALUES("PS59a50c548ca760.77354165","PG59a50c548b6ca4.95819462","US5985c101deba4237296265","1","1");
INSERT INTO progress_student VALUES("PS59a50c548ca7b0.54691841","PG59a50c548b6ca4.95819462","US5985c2133318e292390635","1","1");
INSERT INTO progress_student VALUES("PS59a50c548ca7f5.62510104","PG59a50c548b6ca4.95819462","US5985c0986fb60310314303","1","1");
INSERT INTO progress_student VALUES("PS59a50c548ca840.91206510","PG59a50c548b6ca4.95819462","US598830cb51480379466684","1","1");
INSERT INTO progress_student VALUES("PS59a50c548ca893.79831967","PG59a50c548b6ca4.95819462","US5985c30558ce4589866616","1","1");
INSERT INTO progress_student VALUES("PS59a50c7f78d198.97782191","PG59a50c7f77b064.09961957","US5985c12ec0a62122183433","0","0");
INSERT INTO progress_student VALUES("PS59a50c7f78d2a0.41683174","PG59a50c7f77b064.09961957","US5985c101deba4237296265","1","1");
INSERT INTO progress_student VALUES("PS59a50c7f78d2f3.25650475","PG59a50c7f77b064.09961957","US5985c2133318e292390635","1","1");
INSERT INTO progress_student VALUES("PS59a50c7f78d346.64202231","PG59a50c7f77b064.09961957","US5985c0986fb60310314303","1","1");
INSERT INTO progress_student VALUES("PS59a50c7f78d383.61050397","PG59a50c7f77b064.09961957","US598830cb51480379466684","1","1");
INSERT INTO progress_student VALUES("PS59a50c7f78d3c3.98550664","PG59a50c7f77b064.09961957","US5985c30558ce4589866616","1","1");
INSERT INTO progress_student VALUES("PS59a50cb7072254.03166064","PG59a50cb705da47.99031359","US5985c12ec0a62122183433","1","1");
INSERT INTO progress_student VALUES("PS59a50cb7072433.29646072","PG59a50cb705da47.99031359","US5985c101deba4237296265","1","1");
INSERT INTO progress_student VALUES("PS59a50cb7072492.49299383","PG59a50cb705da47.99031359","US5985c2133318e292390635","1","0.5");
INSERT INTO progress_student VALUES("PS59a50cb70724e5.24433430","PG59a50cb705da47.99031359","US5985c0986fb60310314303","1","1");
INSERT INTO progress_student VALUES("PS59a50cb7072541.77056892","PG59a50cb705da47.99031359","US598830cb51480379466684","1","1");
INSERT INTO progress_student VALUES("PS59a50cb7072597.28502051","PG59a50cb705da47.99031359","US5985c30558ce4589866616","1","0.5");
INSERT INTO progress_student VALUES("PS59a50ce1b20ee6.26161711","PG59a50ce1b09627.94280678","US5985c12ec0a62122183433","1","0.5");
INSERT INTO progress_student VALUES("PS59a50ce1b21184.86123312","PG59a50ce1b09627.94280678","US5985c101deba4237296265","1","1");
INSERT INTO progress_student VALUES("PS59a50ce1b21202.14731911","PG59a50ce1b09627.94280678","US5985c2133318e292390635","1","0");
INSERT INTO progress_student VALUES("PS59a50ce1b21254.43646330","PG59a50ce1b09627.94280678","US5985c0986fb60310314303","0","0");
INSERT INTO progress_student VALUES("PS59a50ce1b212b5.41655658","PG59a50ce1b09627.94280678","US598830cb51480379466684","1","1");
INSERT INTO progress_student VALUES("PS59a50ce1b21304.41284733","PG59a50ce1b09627.94280678","US5985c30558ce4589866616","1","0.5");
INSERT INTO progress_student VALUES("PS59a50d0d7fb0a8.20219258","PG59a50d0d7e8287.26234169","US5985c12ec0a62122183433","1","1");
INSERT INTO progress_student VALUES("PS59a50d0d7fb212.58571829","PG59a50d0d7e8287.26234169","US5985c101deba4237296265","1","1");
INSERT INTO progress_student VALUES("PS59a50d0d7fb270.79425143","PG59a50d0d7e8287.26234169","US5985c2133318e292390635","1","0.5");
INSERT INTO progress_student VALUES("PS59a50d0d7fb2c6.66912007","PG59a50d0d7e8287.26234169","US5985c0986fb60310314303","1","0.5");
INSERT INTO progress_student VALUES("PS59a50d0d7fb328.84385637","PG59a50d0d7e8287.26234169","US598830cb51480379466684","1","1");
INSERT INTO progress_student VALUES("PS59a50d0d7fb406.56214208","PG59a50d0d7e8287.26234169","US5985c30558ce4589866616","1","0.5");
INSERT INTO progress_student VALUES("PS59a50d6f353ee0.61949596","PG59a50d6f339653.09362049","US5985c12ec0a62122183433","1","1");
INSERT INTO progress_student VALUES("PS59a50d6f354094.46424865","PG59a50d6f339653.09362049","US5985c101deba4237296265","1","1");
INSERT INTO progress_student VALUES("PS59a50d6f3540f4.21565823","PG59a50d6f339653.09362049","US5985c2133318e292390635","0","0");
INSERT INTO progress_student VALUES("PS59a50d6f354148.42460945","PG59a50d6f339653.09362049","US5985c0986fb60310314303","1","0.5");
INSERT INTO progress_student VALUES("PS59a50d6f3541a8.85493511","PG59a50d6f339653.09362049","US598830cb51480379466684","1","1");
INSERT INTO progress_student VALUES("PS59a50d6f3541f1.22749258","PG59a50d6f339653.09362049","US5985c30558ce4589866616","1","0.5");
INSERT INTO progress_student VALUES("PS59a50da768c0c1.66153605","PG59a50da76791d7.29452162","US5985c12ec0a62122183433","1","0.5");
INSERT INTO progress_student VALUES("PS59a50da768c200.08565759","PG59a50da76791d7.29452162","US5985c101deba4237296265","1","1");
INSERT INTO progress_student VALUES("PS59a50da768c264.83545485","PG59a50da76791d7.29452162","US5985c2133318e292390635","1","1");
INSERT INTO progress_student VALUES("PS59a50da768c2b1.13541389","PG59a50da76791d7.29452162","US5985c0986fb60310314303","1","0.5");
INSERT INTO progress_student VALUES("PS59a50da768c316.79141540","PG59a50da76791d7.29452162","US598830cb51480379466684","1","0.5");
INSERT INTO progress_student VALUES("PS59a50da768c368.30041501","PG59a50da76791d7.29452162","US5985c30558ce4589866616","1","0.5");
INSERT INTO progress_student VALUES("PS59a50dd2a563f8.63991584","PG59a50dd2a42cd1.89933614","US5985c12ec0a62122183433","1","0.5");
INSERT INTO progress_student VALUES("PS59a50dd2a56563.91407337","PG59a50dd2a42cd1.89933614","US5985c101deba4237296265","1","1");
INSERT INTO progress_student VALUES("PS59a50dd2a565c2.98421898","PG59a50dd2a42cd1.89933614","US5985c2133318e292390635","1","1");
INSERT INTO progress_student VALUES("PS59a50dd2a56617.68577264","PG59a50dd2a42cd1.89933614","US5985c0986fb60310314303","1","0.5");
INSERT INTO progress_student VALUES("PS59a50dd2a56666.33907438","PG59a50dd2a42cd1.89933614","US598830cb51480379466684","1","1");
INSERT INTO progress_student VALUES("PS59a50dd2a566b7.78096977","PG59a50dd2a42cd1.89933614","US5985c30558ce4589866616","1","1");
INSERT INTO progress_student VALUES("PS59a50df8a845f7.49342528","PG59a50df8a82828.83319694","US5985c12ec0a62122183433","1","1");
INSERT INTO progress_student VALUES("PS59a50df8a846c3.16256143","PG59a50df8a82828.83319694","US5985c101deba4237296265","1","1");
INSERT INTO progress_student VALUES("PS59a50df8a84735.99598731","PG59a50df8a82828.83319694","US5985c2133318e292390635","0","0");
INSERT INTO progress_student VALUES("PS59a50df8a84798.61877054","PG59a50df8a82828.83319694","US5985c0986fb60310314303","1","1");
INSERT INTO progress_student VALUES("PS59a50df8a84812.10044359","PG59a50df8a82828.83319694","US598830cb51480379466684","1","1");
INSERT INTO progress_student VALUES("PS59a50df8a84883.78860055","PG59a50df8a82828.83319694","US5985c30558ce4589866616","1","1");
INSERT INTO progress_student VALUES("PS59a5105b54db13.96046602","PG59a5105b53a502.36539897","US5985c1947a60f020154533","1","1");
INSERT INTO progress_student VALUES("PS59a5105b54dc40.60545057","PG59a5105b53a502.36539897","US5985c180bf2b9391395197","1","1");
INSERT INTO progress_student VALUES("PS59a5105b54dc86.71123937","PG59a5105b53a502.36539897","US598c228136211031368108","0","0");
INSERT INTO progress_student VALUES("PS59a5105b54dcc6.29479734","PG59a5105b53a502.36539897","US5985cba14b8d3100168809","0","0");
INSERT INTO progress_student VALUES("PS59d23a297331d9.35057048","PG59d23a297302e2.81184286","US5985c1bf5965a032311598","1","1");
INSERT INTO progress_student VALUES("PS59a5105b54dd40.89306142","PG59a5105b53a502.36539897","US5985c3ac6234d022515588","1","1");
INSERT INTO progress_student VALUES("PS59a5105b54dd74.09927269","PG59a5105b53a502.36539897","US5985c3898ae59122109569","1","1");
INSERT INTO progress_student VALUES("PS59a5109cb38304.36300553","PG59a5109cb1a263.19150929","US5985c1947a60f020154533","1","1");
INSERT INTO progress_student VALUES("PS59a5109cb384e9.81844069","PG59a5109cb1a263.19150929","US5985c180bf2b9391395197","1","1");
INSERT INTO progress_student VALUES("PS59a5109cb38566.90495632","PG59a5109cb1a263.19150929","US598c228136211031368108","0","0");
INSERT INTO progress_student VALUES("PS59a5109cb385e1.79318174","PG59a5109cb1a263.19150929","US5985cba14b8d3100168809","0","0");
INSERT INTO progress_student VALUES("PS59d23a29733171.95381429","PG59d23a297302e2.81184286","US5985c1aa5d16e488712303","1","1");
INSERT INTO progress_student VALUES("PS59a5109cb386d9.30188631","PG59a5109cb1a263.19150929","US5985c3ac6234d022515588","1","1");
INSERT INTO progress_student VALUES("PS59a5109cb38743.26199916","PG59a5109cb1a263.19150929","US5985c3898ae59122109569","1","1");
INSERT INTO progress_student VALUES("PS59a7d3d33a60b6.83598175","PG59a7d3d3391048.39170579","US5985c3ac6234d022515588","1","1");
INSERT INTO progress_student VALUES("PS59d239529cb6e2.74099062","PG59d239529c88e8.15764964","US59aeaa94525328.23579708","1","1");
INSERT INTO progress_student VALUES("PS59a5251a7b01e4.53763602","PG59a5251a7ada46.28480374","US5985c05993e14209919366","1","0.5");
INSERT INTO progress_student VALUES("PS59a5251a7b02e3.37078790","PG59a5251a7ada46.28480374","US5985c03ababcf003612666","0","0");
INSERT INTO progress_student VALUES("PS59b29232632246.06685098","PG59b2923261a789.54101006","US59aeaa94525328.23579708","1","0.5");
INSERT INTO progress_student VALUES("PS59a5251a7b0374.09556586","PG59a5251a7ada46.28480374","US5985be0737ecf867117823","1","1");
INSERT INTO progress_student VALUES("PS59a5251a7b03d8.04743552","PG59a5251a7ada46.28480374","US5985c0986fb60310314303","1","0.5");
INSERT INTO progress_student VALUES("PS59d3787e0979b4.42998070","PG59d3787e094fc8.41268051","US598c228136211031368108","1","0.5");
INSERT INTO progress_student VALUES("PS59a5259f3230c0.48681276","PG59a5259f30f128.86508925","US5985c05993e14209919366","1","1");
INSERT INTO progress_student VALUES("PS59a5259f323249.29600868","PG59a5259f30f128.86508925","US5985c03ababcf003612666","1","1");
INSERT INTO progress_student VALUES("PS59b29232632205.20042716","PG59b2923261a789.54101006","US5985c0b84aff1682766928","1","0.5");
INSERT INTO progress_student VALUES("PS59a5259f3232f6.64173439","PG59a5259f30f128.86508925","US5985be0737ecf867117823","1","1");
INSERT INTO progress_student VALUES("PS59a5259f323353.89202194","PG59a5259f30f128.86508925","US5985c0986fb60310314303","1","1");
INSERT INTO progress_student VALUES("PS59a525c0353308.23105199","PG59a525c0350df6.62513421","US5985c05993e14209919366","1","1");
INSERT INTO progress_student VALUES("PS59a525c03533f0.41373172","PG59a525c0350df6.62513421","US5985c03ababcf003612666","1","1");
INSERT INTO progress_student VALUES("PS59b292326321a6.44061637","PG59b2923261a789.54101006","US59ac0a2f0b6623.14189239","1","1");
INSERT INTO progress_student VALUES("PS59a525c0353481.72439611","PG59a525c0350df6.62513421","US5985be0737ecf867117823","1","1");
INSERT INTO progress_student VALUES("PS59a525c03534c3.94791265","PG59a525c0350df6.62513421","US5985c0986fb60310314303","1","1");
INSERT INTO progress_student VALUES("PS59d3787e097971.07794984","PG59d3787e094fc8.41268051","US5985c180bf2b9391395197","0","0");
INSERT INTO progress_student VALUES("PS59a525f741e789.92900879","PG59a525f7407cc9.85086412","US5985c05993e14209919366","1","0.5");
INSERT INTO progress_student VALUES("PS59a525f741e8c6.95798888","PG59a525f7407cc9.85086412","US5985c03ababcf003612666","1","1");
INSERT INTO progress_student VALUES("PS59a525f741e968.63456201","PG59a525f7407cc9.85086412","US5985be0737ecf867117823","1","1");
INSERT INTO progress_student VALUES("PS59a525f741e9b2.36291017","PG59a525f7407cc9.85086412","US5985c0986fb60310314303","1","1");
INSERT INTO progress_student VALUES("PS59d3787e097925.97022596","PG59d3787e094fc8.41268051","US59ac05f716e0d5.43146483","1","1");
INSERT INTO progress_student VALUES("PS59a52649229c12.75517539","PG59a526492127a6.13237107","US5985c05993e14209919366","1","1");
INSERT INTO progress_student VALUES("PS59a52649229d91.45309566","PG59a526492127a6.13237107","US5985c03ababcf003612666","1","1");
INSERT INTO progress_student VALUES("PS59b29232631ff2.31180868","PG59b2923261a789.54101006","US59ac0a3f3ccca6.39254141","1","1");
INSERT INTO progress_student VALUES("PS59a52649229e54.43036252","PG59a526492127a6.13237107","US5985be0737ecf867117823","1","1");
INSERT INTO progress_student VALUES("PS59a52649229ea4.11734228","PG59a526492127a6.13237107","US5985c0986fb60310314303","1","1");
INSERT INTO progress_student VALUES("PS59d3787e0977c3.97130187","PG59d3787e094fc8.41268051","US5985c1947a60f020154533","1","1");
INSERT INTO progress_student VALUES("PS59a526a7dafc06.25160400","PG59a526a7d99314.68133612","US5985c05993e14209919366","1","1");
INSERT INTO progress_student VALUES("PS59a526a7dafd43.89343233","PG59a526a7d99314.68133612","US5985c03ababcf003612666","1","0.5");
INSERT INTO progress_student VALUES("PS59b28a54c61e93.82286460","PG59b28a54c4b192.62180607","US5985c0986fb60310314303","0","0");
INSERT INTO progress_student VALUES("PS59a526a7dafdd4.10402387","PG59a526a7d99314.68133612","US5985be0737ecf867117823","1","1");
INSERT INTO progress_student VALUES("PS59a526a7dafe25.00049501","PG59a526a7d99314.68133612","US5985c0986fb60310314303","1","0.5");
INSERT INTO progress_student VALUES("PS59a527207dd909.97842638","PG59a527207c9e77.46222135","US5985c05993e14209919366","1","1");
INSERT INTO progress_student VALUES("PS59a527207dda55.29784304","PG59a527207c9e77.46222135","US5985c03ababcf003612666","1","1");
INSERT INTO progress_student VALUES("PS59b28a54c61e42.66078911","PG59b28a54c4b192.62180607","US5985be0737ecf867117823","1","1");
INSERT INTO progress_student VALUES("PS59a527207ddaf2.21322922","PG59a527207c9e77.46222135","US5985be0737ecf867117823","1","0.5");
INSERT INTO progress_student VALUES("PS59a527207ddb58.48941280","PG59a527207c9e77.46222135","US5985c0986fb60310314303","1","0.5");
INSERT INTO progress_student VALUES("PS59d24fdd1938f5.82676287","PG59d24fdd17aff2.86305936","US59ad5134a6bb18.10632279","1","1");
INSERT INTO progress_student VALUES("PS59a52775c1f9c2.58506418","PG59a52775c0bb90.06927816","US5985c05993e14209919366","1","0.5");
INSERT INTO progress_student VALUES("PS59a52775c1fb26.16520016","PG59a52775c0bb90.06927816","US5985c03ababcf003612666","1","0.5");
INSERT INTO progress_student VALUES("PS59b28a54c61df0.10970048","PG59b28a54c4b192.62180607","US5985c2b68edfc766823396","1","0.5");
INSERT INTO progress_student VALUES("PS59a52775c1fbd9.66858314","PG59a52775c0bb90.06927816","US5985be0737ecf867117823","1","1");
INSERT INTO progress_student VALUES("PS59a52775c1fc28.12249960","PG59a52775c0bb90.06927816","US5985c0986fb60310314303","1","1");
INSERT INTO progress_student VALUES("PS59d24fdd1938a5.43016899","PG59d24fdd17aff2.86305936","US59aeaa94525328.23579708","1","0.5");
INSERT INTO progress_student VALUES("PS59a527f8209880.98911693","PG59a527f81f64d5.26172708","US5985c05993e14209919366","1","0.5");
INSERT INTO progress_student VALUES("PS59a527f8209994.00940844","PG59a527f81f64d5.26172708","US5985c03ababcf003612666","1","0.5");
INSERT INTO progress_student VALUES("PS59b28a54c61d90.64494078","PG59b28a54c4b192.62180607","US5985c2133318e292390635","1","0");
INSERT INTO progress_student VALUES("PS59a527f8209a27.56219440","PG59a527f81f64d5.26172708","US5985be0737ecf867117823","1","1");
INSERT INTO progress_student VALUES("PS59a527f8209a72.32794393","PG59a527f81f64d5.26172708","US5985c0986fb60310314303","1","1");
INSERT INTO progress_student VALUES("PS59d24fdd193850.17407354","PG59d24fdd17aff2.86305936","US5985c0b84aff1682766928","1","1");
INSERT INTO progress_student VALUES("PS59a5281f4df736.62359088","PG59a5281f4dc508.57282814","US5985c05993e14209919366","0","0");
INSERT INTO progress_student VALUES("PS59a5281f4df915.17287627","PG59a5281f4dc508.57282814","US5985c03ababcf003612666","0","0");
INSERT INTO progress_student VALUES("PS59a5281f4df992.10445719","PG59a5281f4dc508.57282814","US5985be0737ecf867117823","0","0");
INSERT INTO progress_student VALUES("PS59a5281f4df9e4.20433847","PG59a5281f4dc508.57282814","US5985c0986fb60310314303","1","1");
INSERT INTO progress_student VALUES("PS59d624e62e4dc1.55905477","PG59d624e62e0c29.20081403","US5985c1d356320316320740","0","0");
INSERT INTO progress_student VALUES("PS59a529973f9444.68817531","PG59a529973f6f92.38042406","US598841aac259a707466705","0","0");
INSERT INTO progress_student VALUES("PS59a529973f9599.95314492","PG59a529973f6f92.38042406","US5985c1f583a17705459810","1","1");
INSERT INTO progress_student VALUES("PS59a529a95caf82.85632382","PG59a529a95c6d04.24218541","US598841aac259a707466705","1","1");
INSERT INTO progress_student VALUES("PS59a529a95cb0e9.02719372","PG59a529a95c6d04.24218541","US5985c1f583a17705459810","1","1");
INSERT INTO progress_student VALUES("PS59a529bcc61d89.92203463","PG59a529bcc5f858.03223946","US598841aac259a707466705","1","1");
INSERT INTO progress_student VALUES("PS59a529bcc61f64.70753753","PG59a529bcc5f858.03223946","US5985c1f583a17705459810","1","1");
INSERT INTO progress_student VALUES("PS59a529d750c033.11337131","PG59a529d7502e76.34145404","US598841aac259a707466705","1","1");
INSERT INTO progress_student VALUES("PS59a529d750c157.35296627","PG59a529d7502e76.34145404","US5985c1f583a17705459810","0","0");
INSERT INTO progress_student VALUES("PS59a529f30b4976.76003922","PG59a529f30b29d9.12819025","US598841aac259a707466705","1","0.5");
INSERT INTO progress_student VALUES("PS59a529f30b4a44.04084375","PG59a529f30b29d9.12819025","US5985c1f583a17705459810","1","0.5");
INSERT INTO progress_student VALUES("PS59a52a25347844.48584422","PG59a52a25332394.09357289","US598841aac259a707466705","1","0.5");
INSERT INTO progress_student VALUES("PS59a52a25347a45.61917024","PG59a52a25332394.09357289","US5985c1f583a17705459810","1","0");
INSERT INTO progress_student VALUES("PS59a52a467f4536.48386829","PG59a52a467f2323.40976565","US598841aac259a707466705","1","1");
INSERT INTO progress_student VALUES("PS59a52a467f4679.50116507","PG59a52a467f2323.40976565","US5985c1f583a17705459810","1","0.5");
INSERT INTO progress_student VALUES("PS59a52a6123f640.42327917","PG59a52a6123d354.07294208","US598841aac259a707466705","1","1");
INSERT INTO progress_student VALUES("PS59a52a6123f739.34279458","PG59a52a6123d354.07294208","US5985c1f583a17705459810","1","0.5");
INSERT INTO progress_student VALUES("PS59a52a997d3534.82036248","PG59a52a997c1128.01028822","US598841aac259a707466705","1","0.5");
INSERT INTO progress_student VALUES("PS59a52a997d3667.28788631","PG59a52a997c1128.01028822","US5985c1f583a17705459810","1","0.5");
INSERT INTO progress_student VALUES("PS59a53631b30609.52229493","PG59a53631b139b6.24458327","US5985c12ec0a62122183433","1","1");
INSERT INTO progress_student VALUES("PS59d7823ce06914.44921124","PG59d7823ce048b3.80706268","US5985c12ec0a62122183433","1","1");
INSERT INTO progress_student VALUES("PS59a53631b308b3.05206869","PG59a53631b139b6.24458327","US5985c101deba4237296265","1","1");
INSERT INTO progress_student VALUES("PS59a53631b30910.86302080","PG59a53631b139b6.24458327","US5985c0d8a6582773333184","1","1");
INSERT INTO progress_student VALUES("PS59a53631b30977.07881381","PG59a53631b139b6.24458327","US5985c2b68edfc766823396","1","1");
INSERT INTO progress_student VALUES("PS59a53631b309d8.65338402","PG59a53631b139b6.24458327","US5985c0b84aff1682766928","1","0.5");
INSERT INTO progress_student VALUES("PS59a538163e5e30.48102232","PG59a538163e3a14.96806924","US5985c1947a60f020154533","1","1");
INSERT INTO progress_student VALUES("PS59a538163e5f55.17491752","PG59a538163e3a14.96806924","US5985c180bf2b9391395197","1","1");
INSERT INTO progress_student VALUES("PS59a538163e5fa7.77110053","PG59a538163e3a14.96806924","US5985c1aa5d16e488712303","1","1");
INSERT INTO progress_student VALUES("PS59a538163e5fe1.27595680","PG59a538163e3a14.96806924","US5985c1bf5965a032311598","1","1");
INSERT INTO progress_student VALUES("PS59a538163e6054.74458032","PG59a538163e3a14.96806924","US5985c1d356320316320740","1","1");
INSERT INTO progress_student VALUES("PS59a5383f41f1f8.63414098","PG59a5383f400cc4.98556946","US5985c1947a60f020154533","1","1");
INSERT INTO progress_student VALUES("PS59a5383f41f3c1.85896930","PG59a5383f400cc4.98556946","US5985c180bf2b9391395197","1","1");
INSERT INTO progress_student VALUES("PS59a5383f41f438.26235920","PG59a5383f400cc4.98556946","US5985c1aa5d16e488712303","1","1");
INSERT INTO progress_student VALUES("PS59a5383f41f494.81964937","PG59a5383f400cc4.98556946","US5985c1bf5965a032311598","1","1");
INSERT INTO progress_student VALUES("PS59a5383f41f4f5.34701347","PG59a5383f400cc4.98556946","US5985c1d356320316320740","1","0.5");
INSERT INTO progress_student VALUES("PS59a53874cfb167.48075576","PG59a53874ce5660.88131068","US5985c1947a60f020154533","1","1");
INSERT INTO progress_student VALUES("PS59a53874cfb368.64931142","PG59a53874ce5660.88131068","US5985c180bf2b9391395197","1","1");
INSERT INTO progress_student VALUES("PS59a53874cfb3c0.33985193","PG59a53874ce5660.88131068","US5985c1aa5d16e488712303","1","1");
INSERT INTO progress_student VALUES("PS59a53874cfb420.43654198","PG59a53874ce5660.88131068","US5985c1bf5965a032311598","1","1");
INSERT INTO progress_student VALUES("PS59a53874cfb480.10627958","PG59a53874ce5660.88131068","US5985c1d356320316320740","0","0");
INSERT INTO progress_student VALUES("PS59a538db8113a6.19812028","PG59a538db7fcec0.33726153","US5985c1947a60f020154533","1","0");
INSERT INTO progress_student VALUES("PS59a538db811536.89640553","PG59a538db7fcec0.33726153","US5985c180bf2b9391395197","1","0.5");
INSERT INTO progress_student VALUES("PS59a538db811596.42682532","PG59a538db7fcec0.33726153","US5985c1aa5d16e488712303","1","0.5");
INSERT INTO progress_student VALUES("PS59a538db8115f8.94051552","PG59a538db7fcec0.33726153","US5985c1bf5965a032311598","1","1");
INSERT INTO progress_student VALUES("PS59a538db811656.47012436","PG59a538db7fcec0.33726153","US5985c1d356320316320740","1","0.5");
INSERT INTO progress_student VALUES("PS59a54f0cccaea5.83052046","PG59a54f0ccb25d1.63916811","US5985c1947a60f020154533","1","1");
INSERT INTO progress_student VALUES("PS59a54f0cccb0e6.80788960","PG59a54f0ccb25d1.63916811","US5985c180bf2b9391395197","1","1");
INSERT INTO progress_student VALUES("PS59a54f0cccb144.16755730","PG59a54f0ccb25d1.63916811","US598c228136211031368108","1","1");
INSERT INTO progress_student VALUES("PS59a54f0cccb1a9.36772213","PG59a54f0ccb25d1.63916811","US5985cba14b8d3100168809","0","0");
INSERT INTO progress_student VALUES("PS59d23a297330f2.11093989","PG59d23a297302e2.81184286","US59ac0488e33bb9.79658980","1","1");
INSERT INTO progress_student VALUES("PS59a54f0cccb252.02483851","PG59a54f0ccb25d1.63916811","US5985c3ac6234d022515588","1","1");
INSERT INTO progress_student VALUES("PS59a54f0cccb291.25227578","PG59a54f0ccb25d1.63916811","US5985c3898ae59122109569","1","0.5");
INSERT INTO progress_student VALUES("PS59a54f3038c940.70927466","PG59a54f303895b1.43723934","US5985c1947a60f020154533","1","1");
INSERT INTO progress_student VALUES("PS59a54f3038ca52.05855434","PG59a54f303895b1.43723934","US5985c180bf2b9391395197","1","1");
INSERT INTO progress_student VALUES("PS59a54f3038ca95.50880551","PG59a54f303895b1.43723934","US5985c1aa5d16e488712303","0","0");
INSERT INTO progress_student VALUES("PS59a54f3038cad2.79257294","PG59a54f303895b1.43723934","US5985c1bf5965a032311598","1","0.5");
INSERT INTO progress_student VALUES("PS59a54f3038cb35.49993462","PG59a54f303895b1.43723934","US5985c1d356320316320740","1","0.5");
INSERT INTO progress_student VALUES("PS59a54fbba8dd65.18034834","PG59a54fbba6d932.88291522","US5985c1947a60f020154533","1","1");
INSERT INTO progress_student VALUES("PS59a54fbba8e093.40630908","PG59a54fbba6d932.88291522","US5985c180bf2b9391395197","1","1");
INSERT INTO progress_student VALUES("PS59a54fbba8e0f6.52306248","PG59a54fbba6d932.88291522","US5985c1aa5d16e488712303","1","0.5");
INSERT INTO progress_student VALUES("PS59a54fbba8e157.51458883","PG59a54fbba6d932.88291522","US5985c1bf5965a032311598","1","1");
INSERT INTO progress_student VALUES("PS59a54fbba8e1b1.47645994","PG59a54fbba6d932.88291522","US5985c1d356320316320740","1","0.5");
INSERT INTO progress_student VALUES("PS59a5502542e539.02534428","PG59a5502542abd2.04977165","US5985c1947a60f020154533","1","1");
INSERT INTO progress_student VALUES("PS59a5502542e664.69055278","PG59a5502542abd2.04977165","US5985c180bf2b9391395197","1","1");
INSERT INTO progress_student VALUES("PS59a5502542e6b1.77743892","PG59a5502542abd2.04977165","US598c228136211031368108","1","1");
INSERT INTO progress_student VALUES("PS59a5502542e707.46418713","PG59a5502542abd2.04977165","US5985cba14b8d3100168809","0","0");
INSERT INTO progress_student VALUES("PS59d23a29733091.70640622","PG59d23a297302e2.81184286","US59b122b8431c99.19083022","1","1");
INSERT INTO progress_student VALUES("PS59a5502542e7a6.35776861","PG59a5502542abd2.04977165","US5985c3ac6234d022515588","1","1");
INSERT INTO progress_student VALUES("PS59a5502542e7d5.13487568","PG59a5502542abd2.04977165","US5985c3898ae59122109569","1","0");
INSERT INTO progress_student VALUES("PS59a55053b6a203.91659732","PG59a55053b56c14.99677159","US5985c1947a60f020154533","1","1");
INSERT INTO progress_student VALUES("PS59a55053b6a363.89049443","PG59a55053b56c14.99677159","US5985c180bf2b9391395197","1","1");
INSERT INTO progress_student VALUES("PS59a55053b6a3c7.48138638","PG59a55053b56c14.99677159","US5985c1aa5d16e488712303","1","0.5");
INSERT INTO progress_student VALUES("PS59a55053b6a421.94247417","PG59a55053b56c14.99677159","US5985c1bf5965a032311598","1","1");
INSERT INTO progress_student VALUES("PS59a55053b6a488.10789257","PG59a55053b56c14.99677159","US5985c1d356320316320740","1","0.5");
INSERT INTO progress_student VALUES("PS59a5508a9e3bb1.64584348","PG59a5508a9cdcb1.19848472","US5985c1947a60f020154533","1","0.5");
INSERT INTO progress_student VALUES("PS59a5508a9e3d50.37371656","PG59a5508a9cdcb1.19848472","US5985c180bf2b9391395197","1","0.5");
INSERT INTO progress_student VALUES("PS59a5508a9e3dc8.04784849","PG59a5508a9cdcb1.19848472","US5985c1aa5d16e488712303","1","1");
INSERT INTO progress_student VALUES("PS59a5508a9e3e17.14967166","PG59a5508a9cdcb1.19848472","US5985c1bf5965a032311598","1","1");
INSERT INTO progress_student VALUES("PS59a5508a9e3e73.50316259","PG59a5508a9cdcb1.19848472","US5985c1d356320316320740","0","0");
INSERT INTO progress_student VALUES("PS59ad4106e707b5.16313493","PG59ad4106e6de82.35806830","US59ac0a3f3ccca6.39254141","1","1");
INSERT INTO progress_student VALUES("PS59ad276460bb41.34728665","PG59ad2764608dc5.77174777","US5985be0737ecf867117823","1","1");
INSERT INTO progress_student VALUES("PS59ad276460bb01.53285556","PG59ad2764608dc5.77174777","US5985c2b68edfc766823396","1","0.5");
INSERT INTO progress_student VALUES("PS59ad276460bab7.76105574","PG59ad2764608dc5.77174777","US5985c2133318e292390635","0","0");
INSERT INTO progress_student VALUES("PS59d23cfa818ac4.02230156","PG59d23cfa815fa9.77797522","US59c276ec8cbd96.54459379","1","0.5");
INSERT INTO progress_student VALUES("PS59bfc394157a61.99917036","PG59bfc394147580.97781286","US5985c30558ce4589866616","1","0.5");
INSERT INTO progress_student VALUES("PS59ad276460b8f3.82094687","PG59ad2764608dc5.77174777","US5985c03ababcf003612666","0","0");
INSERT INTO progress_student VALUES("PS59a551992da172.62140763","PG59a551992c45f0.26448985","US5985c1947a60f020154533","1","1");
INSERT INTO progress_student VALUES("PS59a551992da2b2.23165662","PG59a551992c45f0.26448985","US5985c180bf2b9391395197","1","1");
INSERT INTO progress_student VALUES("PS59a551992da314.20709994","PG59a551992c45f0.26448985","US598c228136211031368108","0","0");
INSERT INTO progress_student VALUES("PS59a551992da365.85969445","PG59a551992c45f0.26448985","US5985cba14b8d3100168809","0","0");
INSERT INTO progress_student VALUES("PS59a551992da3f9.68110405","PG59a551992c45f0.26448985","US5985c3ac6234d022515588","1","1");
INSERT INTO progress_student VALUES("PS59a551992da437.00080283","PG59a551992c45f0.26448985","US5985c3898ae59122109569","1","1");
INSERT INTO progress_student VALUES("PS59a551fae3dd93.30526572","PG59a551fae28e08.69126656","US5985c1947a60f020154533","1","1");
INSERT INTO progress_student VALUES("PS59a551fae3e057.87270688","PG59a551fae28e08.69126656","US5985c180bf2b9391395197","1","1");
INSERT INTO progress_student VALUES("PS59a551fae3e0d0.00407063","PG59a551fae28e08.69126656","US598c228136211031368108","1","1");
INSERT INTO progress_student VALUES("PS59a551fae3e121.60679655","PG59a551fae28e08.69126656","US5985cba14b8d3100168809","0","0");
INSERT INTO progress_student VALUES("PS59d23a29733014.83978394","PG59d23a297302e2.81184286","US5985c180bf2b9391395197","1","1");
INSERT INTO progress_student VALUES("PS59a551fae3e1d8.43610128","PG59a551fae28e08.69126656","US5985c3ac6234d022515588","1","1");
INSERT INTO progress_student VALUES("PS59a551fae3e219.62473758","PG59a551fae28e08.69126656","US5985c3898ae59122109569","0","0");
INSERT INTO progress_student VALUES("PS59a552c60f7de2.00253300","PG59a552c60e0617.11985409","US5985c1947a60f020154533","1","1");
INSERT INTO progress_student VALUES("PS59a552c60f8003.46077026","PG59a552c60e0617.11985409","US5985c180bf2b9391395197","1","1");
INSERT INTO progress_student VALUES("PS59a552c60f80a0.39752221","PG59a552c60e0617.11985409","US598c228136211031368108","1","1");
INSERT INTO progress_student VALUES("PS59a552c60f8110.31963174","PG59a552c60e0617.11985409","US5985cba14b8d3100168809","0","0");
INSERT INTO progress_student VALUES("PS59d23a29732e98.28160884","PG59d23a297302e2.81184286","US5985c1947a60f020154533","1","1");
INSERT INTO progress_student VALUES("PS59a552c60f8241.95207257","PG59a552c60e0617.11985409","US5985c3ac6234d022515588","1","1");
INSERT INTO progress_student VALUES("PS59a552c60f82c3.65165583","PG59a552c60e0617.11985409","US5985c3898ae59122109569","1","0.5");
INSERT INTO progress_student VALUES("PS59a5536ea82712.77600418","PG59a5536ea6e666.33614784","US5985c1947a60f020154533","1","1");
INSERT INTO progress_student VALUES("PS59a5536ea828a8.39502298","PG59a5536ea6e666.33614784","US5985c180bf2b9391395197","1","1");
INSERT INTO progress_student VALUES("PS59a5536ea82905.80370327","PG59a5536ea6e666.33614784","US598c228136211031368108","1","1");
INSERT INTO progress_student VALUES("PS59a5536ea82968.83150260","PG59a5536ea6e666.33614784","US5985cba14b8d3100168809","0","0");
INSERT INTO progress_student VALUES("PS59d239529cb751.53295944","PG59d239529c88e8.15764964","US59bf8381092e81.83889127","1","1");
INSERT INTO progress_student VALUES("PS59a5536ea82a14.92840616","PG59a5536ea6e666.33614784","US5985c3ac6234d022515588","1","0.5");
INSERT INTO progress_student VALUES("PS59a5536ea82a64.66573218","PG59a5536ea6e666.33614784","US5985c3898ae59122109569","1","0.5");
INSERT INTO progress_student VALUES("PS59a553b067c617.64634123","PG59a553b0663db1.26074981","US5985c1947a60f020154533","1","1");
INSERT INTO progress_student VALUES("PS59a553b067c756.91930192","PG59a553b0663db1.26074981","US5985c180bf2b9391395197","1","1");
INSERT INTO progress_student VALUES("PS59a553b067c7a1.18077069","PG59a553b0663db1.26074981","US598c228136211031368108","1","0.5");
INSERT INTO progress_student VALUES("PS59a553b067c7f5.24718462","PG59a553b0663db1.26074981","US5985cba14b8d3100168809","0","0");
INSERT INTO progress_student VALUES("PS59a553b067c894.01249899","PG59a553b0663db1.26074981","US5985c3ac6234d022515588","1","1");
INSERT INTO progress_student VALUES("PS59a553b067c8e9.30112592","PG59a553b0663db1.26074981","US5985c3898ae59122109569","1","0.5");
INSERT INTO progress_student VALUES("PS59a553bcf011d2.31432481","PG59a553bcefe4c2.07502278","US5985c12ec0a62122183433","1","1");
INSERT INTO progress_student VALUES("PS59e4befb04f047.22100201","PG59e4befb04c968.83810858","US59d640b3e0d2c1.24882148","1","1");
INSERT INTO progress_student VALUES("PS59a553bcf01326.78636034","PG59a553bcefe4c2.07502278","US5985c101deba4237296265","1","1");
INSERT INTO progress_student VALUES("PS59a553bcf01361.56223593","PG59a553bcefe4c2.07502278","US5985c0d8a6582773333184","1","0.5");
INSERT INTO progress_student VALUES("PS59a553bcf015a1.03106753","PG59a553bcefe4c2.07502278","US5985c2b68edfc766823396","1","1");
INSERT INTO progress_student VALUES("PS59a553bcf015e9.22733029","PG59a553bcefe4c2.07502278","US5985c0b84aff1682766928","1","0.5");
INSERT INTO progress_student VALUES("PS59a5546311e701.33420119","PG59a55463105d52.09912901","US5985c1947a60f020154533","1","1");
INSERT INTO progress_student VALUES("PS59a5546311ea52.02424049","PG59a55463105d52.09912901","US5985c180bf2b9391395197","1","1");
INSERT INTO progress_student VALUES("PS59a5546311ead8.70290288","PG59a55463105d52.09912901","US598c228136211031368108","1","0.5");
INSERT INTO progress_student VALUES("PS59a5546311eb36.40877787","PG59a55463105d52.09912901","US5985cba14b8d3100168809","0","0");
INSERT INTO progress_student VALUES("PS59d239529cb716.23746289","PG59d239529c88e8.15764964","US5985c1f583a17705459810","1","1");
INSERT INTO progress_student VALUES("PS59a5546311ebf6.50986754","PG59a55463105d52.09912901","US5985c3ac6234d022515588","1","1");
INSERT INTO progress_student VALUES("PS59a5546311ec40.52142756","PG59a55463105d52.09912901","US5985c3898ae59122109569","1","1");
INSERT INTO progress_student VALUES("PS59b139a4528e23.15271518","PG59b139a4526807.48139249","US5985c05993e14209919366","1","1");
INSERT INTO progress_student VALUES("PS59a554afa5c147.87563094","PG59a554afa51c22.42874755","US598c22660735d888327545","0","0");
INSERT INTO progress_student VALUES("PS59cf91e08839e9.58990375","PG59cf91e0868735.36919276","US5985c03ababcf003612666","1","1");
INSERT INTO progress_student VALUES("PS59a554afa5c265.92697226","PG59a554afa51c22.42874755","US598c22dc762ba836756417","0","0");
INSERT INTO progress_student VALUES("PS59a554afa5c300.57647236","PG59a554afa51c22.42874755","US598c22b60c4d9814871020","0","0");
INSERT INTO progress_student VALUES("PS59a554afa5c398.68030412","PG59a554afa51c22.42874755","US5985c1f583a17705459810","1","1");
INSERT INTO progress_student VALUES("PS59a554afa5c414.89320310","PG59a554afa51c22.42874755","US598c22f281ebe771825491","0","0");
INSERT INTO progress_student VALUES("PS59b139a4528d11.49914819","PG59b139a4526807.48139249","US598841aac259a707466705","1","0.5");
INSERT INTO progress_student VALUES("PS59a554d2394812.22097472","PG59a554d2391354.07802069","US598c22660735d888327545","1","1");
INSERT INTO progress_student VALUES("PS59cf91e0883952.66286534","PG59cf91e0868735.36919276","US599fb3c76a2705.37462250","1","1");
INSERT INTO progress_student VALUES("PS59a554d23948a5.33884985","PG59a554d2391354.07802069","US598c22dc762ba836756417","1","1");
INSERT INTO progress_student VALUES("PS59a554d23948f8.77011055","PG59a554d2391354.07802069","US598c22b60c4d9814871020","1","1");
INSERT INTO progress_student VALUES("PS59a554d2394936.80395650","PG59a554d2391354.07802069","US5985c1f583a17705459810","1","1");
INSERT INTO progress_student VALUES("PS59a554d2394966.84152741","PG59a554d2391354.07802069","US598c22f281ebe771825491","1","1");
INSERT INTO progress_student VALUES("PS59b001cc111789.88378920","PG59b001cc0f5ec1.62825752","US5985c1f583a17705459810","1","0.5");
INSERT INTO progress_student VALUES("PS59a55530e7edf4.13283529","PG59a55530e61f66.43879628","US598c22660735d888327545","1","1");
INSERT INTO progress_student VALUES("PS59cf91e08838d8.81383101","PG59cf91e0868735.36919276","US5985c05993e14209919366","1","1");
INSERT INTO progress_student VALUES("PS59a55530e7eea8.95446291","PG59a55530e61f66.43879628","US598c22dc762ba836756417","1","1");
INSERT INTO progress_student VALUES("PS59a55530e7ef16.84867776","PG59a55530e61f66.43879628","US598c22b60c4d9814871020","1","1");
INSERT INTO progress_student VALUES("PS59a55530e7ef60.14390103","PG59a55530e61f66.43879628","US5985c1f583a17705459810","1","0.5");
INSERT INTO progress_student VALUES("PS59a55530e7efa2.95001841","PG59a55530e61f66.43879628","US598c22f281ebe771825491","1","1");
INSERT INTO progress_student VALUES("PS59a5557d047d97.48402007","PG59a5557d031669.89537457","US5985c12ec0a62122183433","1","1");
INSERT INTO progress_student VALUES("PS59d7821a471e68.88693857","PG59d7821a460342.68280794","US59c276ec8cbd96.54459379","1","1");
INSERT INTO progress_student VALUES("PS59a5557d048003.11238718","PG59a5557d031669.89537457","US5985c101deba4237296265","1","1");
INSERT INTO progress_student VALUES("PS59a5557d048068.63949731","PG59a5557d031669.89537457","US5985c0d8a6582773333184","1","0.5");
INSERT INTO progress_student VALUES("PS59a5557d0480d7.94078510","PG59a5557d031669.89537457","US5985c2b68edfc766823396","1","0.5");
INSERT INTO progress_student VALUES("PS59a5557d048122.99346590","PG59a5557d031669.89537457","US5985c0b84aff1682766928","1","0.5");
INSERT INTO progress_student VALUES("PS59b001cc111720.47137992","PG59b001cc0f5ec1.62825752","US59aeaa94525328.23579708","1","1");
INSERT INTO progress_student VALUES("PS59a555895f9059.32859327","PG59a555895f5c50.21797074","US598c22660735d888327545","1","1");
INSERT INTO progress_student VALUES("PS59cf91e0883847.28670447","PG59cf91e0868735.36919276","US59ac0a2f0b6623.14189239","1","1");
INSERT INTO progress_student VALUES("PS59a555895f90f6.13616259","PG59a555895f5c50.21797074","US598c22dc762ba836756417","1","1");
INSERT INTO progress_student VALUES("PS59a555895f9144.50417484","PG59a555895f5c50.21797074","US598c22b60c4d9814871020","1","1");
INSERT INTO progress_student VALUES("PS59a555895f9193.60598005","PG59a555895f5c50.21797074","US5985c1f583a17705459810","1","1");
INSERT INTO progress_student VALUES("PS59a555895f91c3.39975557","PG59a555895f5c50.21797074","US598c22f281ebe771825491","0","0");
INSERT INTO progress_student VALUES("PS59b001cc111618.81838132","PG59b001cc0f5ec1.62825752","US5985c0b84aff1682766928","1","0.5");
INSERT INTO progress_student VALUES("PS59a555b6060809.82087170","PG59a555b6042c57.66714041","US598c22660735d888327545","1","1");
INSERT INTO progress_student VALUES("PS59cf91e08836c4.31574186","PG59cf91e0868735.36919276","US598841aac259a707466705","1","1");
INSERT INTO progress_student VALUES("PS59a555b60608c1.39495978","PG59a555b6042c57.66714041","US598c22dc762ba836756417","1","1");
INSERT INTO progress_student VALUES("PS59a555b6060921.41821656","PG59a555b6042c57.66714041","US598c22b60c4d9814871020","1","1");
INSERT INTO progress_student VALUES("PS59a555b6060970.89399513","PG59a555b6042c57.66714041","US5985c1f583a17705459810","1","1");
INSERT INTO progress_student VALUES("PS59a555b60609c9.45029804","PG59a555b6042c57.66714041","US598c22f281ebe771825491","1","1");
INSERT INTO progress_student VALUES("PS59a555c5bb5306.26984607","PG59a555c5bb33f6.45169610","US5985c12ec0a62122183433","1","1");
INSERT INTO progress_student VALUES("PS59d7821a471e27.61850258","PG59d7821a460342.68280794","US5985c0986fb60310314303","1","0.5");
INSERT INTO progress_student VALUES("PS59a555c5bb5424.38804048","PG59a555c5bb33f6.45169610","US5985c101deba4237296265","1","1");
INSERT INTO progress_student VALUES("PS59a555c5bb5463.42580088","PG59a555c5bb33f6.45169610","US5985c0d8a6582773333184","1","0.5");
INSERT INTO progress_student VALUES("PS59a555c5bb54b3.73265379","PG59a555c5bb33f6.45169610","US5985c2b68edfc766823396","1","0.5");
INSERT INTO progress_student VALUES("PS59a555c5bb54f6.35522240","PG59a555c5bb33f6.45169610","US5985c0b84aff1682766928","1","0.5");
INSERT INTO progress_student VALUES("PS59b001cc111422.94547576","PG59b001cc0f5ec1.62825752","US598841aac259a707466705","0","0");
INSERT INTO progress_student VALUES("PS59a555f1b9ad86.60922117","PG59a555f1b80081.89584503","US598c22660735d888327545","1","1");
INSERT INTO progress_student VALUES("PS59cf91451740f7.21328634","PG59cf9145164178.84076372","US5985c2b68edfc766823396","0","0");
INSERT INTO progress_student VALUES("PS59a555f1b9ae30.84598177","PG59a555f1b80081.89584503","US598c22dc762ba836756417","1","1");
INSERT INTO progress_student VALUES("PS59a555f1b9ae97.17161552","PG59a555f1b80081.89584503","US598c22b60c4d9814871020","1","1");
INSERT INTO progress_student VALUES("PS59a555f1b9aee3.31776632","PG59a555f1b80081.89584503","US5985c1f583a17705459810","1","1");
INSERT INTO progress_student VALUES("PS59a555f1b9af20.72492044","PG59a555f1b80081.89584503","US598c22f281ebe771825491","1","1");
INSERT INTO progress_student VALUES("PS59a5560a040578.40976433","PG59a5560a03bcd2.28749915","US5985c12ec0a62122183433","1","1");
INSERT INTO progress_student VALUES("PS59d7821a471df5.27570347","PG59d7821a460342.68280794","US5985be0737ecf867117823","1","1");
INSERT INTO progress_student VALUES("PS59a5560a040744.21177041","PG59a5560a03bcd2.28749915","US5985c101deba4237296265","1","1");
INSERT INTO progress_student VALUES("PS59a5560a0407a2.14187652","PG59a5560a03bcd2.28749915","US5985c0d8a6582773333184","1","1");
INSERT INTO progress_student VALUES("PS59a5560a040826.10477943","PG59a5560a03bcd2.28749915","US5985c2b68edfc766823396","1","1");
INSERT INTO progress_student VALUES("PS59a5560a040899.57613067","PG59a5560a03bcd2.28749915","US5985c0b84aff1682766928","1","0.5");
INSERT INTO progress_student VALUES("PS59aff009616988.44678350","PG59afe602631368.30922784","US5985c0986fb60310314303","1","0.5");
INSERT INTO progress_student VALUES("PS59a556476d2c87.74994903","PG59a556476b4d44.01305827","US598c22660735d888327545","1","0.5");
INSERT INTO progress_student VALUES("PS59cf91451740c5.81137165","PG59cf9145164178.84076372","US5985c2133318e292390635","1","1");
INSERT INTO progress_student VALUES("PS59a556476d3035.72361412","PG59a556476b4d44.01305827","US598c22dc762ba836756417","1","0.5");
INSERT INTO progress_student VALUES("PS59a556476d30a6.80277604","PG59a556476b4d44.01305827","US598c22b60c4d9814871020","1","1");
INSERT INTO progress_student VALUES("PS59a556476d3109.69212832","PG59a556476b4d44.01305827","US5985c1f583a17705459810","1","1");
INSERT INTO progress_student VALUES("PS59a556476d3165.52183516","PG59a556476b4d44.01305827","US598c22f281ebe771825491","1","1");
INSERT INTO progress_student VALUES("PS59afefea81fc15.96543669","PG59afefea80ef36.73318080","US5985c30558ce4589866616","1","1");
INSERT INTO progress_student VALUES("PS59a556a6aaf254.86934602","PG59a556a6a990b8.66320072","US598c22660735d888327545","1","1");
INSERT INTO progress_student VALUES("PS59cf9145174087.38852156","PG59cf9145164178.84076372","US5985c2cff290c469198689","0","0");
INSERT INTO progress_student VALUES("PS59a556a6aaf313.35508829","PG59a556a6a990b8.66320072","US598c22dc762ba836756417","1","1");
INSERT INTO progress_student VALUES("PS59a556a6aaf371.06245908","PG59a556a6a990b8.66320072","US598c22b60c4d9814871020","1","1");
INSERT INTO progress_student VALUES("PS59a556a6aaf3d9.33155239","PG59a556a6a990b8.66320072","US5985c1f583a17705459810","1","0.5");
INSERT INTO progress_student VALUES("PS59a556a6aaf415.11111400","PG59a556a6a990b8.66320072","US598c22f281ebe771825491","1","1");
INSERT INTO progress_student VALUES("PS59afefea81fbe2.61761000","PG59afefea80ef36.73318080","US598830cb51480379466684","1","0");
INSERT INTO progress_student VALUES("PS59a557023232c2.20410065","PG59a5570230ce26.30240183","US598c22660735d888327545","1","0.5");
INSERT INTO progress_student VALUES("PS59cf9145174047.96686435","PG59cf9145164178.84076372","US5985c0d8a6582773333184","0","0");
INSERT INTO progress_student VALUES("PS59a55702323378.95766056","PG59a5570230ce26.30240183","US598c22dc762ba836756417","1","0.5");
INSERT INTO progress_student VALUES("PS59a557023233c9.39069427","PG59a5570230ce26.30240183","US598c22b60c4d9814871020","1","0.5");
INSERT INTO progress_student VALUES("PS59a55702323417.17165988","PG59a5570230ce26.30240183","US5985c1f583a17705459810","1","0.5");
INSERT INTO progress_student VALUES("PS59a55702323461.36394339","PG59a5570230ce26.30240183","US598c22f281ebe771825491","1","1");
INSERT INTO progress_student VALUES("PS59afefea81fba2.44033348","PG59afefea80ef36.73318080","US5985c0986fb60310314303","0","0");
INSERT INTO progress_student VALUES("PS59a55739081cc8.11655582","PG59a557390699a6.33883770","US598c22660735d888327545","1","0.5");
INSERT INTO progress_student VALUES("PS59cf9145173ff1.34377074","PG59cf9145164178.84076372","US5985c101deba4237296265","1","1");
INSERT INTO progress_student VALUES("PS59a55739081d75.95856657","PG59a557390699a6.33883770","US598c22dc762ba836756417","1","0.5");
INSERT INTO progress_student VALUES("PS59a55739081dd7.46345836","PG59a557390699a6.33883770","US598c22b60c4d9814871020","1","0.5");
INSERT INTO progress_student VALUES("PS59a55739081e27.09128645","PG59a557390699a6.33883770","US5985c1f583a17705459810","1","0.5");
INSERT INTO progress_student VALUES("PS59a55739081e78.21530032","PG59a557390699a6.33883770","US598c22f281ebe771825491","1","0.5");
INSERT INTO progress_student VALUES("PS59a55742f00827.46162101","PG59a55742efe450.92522941","US5985c12ec0a62122183433","1","0.5");
INSERT INTO progress_student VALUES("PS59d7821a471da4.05168605","PG59d7821a460342.68280794","US5985c2b68edfc766823396","1","1");
INSERT INTO progress_student VALUES("PS59a55742f00962.24953287","PG59a55742efe450.92522941","US5985c101deba4237296265","1","1");
INSERT INTO progress_student VALUES("PS59a55742f009b5.18712888","PG59a55742efe450.92522941","US5985c0d8a6582773333184","1","1");
INSERT INTO progress_student VALUES("PS59a55742f00a12.72626815","PG59a55742efe450.92522941","US5985c2b68edfc766823396","1","1");
INSERT INTO progress_student VALUES("PS59a55742f00a40.71138166","PG59a55742efe450.92522941","US5985c0b84aff1682766928","0","0");
INSERT INTO progress_student VALUES("PS59a557d26abdb1.20921769","PG59a557d2696784.93194816","US5985c12ec0a62122183433","1","1");
INSERT INTO progress_student VALUES("PS59a557d26ac0b8.41317535","PG59a557d2696784.93194816","US5985c101deba4237296265","1","1");
INSERT INTO progress_student VALUES("PS59a557d26ac105.78286949","PG59a557d2696784.93194816","US5985c0d8a6582773333184","1","1");
INSERT INTO progress_student VALUES("PS59a557d26ac158.65209238","PG59a557d2696784.93194816","US5985c2b68edfc766823396","1","1");
INSERT INTO progress_student VALUES("PS59a557d26ac1a4.58188075","PG59a557d2696784.93194816","US5985c0b84aff1682766928","1","1");
INSERT INTO progress_student VALUES("PS59a5584d85f810.82076044","PG59a5584d8483b7.23753142","US5985c12ec0a62122183433","0","0");
INSERT INTO progress_student VALUES("PS59d7821a471d77.99830771","PG59d7821a460342.68280794","US5985c2133318e292390635","1","0.5");
INSERT INTO progress_student VALUES("PS59a5584d85fac5.02004616","PG59a5584d8483b7.23753142","US5985c101deba4237296265","1","1");
INSERT INTO progress_student VALUES("PS59a5584d85fb23.42656391","PG59a5584d8483b7.23753142","US5985c0d8a6582773333184","1","1");
INSERT INTO progress_student VALUES("PS59a5584d85fb72.57829576","PG59a5584d8483b7.23753142","US5985c2b68edfc766823396","1","1");
INSERT INTO progress_student VALUES("PS59a5584d85fbc2.42814329","PG59a5584d8483b7.23753142","US5985c0b84aff1682766928","1","0.5");
INSERT INTO progress_student VALUES("PS59a558b2a221e4.38587038","PG59a558b2a1fa44.71152712","US5985c12ec0a62122183433","0","0");
INSERT INTO progress_student VALUES("PS59d7821a471d26.01244689","PG59d7821a460342.68280794","US5985c03ababcf003612666","1","1");
INSERT INTO progress_student VALUES("PS59a558b2a22319.10600269","PG59a558b2a1fa44.71152712","US5985c101deba4237296265","1","1");
INSERT INTO progress_student VALUES("PS59a558b2a22373.00759133","PG59a558b2a1fa44.71152712","US5985c0d8a6582773333184","1","1");
INSERT INTO progress_student VALUES("PS59a558b2a223c0.68371066","PG59a558b2a1fa44.71152712","US5985c2b68edfc766823396","0","0");
INSERT INTO progress_student VALUES("PS59a558b2a22407.83294203","PG59a558b2a1fa44.71152712","US5985c0b84aff1682766928","1","1");
INSERT INTO progress_student VALUES("PS59a558d4d6f3c0.94671759","PG59a558d4d6d543.58007449","US5985c12ec0a62122183433","1","1");
INSERT INTO progress_student VALUES("PS59d7821a471c03.47622174","PG59d7821a460342.68280794","US59bf9ce149c5b2.90105243","1","1");
INSERT INTO progress_student VALUES("PS59a558d4d6f4e1.62161662","PG59a558d4d6d543.58007449","US5985c101deba4237296265","1","1");
INSERT INTO progress_student VALUES("PS59a558d4d6f523.39742798","PG59a558d4d6d543.58007449","US5985c0d8a6582773333184","1","1");
INSERT INTO progress_student VALUES("PS59a558d4d6f562.90246414","PG59a558d4d6d543.58007449","US5985c2b68edfc766823396","1","1");
INSERT INTO progress_student VALUES("PS59a558d4d6f5a4.41895063","PG59a558d4d6d543.58007449","US5985c0b84aff1682766928","1","1");
INSERT INTO progress_student VALUES("PS59a7d69f37b089.49091735","PG59a7d69f369294.80882169","US599fb3c76a2705.37462250","1","0.5");
INSERT INTO progress_student VALUES("PS59a7d69f37aee8.77517946","PG59a7d69f369294.80882169","US5985c05993e14209919366","0","0");
INSERT INTO progress_student VALUES("PS59a7d3d33a6105.21202566","PG59a7d3d3391048.39170579","US5985c3898ae59122109569","1","0.5");
INSERT INTO progress_student VALUES("PS59a7d3d33a6012.69294060","PG59a7d3d3391048.39170579","US5985cba14b8d3100168809","0","0");
INSERT INTO progress_student VALUES("PS59a7d3d33a5fc5.46099433","PG59a7d3d3391048.39170579","US598c228136211031368108","1","1");
INSERT INTO progress_student VALUES("PS59a7d3d33a5f61.02913491","PG59a7d3d3391048.39170579","US5985c180bf2b9391395197","1","1");
INSERT INTO progress_student VALUES("PS59a7d3d33a5e30.91456388","PG59a7d3d3391048.39170579","US5985c1947a60f020154533","1","1");
INSERT INTO progress_student VALUES("PS59a65fa7a99fd9.55250142","PG59a5251a7ada46.28480374","US599fb3c76a2705.37462250","1","0.5");
INSERT INTO progress_student VALUES("PS59a7d69f37b0e3.58735741","PG59a7d69f369294.80882169","US5985c03ababcf003612666","0","0");
INSERT INTO progress_student VALUES("PS59bfc394157a12.91653183","PG59bfc394147580.97781286","US598830cb51480379466684","1","1");
INSERT INTO progress_student VALUES("PS59a7d69f37b193.47792495","PG59a7d69f369294.80882169","US5985be0737ecf867117823","0","0");
INSERT INTO progress_student VALUES("PS59a7d69f37b1e6.50066836","PG59a7d69f369294.80882169","US5985c0986fb60310314303","0","0");
INSERT INTO progress_student VALUES("PS59a7d6f15c3fe3.24670745","PG59a7d6f15b36b4.10403617","US5985c12ec0a62122183433","1","0.5");
INSERT INTO progress_student VALUES("PS59d780bf138e36.94430739","PG59d780bf135ee4.60836928","US59bf8381092e81.83889127","1","1");
INSERT INTO progress_student VALUES("PS59a7d6f15c4186.30526986","PG59a7d6f15b36b4.10403617","US5985c101deba4237296265","1","1");
INSERT INTO progress_student VALUES("PS59a7d6f15c41c9.42554364","PG59a7d6f15b36b4.10403617","US5985c0d8a6582773333184","1","0.5");
INSERT INTO progress_student VALUES("PS59a7d6f15c4215.50347278","PG59a7d6f15b36b4.10403617","US5985c2b68edfc766823396","1","1");
INSERT INTO progress_student VALUES("PS59a7d6f15c4271.93749458","PG59a7d6f15b36b4.10403617","US5985c0b84aff1682766928","1","1");
INSERT INTO progress_student VALUES("PS59afefea81fb55.43277957","PG59afefea80ef36.73318080","US5985c2133318e292390635","1","0");
INSERT INTO progress_student VALUES("PS59a7da14d57182.18207975","PG59a7da14d45e95.97534732","US598c22660735d888327545","1","1");
INSERT INTO progress_student VALUES("PS59d780bf138dc0.03888647","PG59d780bf135ee4.60836928","US59aeaa94525328.23579708","1","1");
INSERT INTO progress_student VALUES("PS59a7da14d57214.98055125","PG59a7da14d45e95.97534732","US598c22dc762ba836756417","1","1");
INSERT INTO progress_student VALUES("PS59a7da14d57268.61732444","PG59a7da14d45e95.97534732","US598c22b60c4d9814871020","1","1");
INSERT INTO progress_student VALUES("PS59a7da14d572a8.22489780","PG59a7da14d45e95.97534732","US5985c1f583a17705459810","1","0.5");
INSERT INTO progress_student VALUES("PS59a7da14d572d9.56396899","PG59a7da14d45e95.97534732","US598c22f281ebe771825491","1","1");
INSERT INTO progress_student VALUES("PS59ad4106e708f8.70858613","PG59ad4106e6de82.35806830","US59ac0a2f0b6623.14189239","1","1");
INSERT INTO progress_student VALUES("PS59ad4106e70937.65385186","PG59ad4106e6de82.35806830","US5985c0b84aff1682766928","1","1");
INSERT INTO progress_student VALUES("PS59ad448ed6f1b9.15054553","PG59ad448ed4f8a1.37393936","US5985c1947a60f020154533","1","1");
INSERT INTO progress_student VALUES("PS59afefea81fb06.64288065","PG59afefea80ef36.73318080","US5985c101deba4237296265","1","1");
INSERT INTO progress_student VALUES("PS59ad448ed6f4f9.30111510","PG59ad448ed4f8a1.37393936","US5985c180bf2b9391395197","1","1");
INSERT INTO progress_student VALUES("PS59ad448ed6f578.23020001","PG59ad448ed4f8a1.37393936","US59ac0488e33bb9.79658980","1","1");
INSERT INTO progress_student VALUES("PS59ad448ed6f608.08969401","PG59ad448ed4f8a1.37393936","US5985c1aa5d16e488712303","1","1");
INSERT INTO progress_student VALUES("PS59ad448ed6f689.60094165","PG59ad448ed4f8a1.37393936","US5985c1bf5965a032311598","1","1");
INSERT INTO progress_student VALUES("PS59ad448ed6f708.83307118","PG59ad448ed4f8a1.37393936","US5985c1d356320316320740","1","0.5");
INSERT INTO progress_student VALUES("PS59ad44b54dacb5.80598727","PG59ad44b54d8952.82043432","US598841aac259a707466705","0","0");
INSERT INTO progress_student VALUES("PS59ad44b54dae02.32010724","PG59ad44b54d8952.82043432","US5985c1f583a17705459810","1","0");
INSERT INTO progress_student VALUES("PS59ae9aed130162.83865811","PG59ae9aed12dd73.78235250","US5985c05993e14209919366","1","1");
INSERT INTO progress_student VALUES("PS59ad5b68d28d88.23861502","PG59ad5b68d15498.18601440","US5985c12ec0a62122183433","1","1");
INSERT INTO progress_student VALUES("PS59ad5b68d28f31.35501907","PG59ad5b68d15498.18601440","US5985c101deba4237296265","1","1");
INSERT INTO progress_student VALUES("PS59ad5b68d28f91.40672648","PG59ad5b68d15498.18601440","US5985c2133318e292390635","1","0.5");
INSERT INTO progress_student VALUES("PS59ad5b68d28fd9.30134530","PG59ad5b68d15498.18601440","US5985c0986fb60310314303","1","0.5");
INSERT INTO progress_student VALUES("PS59ad5b68d29035.85352889","PG59ad5b68d15498.18601440","US598830cb51480379466684","1","1");
INSERT INTO progress_student VALUES("PS59ad5b68d29082.58360555","PG59ad5b68d15498.18601440","US5985c30558ce4589866616","1","1");
INSERT INTO progress_student VALUES("PS59ae7f039aae32.19664298","PG59ae7f039a8447.21495873","US5985c1947a60f020154533","1","1");
INSERT INTO progress_student VALUES("PS59ae7f039aaf67.31790377","PG59ae7f039a8447.21495873","US59ac05f716e0d5.43146483","1","1");
INSERT INTO progress_student VALUES("PS59ae7f039aafb6.22322777","PG59ae7f039a8447.21495873","US5985c180bf2b9391395197","1","1");
INSERT INTO progress_student VALUES("PS59ae7f039aaff3.66674487","PG59ae7f039a8447.21495873","US598c228136211031368108","1","1");
INSERT INTO progress_student VALUES("PS59ae7f039ab0b9.10244515","PG59ae7f039a8447.21495873","US5985cba14b8d3100168809","0","0");
INSERT INTO progress_student VALUES("PS59d239529cb6a5.11597456","PG59d239529c88e8.15764964","US5985c0b84aff1682766928","1","1");
INSERT INTO progress_student VALUES("PS59ae7f039ab136.01628304","PG59ae7f039a8447.21495873","US5985c3ac6234d022515588","1","1");
INSERT INTO progress_student VALUES("PS59ae7f039ab188.23789667","PG59ae7f039a8447.21495873","US5985c3898ae59122109569","1","1");
INSERT INTO progress_student VALUES("PS59cb7fc968dc65.79452355","PG59cb7fc9679351.62568778","US59bf9ce149c5b2.90105243","1","1");
INSERT INTO progress_student VALUES("PS59b919a7659ac8.45592330","PG59b919a7657442.93257050","US59ac0a3f3ccca6.39254141","1","1");
INSERT INTO progress_student VALUES("PS59ae9aed130241.50196589","PG59ae9aed12dd73.78235250","US599fb3c76a2705.37462250","1","1");
INSERT INTO progress_student VALUES("PS59ae9aed130292.40592825","PG59ae9aed12dd73.78235250","US5985c03ababcf003612666","1","1");
INSERT INTO progress_student VALUES("PS59ae9aed130327.44632219","PG59ae9aed12dd73.78235250","US5985be0737ecf867117823","1","1");
INSERT INTO progress_student VALUES("PS59ae9aed130358.95678214","PG59ae9aed12dd73.78235250","US5985c0986fb60310314303","1","1");
INSERT INTO progress_student VALUES("PS59d24fdd1937b4.36516165","PG59d24fdd17aff2.86305936","US59ac0a2f0b6623.14189239","1","1");
INSERT INTO progress_student VALUES("PS59ae9b2a5d0ad9.17523891","PG59ae9b2a5ce0d5.67201098","US5985c12ec0a62122183433","1","1");
INSERT INTO progress_student VALUES("PS59ae9b2a5d0c26.45577060","PG59ae9b2a5ce0d5.67201098","US5985c101deba4237296265","1","1");
INSERT INTO progress_student VALUES("PS59ae9b2a5d0c70.46767893","PG59ae9b2a5ce0d5.67201098","US5985c0d8a6582773333184","1","1");
INSERT INTO progress_student VALUES("PS59ae9b2a5d0cd7.29063527","PG59ae9b2a5ce0d5.67201098","US5985c2cff290c469198689","1","1");
INSERT INTO progress_student VALUES("PS59ae9b2a5d0d14.74224063","PG59ae9b2a5ce0d5.67201098","US5985c2133318e292390635","1","1");
INSERT INTO progress_student VALUES("PS59ae9b2a5d0d44.92550636","PG59ae9b2a5ce0d5.67201098","US5985c2b68edfc766823396","1","1");
INSERT INTO progress_student VALUES("PS59ae9b2a5d0d96.65484119","PG59ae9b2a5ce0d5.67201098","US5985c0b84aff1682766928","0","0");
INSERT INTO progress_student VALUES("PS59aea4127bb941.84235718","PG59aea4127b8f10.20497988","US598c22660735d888327545","1","1");
INSERT INTO progress_student VALUES("PS59d780bf138e07.98480929","PG59d780bf135ee4.60836928","US5985c1f583a17705459810","1","0.5");
INSERT INTO progress_student VALUES("PS59aea4127bb9d9.69098292","PG59aea4127b8f10.20497988","US598c22dc762ba836756417","1","1");
INSERT INTO progress_student VALUES("PS59aea4127bba25.45956190","PG59aea4127b8f10.20497988","US598c22b60c4d9814871020","1","1");
INSERT INTO progress_student VALUES("PS59aea4127bba68.24663411","PG59aea4127b8f10.20497988","US5985c1f583a17705459810","1","0");
INSERT INTO progress_student VALUES("PS59aea4127bbaa6.92163741","PG59aea4127b8f10.20497988","US598c22f281ebe771825491","1","1");
INSERT INTO progress_student VALUES("PS59aea61ad84b85.75616913","PG59aea61ad6ec49.45305574","US59ad50dd140745.24244826","1","1");
INSERT INTO progress_student VALUES("PS59aea61ad84d58.28570647","PG59aea61ad6ec49.45305574","US59ac111453e868.28015852","0","0");
INSERT INTO progress_student VALUES("PS59aea61ad84de7.88513609","PG59aea61ad6ec49.45305574","US5985c03ababcf003612666","1","1");
INSERT INTO progress_student VALUES("PS59aea61ad84e44.61856445","PG59aea61ad6ec49.45305574","US5985be0737ecf867117823","1","1");
INSERT INTO progress_student VALUES("PS59aea61ad84e90.42289430","PG59aea61ad6ec49.45305574","US5985c1aa5d16e488712303","0","0");
INSERT INTO progress_student VALUES("PS59aea61ad84f37.20592886","PG59aea61ad6ec49.45305574","US59ac0739cea3f3.41924627","1","0.5");
INSERT INTO progress_student VALUES("PS59afda12118435.71022194","PG59afda120ff3f4.13077511","US5985c1947a60f020154533","1","1");
INSERT INTO progress_student VALUES("PS59afefea81f9f6.24117243","PG59afefea80ef36.73318080","US5985c12ec0a62122183433","1","0.5");
INSERT INTO progress_student VALUES("PS59afda12118687.20914525","PG59afda120ff3f4.13077511","US5985c180bf2b9391395197","1","1");
INSERT INTO progress_student VALUES("PS59afda121186f8.64856796","PG59afda120ff3f4.13077511","US59ac0488e33bb9.79658980","1","0.5");
INSERT INTO progress_student VALUES("PS59afda12118777.40407902","PG59afda120ff3f4.13077511","US5985c1aa5d16e488712303","1","0.5");
INSERT INTO progress_student VALUES("PS59afda121187e0.04432208","PG59afda120ff3f4.13077511","US5985c1bf5965a032311598","0","0");
INSERT INTO progress_student VALUES("PS59afda12118857.86180672","PG59afda120ff3f4.13077511","US5985c1d356320316320740","0","0");
INSERT INTO progress_student VALUES("PS59afdcf3636a44.43805599","PG59afdcf3620b95.72651290","US59ac0a3f3ccca6.39254141","1","1");
INSERT INTO progress_student VALUES("PS59afdcf3636ba0.91684146","PG59afdcf3620b95.72651290","US59ac0a2f0b6623.14189239","1","1");
INSERT INTO progress_student VALUES("PS59afdcf3636bf6.17775346","PG59afdcf3620b95.72651290","US5985c0b84aff1682766928","1","0.5");
INSERT INTO progress_student VALUES("PS59afdcf3636c41.68413056","PG59afdcf3620b95.72651290","US59aeaa94525328.23579708","1","1");
INSERT INTO progress_student VALUES("PS59afdcf3636ca9.14017583","PG59afdcf3620b95.72651290","US59ad5134a6bb18.10632279","1","1");
INSERT INTO progress_student VALUES("PS59afe602634313.45430081","PG59afe602631368.30922784","US5985c03ababcf003612666","1","1");
INSERT INTO progress_student VALUES("PS59afe602634487.19619775","PG59afe602631368.30922784","US5985c2133318e292390635","1","1");
INSERT INTO progress_student VALUES("PS59afe6026344d4.08451342","PG59afe602631368.30922784","US5985c2b68edfc766823396","1","1");
INSERT INTO progress_student VALUES("PS59afe602634505.27438333","PG59afe602631368.30922784","US5985be0737ecf867117823","1","1");
INSERT INTO progress_student VALUES("PS59b139a4528ea8.07600958","PG59b139a4526807.48139249","US599fb3c76a2705.37462250","1","1");
INSERT INTO progress_student VALUES("PS59b7d619ef0930.53229142","PG59b7d619ee14f8.44254217","US5985c180bf2b9391395197","0","0");
INSERT INTO progress_student VALUES("PS59b139a4528f77.41592123","PG59b139a4526807.48139249","US5985c03ababcf003612666","1","1");
INSERT INTO progress_student VALUES("PS59b28a54c61aa4.60913436","PG59b28a54c4b192.62180607","US5985c03ababcf003612666","1","1");
INSERT INTO progress_student VALUES("PS59b139a4529032.32417592","PG59b139a4526807.48139249","US5985be0737ecf867117823","1","1");
INSERT INTO progress_student VALUES("PS59b139a45290a9.16442697","PG59b139a4526807.48139249","US5985c0986fb60310314303","1","0.5");
INSERT INTO progress_student VALUES("PS59d24fdd1935e8.80143953","PG59d24fdd17aff2.86305936","US59ac0a3f3ccca6.39254141","1","1");
INSERT INTO progress_student VALUES("PS59b13b8baf51f5.74090925","PG59b13b8bad7df1.08644989","US5985c1947a60f020154533","1","1");
INSERT INTO progress_student VALUES("PS59b13b8baf5464.89410767","PG59b13b8bad7df1.08644989","US59ac05f716e0d5.43146483","1","1");
INSERT INTO progress_student VALUES("PS59b13b8baf5505.40311493","PG59b13b8bad7df1.08644989","US5985c180bf2b9391395197","1","1");
INSERT INTO progress_student VALUES("PS59b13b8baf5582.25515273","PG59b13b8bad7df1.08644989","US598c228136211031368108","1","1");
INSERT INTO progress_student VALUES("PS59b13b8baf5602.92839086","PG59b13b8bad7df1.08644989","US598c22dc762ba836756417","1","1");
INSERT INTO progress_student VALUES("PS59b13b8baf5689.67040586","PG59b13b8bad7df1.08644989","US5985cba14b8d3100168809","0","0");
INSERT INTO progress_student VALUES("PS59b13b8baf57c6.46053816","PG59b13b8bad7df1.08644989","US5985c3ac6234d022515588","1","1");
INSERT INTO progress_student VALUES("PS59b13b8baf5868.34450936","PG59b13b8bad7df1.08644989","US5985c3898ae59122109569","0","0");
INSERT INTO progress_student VALUES("PS59b13bc7dbeaa9.23721647","PG59b13bc7dacad8.13286041","US598c22660735d888327545","1","1");
INSERT INTO progress_student VALUES("PS59cf9145173f71.05081396","PG59cf9145164178.84076372","US59c3b6ffb2a223.12795377","1","1");
INSERT INTO progress_student VALUES("PS59b13bc7dbec07.08743538","PG59b13bc7dacad8.13286041","US598c22dc762ba836756417","0","0");
INSERT INTO progress_student VALUES("PS59b13bc7dbec44.83331741","PG59b13bc7dacad8.13286041","US598c22b60c4d9814871020","1","1");
INSERT INTO progress_student VALUES("PS59b13bc7dbec82.82698984","PG59b13bc7dacad8.13286041","US59afde10c892b8.75175782","1","1");
INSERT INTO progress_student VALUES("PS59b13bc7dbecc1.77939538","PG59b13bc7dacad8.13286041","US5985c1f583a17705459810","1","0.5");
INSERT INTO progress_student VALUES("PS59b13bc7dbecf7.19214429","PG59b13bc7dacad8.13286041","US598c22f281ebe771825491","1","1");
INSERT INTO progress_student VALUES("PS59b13da4eddc42.85980356","PG59b13da4ed1754.66600828","US59ac111453e868.28015852","1","1");
INSERT INTO progress_student VALUES("PS59b3dcf589dfd8.54935437","PG59b3dcf58899d1.66566553","US598c22660735d888327545","1","0");
INSERT INTO progress_student VALUES("PS59cf9145173e55.07769386","PG59cf9145164178.84076372","US5985c12ec0a62122183433","1","0.5");
INSERT INTO progress_student VALUES("PS59b13da4eddfb4.93763420","PG59b13da4ed1754.66600828","US5985c1aa5d16e488712303","0","0");
INSERT INTO progress_student VALUES("PS59b13ddca53291.61861700","PG59b13ddca50cf1.02424936","US59ad50dd140745.24244826","1","0.5");
INSERT INTO progress_student VALUES("PS59b13ddca53373.66855548","PG59b13ddca50cf1.02424936","US59ac111453e868.28015852","0","0");
INSERT INTO progress_student VALUES("PS59b29232632290.64976287","PG59b2923261a789.54101006","US59ad5134a6bb18.10632279","1","1");
INSERT INTO progress_student VALUES("PS59b13ddca53468.09279123","PG59b13ddca50cf1.02424936","US5985c03ababcf003612666","1","1");
INSERT INTO progress_student VALUES("PS59b13ddca53499.97463778","PG59b13ddca50cf1.02424936","US5985be0737ecf867117823","1","1");
INSERT INTO progress_student VALUES("PS59b13ddca534d7.68163498","PG59b13ddca50cf1.02424936","US5985c1aa5d16e488712303","0","0");
INSERT INTO progress_student VALUES("PS59b13ddca53514.64159044","PG59b13ddca50cf1.02424936","US59ac0739cea3f3.41924627","1","1");
INSERT INTO progress_student VALUES("PS59b144f2091e58.42780338","PG59b144f2080cb2.95271286","US5985c12ec0a62122183433","1","1");
INSERT INTO progress_student VALUES("PS59d780bf138d86.04307324","PG59d780bf135ee4.60836928","US5985c0b84aff1682766928","1","0.5");
INSERT INTO progress_student VALUES("PS59b144f2092113.73584187","PG59b144f2080cb2.95271286","US5985c101deba4237296265","1","1");
INSERT INTO progress_student VALUES("PS59b144f2092153.00670017","PG59b144f2080cb2.95271286","US5985c0d8a6582773333184","1","1");
INSERT INTO progress_student VALUES("PS59b144f2092196.67751105","PG59b144f2080cb2.95271286","US5985c2cff290c469198689","1","1");
INSERT INTO progress_student VALUES("PS59b144f20921c4.14248708","PG59b144f2080cb2.95271286","US5985c2133318e292390635","1","1");
INSERT INTO progress_student VALUES("PS59b144f20921f2.25283792","PG59b144f2080cb2.95271286","US5985c2b68edfc766823396","1","1");
INSERT INTO progress_student VALUES("PS59b144f2092232.59690230","PG59b144f2080cb2.95271286","US5985c0b84aff1682766928","0","0");
INSERT INTO progress_student VALUES("PS59b29842867c92.78205286","PG59b298428655d3.90439122","US5985c1947a60f020154533","1","1");
INSERT INTO progress_student VALUES("PS59b29842867da4.85042440","PG59b298428655d3.90439122","US5985c180bf2b9391395197","1","1");
INSERT INTO progress_student VALUES("PS59b29842867e01.62958309","PG59b298428655d3.90439122","US59b122b8431c99.19083022","1","1");
INSERT INTO progress_student VALUES("PS59b29842867e30.47825762","PG59b298428655d3.90439122","US59ac0488e33bb9.79658980","1","1");
INSERT INTO progress_student VALUES("PS59b29842867e90.44576983","PG59b298428655d3.90439122","US5985c1aa5d16e488712303","1","0.5");
INSERT INTO progress_student VALUES("PS59b29842867ee2.94376840","PG59b298428655d3.90439122","US5985c1bf5965a032311598","1","1");
INSERT INTO progress_student VALUES("PS59b29842867f23.27537249","PG59b298428655d3.90439122","US5985c1d356320316320740","1","0.5");
INSERT INTO progress_student VALUES("PS59b29869a2bf54.47140859","PG59b29869a29a71.52347747","US598841aac259a707466705","0","0");
INSERT INTO progress_student VALUES("PS59b29869a2c044.04937473","PG59b29869a29a71.52347747","US5985c0b84aff1682766928","1","0.5");
INSERT INTO progress_student VALUES("PS59b29869a2c085.41585332","PG59b29869a29a71.52347747","US59aeaa94525328.23579708","1","1");
INSERT INTO progress_student VALUES("PS59b29869a2c0c1.33282359","PG59b29869a29a71.52347747","US5985c1f583a17705459810","1","1");
INSERT INTO progress_student VALUES("PS59b2a62566e185.01498822","PG59b2a62566ad32.11696387","US5985c12ec0a62122183433","1","0");
INSERT INTO progress_student VALUES("PS59b2a62566e2f3.62519878","PG59b2a62566ad32.11696387","US5985c101deba4237296265","1","1");
INSERT INTO progress_student VALUES("PS59b2a62566e372.47306240","PG59b2a62566ad32.11696387","US5985c2133318e292390635","1","0.5");
INSERT INTO progress_student VALUES("PS59b2a62566e3e5.60480235","PG59b2a62566ad32.11696387","US5985c0986fb60310314303","0","0");
INSERT INTO progress_student VALUES("PS59b2a62566e457.85176545","PG59b2a62566ad32.11696387","US598830cb51480379466684","1","0.5");
INSERT INTO progress_student VALUES("PS59b2a62566e4b0.74785142","PG59b2a62566ad32.11696387","US5985c30558ce4589866616","1","1");
INSERT INTO progress_student VALUES("PS59b3bbc21c21f2.26516793","PG59ae9aed12dd73.78235250","US598841aac259a707466705","1","1");
INSERT INTO progress_student VALUES("PS59b7d619ef08d9.78078901","PG59b7d619ee14f8.44254217","US59ac05f716e0d5.43146483","1","1");
INSERT INTO progress_student VALUES("PS59b3c28a27f6b2.88353967","PG59b3c28a27cb37.30420233","US598841aac259a707466705","0","0");
INSERT INTO progress_student VALUES("PS59b3c28a27f7b5.77993359","PG59b3c28a27cb37.30420233","US5985c05993e14209919366","1","1");
INSERT INTO progress_student VALUES("PS59b3c28a27f7f5.65328516","PG59b3c28a27cb37.30420233","US599fb3c76a2705.37462250","1","1");
INSERT INTO progress_student VALUES("PS59b7d619ef0798.33546578","PG59b7d619ee14f8.44254217","US5985c1947a60f020154533","1","1");
INSERT INTO progress_student VALUES("PS59b3c28a27f872.07161234","PG59b3c28a27cb37.30420233","US5985c03ababcf003612666","1","1");
INSERT INTO progress_student VALUES("PS59b3c28a27f8b4.24870457","PG59b3c28a27cb37.30420233","US5985be0737ecf867117823","1","1");
INSERT INTO progress_student VALUES("PS59b3c28a27f8e7.46352275","PG59b3c28a27cb37.30420233","US5985c0986fb60310314303","1","0.5");
INSERT INTO progress_student VALUES("PS59d385ce6e25e2.17788951","PG59d385ce6deed3.32733470","US5985c2133318e292390635","1","1");
INSERT INTO progress_student VALUES("PS59b3ca5a2c9448.39165283","PG59b3ca5a2b3614.73322848","US5985c1947a60f020154533","1","1");
INSERT INTO progress_student VALUES("PS59b3ca5a2c9601.32019912","PG59b3ca5a2b3614.73322848","US59ac05f716e0d5.43146483","1","1");
INSERT INTO progress_student VALUES("PS59b3ca5a2c9679.27222631","PG59b3ca5a2b3614.73322848","US5985c180bf2b9391395197","1","1");
INSERT INTO progress_student VALUES("PS59b3ca5a2c96c8.86734044","PG59b3ca5a2b3614.73322848","US598c228136211031368108","1","0");
INSERT INTO progress_student VALUES("PS59b3ca5a2c9714.47220261","PG59b3ca5a2b3614.73322848","US598c22dc762ba836756417","1","1");
INSERT INTO progress_student VALUES("PS59b3ca5a2c9766.84260051","PG59b3ca5a2b3614.73322848","US5985cba14b8d3100168809","0","0");
INSERT INTO progress_student VALUES("PS59d239529cb663.69281990","PG59d239529c88e8.15764964","US59b7aa305bd0e5.73964541","0","0");
INSERT INTO progress_student VALUES("PS59b3ca5a2c97e1.47909604","PG59b3ca5a2b3614.73322848","US5985c3ac6234d022515588","0","0");
INSERT INTO progress_student VALUES("PS59b3ca5a2c9820.72844979","PG59b3ca5a2b3614.73322848","US5985c3898ae59122109569","1","1");
INSERT INTO progress_student VALUES("PS59b3dcf589e171.99041683","PG59b3dcf58899d1.66566553","US598c22b60c4d9814871020","1","1");
INSERT INTO progress_student VALUES("PS59b3dcf589e1c1.84652909","PG59b3dcf58899d1.66566553","US59afde10c892b8.75175782","1","0.5");
INSERT INTO progress_student VALUES("PS59b3dcf589e200.57065086","PG59b3dcf58899d1.66566553","US5985c1f583a17705459810","1","1");
INSERT INTO progress_student VALUES("PS59b3dcf589e247.52369171","PG59b3dcf58899d1.66566553","US598c22f281ebe771825491","1","1");
INSERT INTO progress_student VALUES("PS59b3de2a670ea5.32450374","PG59b3de2a6521e1.47835216","US5985c12ec0a62122183433","0","0");
INSERT INTO progress_student VALUES("PS59d780bf138d45.50072977","PG59d780bf135ee4.60836928","US59b7aa305bd0e5.73964541","0","0");
INSERT INTO progress_student VALUES("PS59b3de2a6710f6.92443816","PG59b3de2a6521e1.47835216","US5985c101deba4237296265","1","0.5");
INSERT INTO progress_student VALUES("PS59b3de2a671131.57460720","PG59b3de2a6521e1.47835216","US5985c0d8a6582773333184","1","0.5");
INSERT INTO progress_student VALUES("PS59b3de2a671180.89539967","PG59b3de2a6521e1.47835216","US5985c2cff290c469198689","1","1");
INSERT INTO progress_student VALUES("PS59b3de2a6711d5.09570196","PG59b3de2a6521e1.47835216","US5985c2133318e292390635","1","1");
INSERT INTO progress_student VALUES("PS59b3de2a671226.43512131","PG59b3de2a6521e1.47835216","US5985c2b68edfc766823396","0","0");
INSERT INTO progress_student VALUES("PS59b66617d15a61.97108909","PG59b66617d06b49.94637279","US5985c03ababcf003612666","1","1");
INSERT INTO progress_student VALUES("PS59bfc394157987.60424531","PG59bfc394147580.97781286","US5985c2133318e292390635","1","0.5");
INSERT INTO progress_student VALUES("PS59d23cfa818a52.40549926","PG59d23cfa815fa9.77797522","US5985c0986fb60310314303","1","1");
INSERT INTO progress_student VALUES("PS59b66617d15be0.59881351","PG59b66617d06b49.94637279","US5985c2133318e292390635","1","0.5");
INSERT INTO progress_student VALUES("PS59b66617d15c24.88919663","PG59b66617d06b49.94637279","US5985c2b68edfc766823396","1","1");
INSERT INTO progress_student VALUES("PS59b66617d15c65.73773856","PG59b66617d06b49.94637279","US5985be0737ecf867117823","1","0.5");
INSERT INTO progress_student VALUES("PS59b66617d15c97.95061188","PG59b66617d06b49.94637279","US5985c0986fb60310314303","1","0.5");
INSERT INTO progress_student VALUES("PS59b67a7800f611.75404180","PG59b67a77f41854.49639005","US59ac0a3f3ccca6.39254141","1","1");
INSERT INTO progress_student VALUES("PS59b67a7800f734.86402019","PG59b67a77f41854.49639005","US59ac0a2f0b6623.14189239","1","1");
INSERT INTO progress_student VALUES("PS59b67a7800f789.28948513","PG59b67a77f41854.49639005","US5985c0b84aff1682766928","1","0.5");
INSERT INTO progress_student VALUES("PS59b67a7800f7b2.54631426","PG59b67a77f41854.49639005","US59aeaa94525328.23579708","1","1");
INSERT INTO progress_student VALUES("PS59b67a7800f7f8.16765979","PG59b67a77f41854.49639005","US59ad5134a6bb18.10632279","1","1");
INSERT INTO progress_student VALUES("PS59b6945605bd13.24200074","PG59b6945604bc47.05738245","US5985c1947a60f020154533","1","1");
INSERT INTO progress_student VALUES("PS59b6945605be75.56466084","PG59b6945604bc47.05738245","US5985c180bf2b9391395197","1","1");
INSERT INTO progress_student VALUES("PS59b6945605bec6.63617406","PG59b6945604bc47.05738245","US59b122b8431c99.19083022","1","1");
INSERT INTO progress_student VALUES("PS59b6945605bf08.02997224","PG59b6945604bc47.05738245","US59ac0488e33bb9.79658980","1","1");
INSERT INTO progress_student VALUES("PS59b6945605bf57.37038770","PG59b6945604bc47.05738245","US5985c1aa5d16e488712303","1","1");
INSERT INTO progress_student VALUES("PS59b6945605bf91.71120595","PG59b6945604bc47.05738245","US5985c1bf5965a032311598","1","1");
INSERT INTO progress_student VALUES("PS59b6945605bfd9.51419020","PG59b6945604bc47.05738245","US5985c1d356320316320740","1","1");
INSERT INTO progress_student VALUES("PS59b6947b6effd8.57806666","PG59b6947b6e3c65.44696156","US5985c0b84aff1682766928","1","0.5");
INSERT INTO progress_student VALUES("PS59b6947b6f02c6.44556810","PG59b6947b6e3c65.44696156","US59aeaa94525328.23579708","1","1");
INSERT INTO progress_student VALUES("PS59b6947b6f03a1.33252262","PG59b6947b6e3c65.44696156","US5985c1f583a17705459810","1","1");
INSERT INTO progress_student VALUES("PS59b7d619ef0987.21261681","PG59b7d619ee14f8.44254217","US598c228136211031368108","1","1");
INSERT INTO progress_student VALUES("PS59b7d619ef09d1.49545205","PG59b7d619ee14f8.44254217","US598c22dc762ba836756417","1","1");
INSERT INTO progress_student VALUES("PS59b7d619ef0a23.69293489","PG59b7d619ee14f8.44254217","US5985cba14b8d3100168809","0","0");
INSERT INTO progress_student VALUES("PS59d6387f8d41a4.96273859","PG59d6387f8bcf82.07021895","US59c3b6ffb2a223.12795377","1","1");
INSERT INTO progress_student VALUES("PS59b7d619ef0ab6.35599425","PG59b7d619ee14f8.44254217","US5985c3ac6234d022515588","1","1");
INSERT INTO progress_student VALUES("PS59b7d619ef0af5.71089386","PG59b7d619ee14f8.44254217","US5985c3898ae59122109569","1","1");
INSERT INTO progress_student VALUES("PS59cf8b14c71b56.44686369","PG59cf8b14c62f59.71797682","US598c22f281ebe771825491","1","0");
INSERT INTO progress_student VALUES("PS59b7d6353e71a6.52930254","PG59b7d6353e1745.73202316","US598c22b60c4d9814871020","1","1");
INSERT INTO progress_student VALUES("PS59b7d6353e71d9.46406862","PG59b7d6353e1745.73202316","US59afde10c892b8.75175782","1","1");
INSERT INTO progress_student VALUES("PS59b7d6353e7227.19554422","PG59b7d6353e1745.73202316","US5985c1f583a17705459810","1","1");
INSERT INTO progress_student VALUES("PS59b7d6353e7260.88278492","PG59b7d6353e1745.73202316","US598c22f281ebe771825491","1","1");
INSERT INTO progress_student VALUES("PS59b7ef62176b38.54216704","PG59b7ef62164544.85376320","US5985c12ec0a62122183433","1","1");
INSERT INTO progress_student VALUES("PS59e0b2653ac807.72616780","PG59e0b2653864c8.20641938","US5985c1f583a17705459810","1","0");
INSERT INTO progress_student VALUES("PS59b7ef62176cb5.98063224","PG59b7ef62164544.85376320","US5985c101deba4237296265","1","1");
INSERT INTO progress_student VALUES("PS59b7ef62176cf9.08535068","PG59b7ef62164544.85376320","US5985c0d8a6582773333184","1","1");
INSERT INTO progress_student VALUES("PS59b7ef62176d31.02337346","PG59b7ef62164544.85376320","US5985c2cff290c469198689","1","0.5");
INSERT INTO progress_student VALUES("PS59b7ef62176d75.09068398","PG59b7ef62164544.85376320","US5985c2133318e292390635","1","0.5");
INSERT INTO progress_student VALUES("PS59b7ef62176da2.99080071","PG59b7ef62164544.85376320","US5985c2b68edfc766823396","1","1");
INSERT INTO progress_student VALUES("PS59b7ef8aa33256.57058821","PG59b7ef8aa1e713.98397454","US598841aac259a707466705","1","1");
INSERT INTO progress_student VALUES("PS59b7ef8aa33375.27415112","PG59b7ef8aa1e713.98397454","US59ac0a2f0b6623.14189239","1","1");
INSERT INTO progress_student VALUES("PS59b7ef8aa333b7.47453518","PG59b7ef8aa1e713.98397454","US5985c05993e14209919366","1","1");
INSERT INTO progress_student VALUES("PS59b7ef8aa333f7.74482333","PG59b7ef8aa1e713.98397454","US599fb3c76a2705.37462250","1","1");
INSERT INTO progress_student VALUES("PS59b7ef8aa33430.55568771","PG59b7ef8aa1e713.98397454","US5985c03ababcf003612666","1","1");
INSERT INTO progress_student VALUES("PS59b7ef8aa33476.94883679","PG59b7ef8aa1e713.98397454","US5985be0737ecf867117823","1","1");
INSERT INTO progress_student VALUES("PS59b7ef8aa334a4.35889871","PG59b7ef8aa1e713.98397454","US5985c0986fb60310314303","1","1");
INSERT INTO progress_student VALUES("PS59b919a7659bb6.35076513","PG59b919a7657442.93257050","US59ac0a2f0b6623.14189239","1","0.5");
INSERT INTO progress_student VALUES("PS59b919a7659c06.28487885","PG59b919a7657442.93257050","US5985c0b84aff1682766928","1","1");
INSERT INTO progress_student VALUES("PS59b919a7659c46.42336822","PG59b919a7657442.93257050","US59aeaa94525328.23579708","1","1");
INSERT INTO progress_student VALUES("PS59b919a7659c86.36121378","PG59b919a7657442.93257050","US59ad5134a6bb18.10632279","1","1");
INSERT INTO progress_student VALUES("PS59b91ef07d20a8.69040824","PG59b91ef07b8970.47216625","US5985c03ababcf003612666","1","0.5");
INSERT INTO progress_student VALUES("PS59bfc3941578f5.42854371","PG59bfc394147580.97781286","US5985c2cff290c469198689","0","0");
INSERT INTO progress_student VALUES("PS59d23cfa8189e5.71847492","PG59d23cfa815fa9.77797522","US5985be0737ecf867117823","1","1");
INSERT INTO progress_student VALUES("PS59b91ef07d22d3.48852867","PG59b91ef07b8970.47216625","US5985c2133318e292390635","1","0.5");
INSERT INTO progress_student VALUES("PS59b91ef07d2322.17981843","PG59b91ef07b8970.47216625","US5985c2b68edfc766823396","1","1");
INSERT INTO progress_student VALUES("PS59b91ef07d2362.88600209","PG59b91ef07b8970.47216625","US5985be0737ecf867117823","1","1");
INSERT INTO progress_student VALUES("PS59b91ef07d23a2.40135286","PG59b91ef07b8970.47216625","US5985c0986fb60310314303","1","1");
INSERT INTO progress_student VALUES("PS59b937f715de79.28440344","PG59b937f7146c27.13495167","US5985c1947a60f020154533","1","1");
INSERT INTO progress_student VALUES("PS59b937f715e055.17457153","PG59b937f7146c27.13495167","US5985c180bf2b9391395197","1","1");
INSERT INTO progress_student VALUES("PS59b937f715e0b6.53773449","PG59b937f7146c27.13495167","US59b122b8431c99.19083022","1","1");
INSERT INTO progress_student VALUES("PS59b937f715e0f5.40814161","PG59b937f7146c27.13495167","US59ac0488e33bb9.79658980","1","1");
INSERT INTO progress_student VALUES("PS59b937f715e143.59103973","PG59b937f7146c27.13495167","US5985c1aa5d16e488712303","1","0.5");
INSERT INTO progress_student VALUES("PS59b937f715e184.34958759","PG59b937f7146c27.13495167","US5985c1bf5965a032311598","1","1");
INSERT INTO progress_student VALUES("PS59b937f715e1c2.15388498","PG59b937f7146c27.13495167","US5985c1d356320316320740","1","0.5");
INSERT INTO progress_student VALUES("PS59b9381ab607d5.88863696","PG59b9381ab5ce21.84934324","US59ac0df47c33f2.32375704","1","0.5");
INSERT INTO progress_student VALUES("PS59e0a69c1ecac8.42534645","PG59e0a69c1bff98.50248464","US59ca508fa8b0a5.38524281","1","0.5");
INSERT INTO progress_student VALUES("PS59b9381ab60b49.79400219","PG59b9381ab5ce21.84934324","US59b7aa305bd0e5.73964541","1","1");
INSERT INTO progress_student VALUES("PS59b9381ab60ba4.12990674","PG59b9381ab5ce21.84934324","US5985c0b84aff1682766928","1","0.5");
INSERT INTO progress_student VALUES("PS59b9381ab60bf6.21052128","PG59b9381ab5ce21.84934324","US59aeaa94525328.23579708","1","1");
INSERT INTO progress_student VALUES("PS59b9381ab60c94.25178434","PG59b9381ab5ce21.84934324","US5985c1f583a17705459810","1","1");
INSERT INTO progress_student VALUES("PS59b940fecd5439.51219442","PG59b940fecd3101.82844396","US5985c12ec0a62122183433","1","1");
INSERT INTO progress_student VALUES("PS59b940fecd5506.02371769","PG59b940fecd3101.82844396","US5985c101deba4237296265","1","1");
INSERT INTO progress_student VALUES("PS59b940fecd5543.63159953","PG59b940fecd3101.82844396","US5985c2133318e292390635","1","0.5");
INSERT INTO progress_student VALUES("PS59b940fecd5585.44613557","PG59b940fecd3101.82844396","US598830cb51480379466684","1","0.5");
INSERT INTO progress_student VALUES("PS59b940fecd55c7.86112949","PG59b940fecd3101.82844396","US5985c30558ce4589866616","1","0.5");
INSERT INTO progress_student VALUES("PS59ba58f1551817.78172894","PG59ba58f153cb84.42533730","US5985c1947a60f020154533","1","0.5");
INSERT INTO progress_student VALUES("PS59ba58f1551a09.98648963","PG59ba58f153cb84.42533730","US59ac05f716e0d5.43146483","1","1");
INSERT INTO progress_student VALUES("PS59ba58f1551ab4.20075625","PG59ba58f153cb84.42533730","US5985c180bf2b9391395197","1","1");
INSERT INTO progress_student VALUES("PS59ba58f1551b25.11681079","PG59ba58f153cb84.42533730","US598c228136211031368108","1","0");
INSERT INTO progress_student VALUES("PS59ba58f1551bb8.81310212","PG59ba58f153cb84.42533730","US598c22dc762ba836756417","1","1");
INSERT INTO progress_student VALUES("PS59ba58f1551c20.95431912","PG59ba58f153cb84.42533730","US5985cba14b8d3100168809","0","0");
INSERT INTO progress_student VALUES("PS59e0a69c1ec957.98403983","PG59e0a69c1bff98.50248464","US59c901d4d38b76.07743701","0","0");
INSERT INTO progress_student VALUES("PS59ba58f1551d16.90082235","PG59ba58f153cb84.42533730","US5985c3ac6234d022515588","1","1");
INSERT INTO progress_student VALUES("PS59ba58f1551d86.41125830","PG59ba58f153cb84.42533730","US5985c3898ae59122109569","1","0.5");
INSERT INTO progress_student VALUES("PS59ba766f4564a8.46633807","PG59ba766f451cc2.19929393","US598841aac259a707466705","1","0.5");
INSERT INTO progress_student VALUES("PS59ba766f4565e9.63566024","PG59ba766f451cc2.19929393","US59ac0a2f0b6623.14189239","1","1");
INSERT INTO progress_student VALUES("PS59ba766f456647.01238618","PG59ba766f451cc2.19929393","US5985c05993e14209919366","1","1");
INSERT INTO progress_student VALUES("PS59ba766f456682.83287484","PG59ba766f451cc2.19929393","US599fb3c76a2705.37462250","1","1");
INSERT INTO progress_student VALUES("PS59ba766f4566d4.18428357","PG59ba766f451cc2.19929393","US5985c03ababcf003612666","1","1");
INSERT INTO progress_student VALUES("PS59ba766f456729.31295627","PG59ba766f451cc2.19929393","US5985be0737ecf867117823","1","1");
INSERT INTO progress_student VALUES("PS59ba766f456761.03936265","PG59ba766f451cc2.19929393","US5985c0986fb60310314303","1","1");
INSERT INTO progress_student VALUES("PS59d24f833e3868.25340341","PG59d24f833ccac5.55881719","US59bf7e29a90a18.55755906","1","0");
INSERT INTO progress_student VALUES("PS59ba76d9b010c6.94582149","PG59ba76d9af2861.69905864","US5985c12ec0a62122183433","1","0.5");
INSERT INTO progress_student VALUES("PS59d780bf138c42.76469491","PG59d780bf135ee4.60836928","US59ac0df47c33f2.32375704","1","1");
INSERT INTO progress_student VALUES("PS59ba76d9b01272.49920936","PG59ba76d9af2861.69905864","US5985c101deba4237296265","1","1");
INSERT INTO progress_student VALUES("PS59ba76d9b012b2.52292108","PG59ba76d9af2861.69905864","US5985c0d8a6582773333184","1","0.5");
INSERT INTO progress_student VALUES("PS59ba76d9b01309.37622302","PG59ba76d9af2861.69905864","US5985c2cff290c469198689","1","1");
INSERT INTO progress_student VALUES("PS59ba76d9b01341.66286182","PG59ba76d9af2861.69905864","US5985c2133318e292390635","1","0");
INSERT INTO progress_student VALUES("PS59ba76d9b01385.60465719","PG59ba76d9af2861.69905864","US5985c2b68edfc766823396","1","1");
INSERT INTO progress_student VALUES("PS59ce20bcb4bce1.52647668","PG59ce20bcb221a3.81435025","US59ac0488e33bb9.79658980","1","1");
INSERT INTO progress_student VALUES("PS59ba82ba454268.00075179","PG59ba82ba451c92.63386470","US598c22b60c4d9814871020","1","1");
INSERT INTO progress_student VALUES("PS59ba82ba454291.78922432","PG59ba82ba451c92.63386470","US59afde10c892b8.75175782","1","1");
INSERT INTO progress_student VALUES("PS59ba82ba4542d1.13429557","PG59ba82ba451c92.63386470","US5985c1f583a17705459810","1","1");
INSERT INTO progress_student VALUES("PS59ba82ba454307.37651591","PG59ba82ba451c92.63386470","US598c22f281ebe771825491","1","1");
INSERT INTO progress_student VALUES("PS59bba8bf31fe03.96699612","PG59bba8bf31d3b4.33406476","US59ac0a3f3ccca6.39254141","1","1");
INSERT INTO progress_student VALUES("PS59bba8bf31ff15.10600455","PG59bba8bf31d3b4.33406476","US59ac0a2f0b6623.14189239","0","0");
INSERT INTO progress_student VALUES("PS59bba8bf31ff84.37817519","PG59bba8bf31d3b4.33406476","US5985c0b84aff1682766928","0","0");
INSERT INTO progress_student VALUES("PS59bba8bf31fff6.57456157","PG59bba8bf31d3b4.33406476","US59aeaa94525328.23579708","1","0.5");
INSERT INTO progress_student VALUES("PS59bba8bf320076.53778555","PG59bba8bf31d3b4.33406476","US59ad5134a6bb18.10632279","1","0.5");
INSERT INTO progress_student VALUES("PS59bbd579440193.51164135","PG59bbd57943c174.66741732","US5985c1947a60f020154533","0","0");
INSERT INTO progress_student VALUES("PS59bbd579440271.79430176","PG59bbd57943c174.66741732","US5985c180bf2b9391395197","0","0");
INSERT INTO progress_student VALUES("PS59bbd5794402b3.38300479","PG59bbd57943c174.66741732","US59b122b8431c99.19083022","0","0");
INSERT INTO progress_student VALUES("PS59bbd579440305.19738693","PG59bbd57943c174.66741732","US59ac0488e33bb9.79658980","0","0");
INSERT INTO progress_student VALUES("PS59bbd579440358.82709369","PG59bbd57943c174.66741732","US5985c1aa5d16e488712303","1","1");
INSERT INTO progress_student VALUES("PS59bbd579440387.83343563","PG59bbd57943c174.66741732","US5985c1bf5965a032311598","0","0");
INSERT INTO progress_student VALUES("PS59bbd5794403c2.44702616","PG59bbd57943c174.66741732","US5985c1d356320316320740","0","0");
INSERT INTO progress_student VALUES("PS59bbd5aeb27d71.51298047","PG59bbd5aeb20771.47425142","US59ac0df47c33f2.32375704","1","0.5");
INSERT INTO progress_student VALUES("PS59bbd5aeb27ea0.86729071","PG59bbd5aeb20771.47425142","US59b7aa305bd0e5.73964541","1","1");
INSERT INTO progress_student VALUES("PS59bbd5aeb27ed1.15421704","PG59bbd5aeb20771.47425142","US5985c0b84aff1682766928","0","0");
INSERT INTO progress_student VALUES("PS59bbd5aeb27f29.01917737","PG59bbd5aeb20771.47425142","US59aeaa94525328.23579708","1","0");
INSERT INTO progress_student VALUES("PS59bbd5aeb27f53.45636617","PG59bbd5aeb20771.47425142","US5985c1f583a17705459810","1","0.5");
INSERT INTO progress_student VALUES("PS59bbd9f5d01411.43264552","PG59bbd9f5cfefb1.85061195","US5985c03ababcf003612666","1","1");
INSERT INTO progress_student VALUES("PS59bfc394157859.06411250","PG59bfc394147580.97781286","US5985c101deba4237296265","1","1");
INSERT INTO progress_student VALUES("PS59bbd9f5d01572.93616712","PG59bbd9f5cfefb1.85061195","US5985c2133318e292390635","0","0");
INSERT INTO progress_student VALUES("PS59bbd9f5d015c0.19405920","PG59bbd9f5cfefb1.85061195","US5985c2b68edfc766823396","0","0");
INSERT INTO progress_student VALUES("PS59bbd9f5d01608.96835068","PG59bbd9f5cfefb1.85061195","US5985be0737ecf867117823","1","1");
INSERT INTO progress_student VALUES("PS59bbd9f5d01634.39163120","PG59bbd9f5cfefb1.85061195","US5985c0986fb60310314303","0","0");
INSERT INTO progress_student VALUES("PS59e4befb04ef92.42854134","PG59e4befb04c968.83810858","US5985c1947a60f020154533","1","1");
INSERT INTO progress_student VALUES("PS59bbda144260d6.92687312","PG59bbda1441d7f4.47537921","US5985c12ec0a62122183433","1","0.5");
INSERT INTO progress_student VALUES("PS59bbda144261b2.67621418","PG59bbda1441d7f4.47537921","US5985c101deba4237296265","1","1");
INSERT INTO progress_student VALUES("PS59bbda14426209.83313779","PG59bbda1441d7f4.47537921","US5985c2133318e292390635","0","0");
INSERT INTO progress_student VALUES("PS59bbda14426241.34356510","PG59bbda1441d7f4.47537921","US598830cb51480379466684","1","0.5");
INSERT INTO progress_student VALUES("PS59bbda14426296.64153670","PG59bbda1441d7f4.47537921","US5985c30558ce4589866616","1","1");
INSERT INTO progress_student VALUES("PS59bbdb01358ff3.52460013","PG59bbdb01341315.54232334","US59ba8fe289c189.39406651","1","1");
INSERT INTO progress_student VALUES("PS59e4befb04f088.08970550","PG59e4befb04c968.83810858","US5985c180bf2b9391395197","1","1");
INSERT INTO progress_student VALUES("PS59bbdb01359272.11801973","PG59bbdb01341315.54232334","US59ba901e7be934.68232321","1","0.5");
INSERT INTO progress_student VALUES("PS59d385ce6e25b6.89462668","PG59d385ce6deed3.32733470","US5985c2cff290c469198689","0","0");
INSERT INTO progress_student VALUES("PS59bd0f6dac8d96.24016042","PG59bd0f6dab5f54.74102077","US5985c1947a60f020154533","1","1");
INSERT INTO progress_student VALUES("PS59bd0f6dac8f45.53283457","PG59bd0f6dab5f54.74102077","US59ac05f716e0d5.43146483","1","1");
INSERT INTO progress_student VALUES("PS59bd0f6dac8fa8.45994702","PG59bd0f6dab5f54.74102077","US5985c180bf2b9391395197","1","1");
INSERT INTO progress_student VALUES("PS59bd0f6dac8ff8.83773842","PG59bd0f6dab5f54.74102077","US598c228136211031368108","0","0");
INSERT INTO progress_student VALUES("PS59bd0f6dac9050.23493844","PG59bd0f6dab5f54.74102077","US598c22dc762ba836756417","1","0");
INSERT INTO progress_student VALUES("PS59bd0f6dac90a4.99524703","PG59bd0f6dab5f54.74102077","US5985cba14b8d3100168809","0","0");
INSERT INTO progress_student VALUES("PS59bd0f6dac9134.92454768","PG59bd0f6dab5f54.74102077","US5985c3ac6234d022515588","1","0.5");
INSERT INTO progress_student VALUES("PS59bd0f6dac9171.89513159","PG59bd0f6dab5f54.74102077","US5985c3898ae59122109569","0","0");
INSERT INTO progress_student VALUES("PS59bd2a74437f32.16160812","PG59bd2a74422689.19885822","US598841aac259a707466705","1","1");
INSERT INTO progress_student VALUES("PS59bd2a74438211.39340565","PG59bd2a74422689.19885822","US59ac0a2f0b6623.14189239","1","1");
INSERT INTO progress_student VALUES("PS59bd2a74438266.26095096","PG59bd2a74422689.19885822","US5985c05993e14209919366","1","1");
INSERT INTO progress_student VALUES("PS59bd2a744382a0.62551041","PG59bd2a74422689.19885822","US599fb3c76a2705.37462250","1","1");
INSERT INTO progress_student VALUES("PS59bd2a74438307.86706348","PG59bd2a74422689.19885822","US5985c03ababcf003612666","1","1");
INSERT INTO progress_student VALUES("PS59bd2a74438332.66330732","PG59bd2a74422689.19885822","US5985be0737ecf867117823","1","1");
INSERT INTO progress_student VALUES("PS59bd2a74438376.89838403","PG59bd2a74422689.19885822","US5985c0986fb60310314303","0","0");
INSERT INTO progress_student VALUES("PS59bd2ad0778105.98767716","PG59bd2ad0765679.52945136","US5985c12ec0a62122183433","1","1");
INSERT INTO progress_student VALUES("PS59d7809c0fdbe0.58647291","PG59d7809c0e98e7.86382025","US5985c1d356320316320740","1","1");
INSERT INTO progress_student VALUES("PS59bd2ad0778297.44811160","PG59bd2ad0765679.52945136","US5985c101deba4237296265","0","0");
INSERT INTO progress_student VALUES("PS59bd2ad07782e8.30756726","PG59bd2ad0765679.52945136","US5985c0d8a6582773333184","1","1");
INSERT INTO progress_student VALUES("PS59bd2ad0778334.11866210","PG59bd2ad0765679.52945136","US5985c2cff290c469198689","1","0.5");
INSERT INTO progress_student VALUES("PS59bd2ad0778374.39692494","PG59bd2ad0765679.52945136","US5985c2133318e292390635","1","1");
INSERT INTO progress_student VALUES("PS59bd2ad07783b2.79515801","PG59bd2ad0765679.52945136","US5985c2b68edfc766823396","1","1");
INSERT INTO progress_student VALUES("PS59ce20bcb4bca9.62655912","PG59ce20bcb221a3.81435025","US59b122b8431c99.19083022","1","1");
INSERT INTO progress_student VALUES("PS59cf8b14c71b17.51578846","PG59cf8b14c62f59.71797682","US5985c1f583a17705459810","1","0");
INSERT INTO progress_student VALUES("PS59bd2f711473a7.45522577","PG59bd2f71144770.31305472","US598c22b60c4d9814871020","0","0");
INSERT INTO progress_student VALUES("PS59bd2f711473d8.76789435","PG59bd2f71144770.31305472","US59bd1018c3c961.30793094","0","0");
INSERT INTO progress_student VALUES("PS59bd2f71147412.79426921","PG59bd2f71144770.31305472","US59afde10c892b8.75175782","0","0");
INSERT INTO progress_student VALUES("PS59bd2f71147452.44989295","PG59bd2f71144770.31305472","US5985c1f583a17705459810","0","0");
INSERT INTO progress_student VALUES("PS59c0fbcf5aa302.49267462","PG59c0fbcf5a7ce4.20828664","US59ac111453e868.28015852","1","1");
INSERT INTO progress_student VALUES("PS59bd2f711474d5.64306953","PG59bd2f71144770.31305472","US598c22f281ebe771825491","0","0");
INSERT INTO progress_student VALUES("PS59bfa3dd818f28.11802654","PG59bfa3dd809872.37462997","US5985c1947a60f020154533","1","1");
INSERT INTO progress_student VALUES("PS59bfa3dd819055.48480988","PG59bfa3dd809872.37462997","US5985c180bf2b9391395197","1","1");
INSERT INTO progress_student VALUES("PS59bfa3dd8190a8.32548975","PG59bfa3dd809872.37462997","US59b122b8431c99.19083022","1","1");
INSERT INTO progress_student VALUES("PS59bfa3dd8190e1.04215396","PG59bfa3dd809872.37462997","US59ac0488e33bb9.79658980","1","1");
INSERT INTO progress_student VALUES("PS59bfa3dd819136.58714017","PG59bfa3dd809872.37462997","US5985c1aa5d16e488712303","1","1");
INSERT INTO progress_student VALUES("PS59bfa3dd819177.63930926","PG59bfa3dd809872.37462997","US5985c1bf5965a032311598","1","1");
INSERT INTO progress_student VALUES("PS59bfa3dd819263.60324466","PG59bfa3dd809872.37462997","US5985c1d356320316320740","0","0");
INSERT INTO progress_student VALUES("PS59bfa62fb02877.47436221","PG59bfa62faf3e58.94093008","US59ac0a3f3ccca6.39254141","1","1");
INSERT INTO progress_student VALUES("PS59bfa62fb029b1.88283538","PG59bfa62faf3e58.94093008","US59ac0a2f0b6623.14189239","1","1");
INSERT INTO progress_student VALUES("PS59bfa62fb02a01.66904772","PG59bfa62faf3e58.94093008","US5985c0b84aff1682766928","1","0.5");
INSERT INTO progress_student VALUES("PS59bfa62fb02a32.45240050","PG59bfa62faf3e58.94093008","US59aeaa94525328.23579708","1","1");
INSERT INTO progress_student VALUES("PS59bfa62fb02a85.26458860","PG59bfa62faf3e58.94093008","US59ad5134a6bb18.10632279","1","1");
INSERT INTO progress_student VALUES("PS59bfa98f0b1e29.19866169","PG59bfa98f0a3b14.40416408","US59bf9ce149c5b2.90105243","1","1");
INSERT INTO progress_student VALUES("PS59bfa98f0b1fc2.68726332","PG59bfa98f0a3b14.40416408","US5985c03ababcf003612666","1","1");
INSERT INTO progress_student VALUES("PS59bfc394157668.18738350","PG59bfc394147580.97781286","US5985c12ec0a62122183433","1","1");
INSERT INTO progress_student VALUES("PS59d23cfa818969.74060740","PG59d23cfa815fa9.77797522","US5985c2b68edfc766823396","1","1");
INSERT INTO progress_student VALUES("PS59bfa98f0b20b7.94483468","PG59bfa98f0a3b14.40416408","US5985c2133318e292390635","1","0");
INSERT INTO progress_student VALUES("PS59bfa98f0b2107.77604912","PG59bfa98f0a3b14.40416408","US5985c2b68edfc766823396","1","1");
INSERT INTO progress_student VALUES("PS59bfa98f0b2151.41242580","PG59bfa98f0a3b14.40416408","US5985be0737ecf867117823","1","1");
INSERT INTO progress_student VALUES("PS59bfa98f0b2198.55585176","PG59bfa98f0a3b14.40416408","US5985c0986fb60310314303","1","0.5");
INSERT INTO progress_student VALUES("PS59e4be01e3e642.81957038","PG59e4bcf7534ae6.50134916","US59ad5134a6bb18.10632279","1","1");
INSERT INTO progress_student VALUES("PS59bfdd699cfb16.13552418","PG59bfdd699c0c58.94663520","US59ba901e7be934.68232321","1","0.5");
INSERT INTO progress_student VALUES("PS59bfdd699cfb58.18377323","PG59bfdd699c0c58.94663520","US59bf7e29a90a18.55755906","1","0.5");
INSERT INTO progress_student VALUES("PS59d385ce6e2589.33315723","PG59d385ce6deed3.32733470","US5985c0d8a6582773333184","1","1");
INSERT INTO progress_student VALUES("PS59c0fbcf5aa3f0.92099142","PG59c0fbcf5a7ce4.20828664","US5985c1aa5d16e488712303","1","1");
INSERT INTO progress_student VALUES("PS59c0ff78376836.56009980","PG59c0ff783539c8.70464436","US598841aac259a707466705","1","1");
INSERT INTO progress_student VALUES("PS59c0ff78376a36.69761475","PG59c0ff783539c8.70464436","US59ac0a2f0b6623.14189239","1","1");
INSERT INTO progress_student VALUES("PS59c0ff78376ac4.66613406","PG59c0ff783539c8.70464436","US5985c05993e14209919366","1","1");
INSERT INTO progress_student VALUES("PS59c0ff78376b50.40470791","PG59c0ff783539c8.70464436","US599fb3c76a2705.37462250","1","1");
INSERT INTO progress_student VALUES("PS59c0ff78376bf2.75929700","PG59c0ff783539c8.70464436","US5985c03ababcf003612666","1","1");
INSERT INTO progress_student VALUES("PS59c0ff78376c86.52533763","PG59c0ff783539c8.70464436","US5985be0737ecf867117823","1","1");
INSERT INTO progress_student VALUES("PS59c0ff78376d18.18474255","PG59c0ff783539c8.70464436","US5985c0986fb60310314303","1","1");
INSERT INTO progress_student VALUES("PS59d24f833e3810.70585586","PG59d24f833ccac5.55881719","US59bd1157ec5292.26421405","1","1");
INSERT INTO progress_student VALUES("PS59c11834c00691.21745441","PG59c11834bef9c7.55368551","US59ad50dd140745.24244826","1","1");
INSERT INTO progress_student VALUES("PS59c11834c007c6.00314038","PG59c11834bef9c7.55368551","US5985c03ababcf003612666","1","1");
INSERT INTO progress_student VALUES("PS59c11834c00815.93800025","PG59c11834bef9c7.55368551","US5985be0737ecf867117823","1","1");
INSERT INTO progress_student VALUES("PS59c11834c00852.18000374","PG59c11834bef9c7.55368551","US59ac0739cea3f3.41924627","1","1");
INSERT INTO progress_student VALUES("PS59ce20bcb4bc57.25206184","PG59ce20bcb221a3.81435025","US5985c180bf2b9391395197","0","0");
INSERT INTO progress_student VALUES("PS59cf8b14c71ac5.00034494","PG59cf8b14c62f59.71797682","US59afde10c892b8.75175782","1","0.5");
INSERT INTO progress_student VALUES("PS59c1207a459302.81091036","PG59c1207a448b41.12552712","US598c22b60c4d9814871020","1","0.5");
INSERT INTO progress_student VALUES("PS59c1207a459386.90157588","PG59c1207a448b41.12552712","US59bd1018c3c961.30793094","1","1");
INSERT INTO progress_student VALUES("PS59c1207a459414.02381087","PG59c1207a448b41.12552712","US59afde10c892b8.75175782","1","0.5");
INSERT INTO progress_student VALUES("PS59c1207a459489.19856244","PG59c1207a448b41.12552712","US5985c1f583a17705459810","1","1");
INSERT INTO progress_student VALUES("PS59c1207a4594e2.92392930","PG59c1207a448b41.12552712","US598c22f281ebe771825491","1","0.5");
INSERT INTO progress_student VALUES("PS59c12100dcdec5.92351129","PG59c12100dbd2a3.51116648","US5985c1947a60f020154533","1","1");
INSERT INTO progress_student VALUES("PS59c12100dcdff7.12940269","PG59c12100dbd2a3.51116648","US59ac05f716e0d5.43146483","1","1");
INSERT INTO progress_student VALUES("PS59c12100dce043.57724915","PG59c12100dbd2a3.51116648","US5985c180bf2b9391395197","1","1");
INSERT INTO progress_student VALUES("PS59c12100dce084.41279270","PG59c12100dbd2a3.51116648","US598c228136211031368108","1","0.5");
INSERT INTO progress_student VALUES("PS59c12100dce0c1.50532995","PG59c12100dbd2a3.51116648","US598c22dc762ba836756417","1","0.5");
INSERT INTO progress_student VALUES("PS59c12100dce108.37042209","PG59c12100dbd2a3.51116648","US5985cba14b8d3100168809","0","0");
INSERT INTO progress_student VALUES("PS59c12100dce179.59549083","PG59c12100dbd2a3.51116648","US5985c3ac6234d022515588","1","0.5");
INSERT INTO progress_student VALUES("PS59c12100dce1b7.05722031","PG59c12100dbd2a3.51116648","US5985c3898ae59122109569","1","0.5");
INSERT INTO progress_student VALUES("PS59c268442de205.86118200","PG59c268442db158.61959859","US59bf9ce149c5b2.90105243","1","0.5");
INSERT INTO progress_student VALUES("PS59c268442de2e8.40401259","PG59c268442db158.61959859","US5985c03ababcf003612666","1","1");
INSERT INTO progress_student VALUES("PS59d23cfa8188f0.58410692","PG59d23cfa815fa9.77797522","US5985c2133318e292390635","1","0.5");
INSERT INTO progress_student VALUES("PS59c268442de356.78849932","PG59c268442db158.61959859","US5985c2133318e292390635","0","0");
INSERT INTO progress_student VALUES("PS59c268442de396.52484305","PG59c268442db158.61959859","US5985c2b68edfc766823396","1","1");
INSERT INTO progress_student VALUES("PS59c268442de3d6.70748324","PG59c268442db158.61959859","US5985be0737ecf867117823","1","1");
INSERT INTO progress_student VALUES("PS59c268442de400.53815229","PG59c268442db158.61959859","US5985c0986fb60310314303","1","0.5");
INSERT INTO progress_student VALUES("PS59c2686c4d4556.64540738","PG59c2686c4d25e7.87913706","US5985c12ec0a62122183433","1","1");
INSERT INTO progress_student VALUES("PS59c2686c4d4639.22416336","PG59c2686c4d25e7.87913706","US5985c101deba4237296265","1","1");
INSERT INTO progress_student VALUES("PS59c2686c4d4677.05785716","PG59c2686c4d25e7.87913706","US5985c2cff290c469198689","0","0");
INSERT INTO progress_student VALUES("PS59c2686c4d46b8.10859745","PG59c2686c4d25e7.87913706","US5985c2133318e292390635","0","0");
INSERT INTO progress_student VALUES("PS59c2686c4d4706.72536011","PG59c2686c4d25e7.87913706","US598830cb51480379466684","1","1");
INSERT INTO progress_student VALUES("PS59c2686c4d4739.17140987","PG59c2686c4d25e7.87913706","US5985c30558ce4589866616","1","0.5");
INSERT INTO progress_student VALUES("PS59c27beae26e76.82254881","PG59c27beae120f6.26432847","US59ac0df47c33f2.32375704","1","0.5");
INSERT INTO progress_student VALUES("PS59e0a655cddfa9.53568171","PG59e0a655cdb8e5.97339469","US59ad5134a6bb18.10632279","1","1");
INSERT INTO progress_student VALUES("PS59c27beae27212.02882606","PG59c27beae120f6.26432847","US59b7aa305bd0e5.73964541","1","0.5");
INSERT INTO progress_student VALUES("PS59c27beae27266.21344366","PG59c27beae120f6.26432847","US5985c0b84aff1682766928","1","0.5");
INSERT INTO progress_student VALUES("PS59c27beae272c8.96710575","PG59c27beae120f6.26432847","US59aeaa94525328.23579708","1","1");
INSERT INTO progress_student VALUES("PS59c27beae27302.50575620","PG59c27beae120f6.26432847","US5985c1f583a17705459810","1","0.5");
INSERT INTO progress_student VALUES("PS59c27beae27351.16935843","PG59c27beae120f6.26432847","US59bf8381092e81.83889127","1","1");
INSERT INTO progress_student VALUES("PS59c387d808e9b8.08939012","PG59c387d8079493.47019516","US59ac0a3f3ccca6.39254141","1","1");
INSERT INTO progress_student VALUES("PS59c387d808eb48.57753159","PG59c387d8079493.47019516","US59ac0a2f0b6623.14189239","1","1");
INSERT INTO progress_student VALUES("PS59c387d808eb96.53538713","PG59c387d8079493.47019516","US5985c0b84aff1682766928","1","0");
INSERT INTO progress_student VALUES("PS59c387d808ebd0.30211459","PG59c387d8079493.47019516","US59aeaa94525328.23579708","1","0");
INSERT INTO progress_student VALUES("PS59c387d808ec22.96857774","PG59c387d8079493.47019516","US59ad5134a6bb18.10632279","1","1");
INSERT INTO progress_student VALUES("PS59c39e2cefcb07.80484975","PG59c39e2cee3857.49029849","US59ba8fe289c189.39406651","1","1");
INSERT INTO progress_student VALUES("PS59e4bd6be96cd2.54025979","PG59e4bd6be7a130.89946993","US59ba900d0c54e5.85148704","1","1");
INSERT INTO progress_student VALUES("PS59c39e2cefcd81.66182159","PG59c39e2cee3857.49029849","US59bd1018c3c961.30793094","1","1");
INSERT INTO progress_student VALUES("PS59c39e2cefcde8.82568704","PG59c39e2cee3857.49029849","US59ba901e7be934.68232321","1","1");
INSERT INTO progress_student VALUES("PS59c39e2cefce37.71312271","PG59c39e2cee3857.49029849","US59bd1157ec5292.26421405","1","1");
INSERT INTO progress_student VALUES("PS59c39e2cefce84.03851377","PG59c39e2cee3857.49029849","US59bf7e29a90a18.55755906","1","1");
INSERT INTO progress_student VALUES("PS59c3ab61b55848.65806862","PG59c3ab61b3d002.65376573","US5985c1947a60f020154533","1","1");
INSERT INTO progress_student VALUES("PS59c3ab61b55a19.10404321","PG59c3ab61b3d002.65376573","US59ac05f716e0d5.43146483","1","1");
INSERT INTO progress_student VALUES("PS59c3ab61b55a78.66751609","PG59c3ab61b3d002.65376573","US5985c180bf2b9391395197","1","1");
INSERT INTO progress_student VALUES("PS59c3ab61b55ac0.66987362","PG59c3ab61b3d002.65376573","US598c228136211031368108","1","1");
INSERT INTO progress_student VALUES("PS59c3ab61b55b39.78020689","PG59c3ab61b3d002.65376573","US598c22dc762ba836756417","1","0");
INSERT INTO progress_student VALUES("PS59c3ab61b55b79.12721578","PG59c3ab61b3d002.65376573","US5985cba14b8d3100168809","0","0");
INSERT INTO progress_student VALUES("PS59d239529cb4f6.50391358","PG59d239529c88e8.15764964","US59ac0df47c33f2.32375704","1","1");
INSERT INTO progress_student VALUES("PS59cfa7efc5b224.15359380","PG59cf8b14c62f59.71797682","US598c22660735d888327545","1","0");
INSERT INTO progress_student VALUES("PS59c3ab61b55c05.30406368","PG59c3ab61b3d002.65376573","US5985c3ac6234d022515588","1","0");
INSERT INTO progress_student VALUES("PS59c3ab61b55c58.91677624","PG59c3ab61b3d002.65376573","US5985c3898ae59122109569","1","0");
INSERT INTO progress_student VALUES("PS59ce20bcb4bb12.21646274","PG59ce20bcb221a3.81435025","US5985c1947a60f020154533","0","0");
INSERT INTO progress_student VALUES("PS59cf8b14c71a84.52963908","PG59cf8b14c62f59.71797682","US59bd1018c3c961.30793094","0","0");
INSERT INTO progress_student VALUES("PS59c3b9f68970a0.53255044","PG59c3b9f6880276.91580964","US598c22b60c4d9814871020","1","0.5");
INSERT INTO progress_student VALUES("PS59c3b9f68970e8.48719552","PG59c3b9f6880276.91580964","US59bd1018c3c961.30793094","1","0.5");
INSERT INTO progress_student VALUES("PS59c3b9f6897147.37154329","PG59c3b9f6880276.91580964","US59afde10c892b8.75175782","1","0.5");
INSERT INTO progress_student VALUES("PS59c3b9f6897181.98589399","PG59c3b9f6880276.91580964","US5985c1f583a17705459810","1","1");
INSERT INTO progress_student VALUES("PS59c3b9f68971c1.12804791","PG59c3b9f6880276.91580964","US598c22f281ebe771825491","1","0.5");
INSERT INTO progress_student VALUES("PS59c3bde11a2377.51057258","PG59c3bde1187872.18613692","US598841aac259a707466705","0","0");
INSERT INTO progress_student VALUES("PS59c3bde11a2537.33736711","PG59c3bde1187872.18613692","US59ac0a2f0b6623.14189239","1","1");
INSERT INTO progress_student VALUES("PS59c3bde11a25c7.24213897","PG59c3bde1187872.18613692","US5985c05993e14209919366","1","0.5");
INSERT INTO progress_student VALUES("PS59c3bde11a2631.64844881","PG59c3bde1187872.18613692","US599fb3c76a2705.37462250","0","0");
INSERT INTO progress_student VALUES("PS59c3bde11a26b2.04532963","PG59c3bde1187872.18613692","US5985c03ababcf003612666","1","1");
INSERT INTO progress_student VALUES("PS59c3bde11a2716.58096466","PG59c3bde1187872.18613692","US5985be0737ecf867117823","1","0.5");
INSERT INTO progress_student VALUES("PS59c3bde11a2782.80767302","PG59c3bde1187872.18613692","US5985c0986fb60310314303","1","1");
INSERT INTO progress_student VALUES("PS59d24f833e37d4.74525019","PG59d24f833ccac5.55881719","US59ba901e7be934.68232321","1","1");
INSERT INTO progress_student VALUES("PS59c3be329e4584.24713580","PG59c3be329cc8e9.05356329","US5985c12ec0a62122183433","1","0.5");
INSERT INTO progress_student VALUES("PS59c3be329e4714.22411448","PG59c3be329cc8e9.05356329","US59c3b6ffb2a223.12795377","0","0");
INSERT INTO progress_student VALUES("PS59d7809c0fdba1.78371829","PG59d7809c0e98e7.86382025","US5985c1bf5965a032311598","1","1");
INSERT INTO progress_student VALUES("PS59c3be329e48d9.93540047","PG59c3be329cc8e9.05356329","US5985c101deba4237296265","1","0.5");
INSERT INTO progress_student VALUES("PS59c3be329e4922.58750063","PG59c3be329cc8e9.05356329","US5985c0d8a6582773333184","1","0.5");
INSERT INTO progress_student VALUES("PS59c3be329e4968.23739641","PG59c3be329cc8e9.05356329","US5985c2cff290c469198689","1","1");
INSERT INTO progress_student VALUES("PS59c3be329e49a9.25845865","PG59c3be329cc8e9.05356329","US5985c2133318e292390635","1","1");
INSERT INTO progress_student VALUES("PS59c3be329e4ad1.88959820","PG59c3be329cc8e9.05356329","US5985c2b68edfc766823396","1","1");
INSERT INTO progress_student VALUES("PS59c3c5418bd4e6.97271616","PG59c3c5418bab52.39403550","US59ad50dd140745.24244826","1","0.5");
INSERT INTO progress_student VALUES("PS59c3c5418bd619.05776787","PG59c3c5418bab52.39403550","US5985c03ababcf003612666","1","1");
INSERT INTO progress_student VALUES("PS59c3c5418bd681.41720687","PG59c3c5418bab52.39403550","US5985be0737ecf867117823","1","1");
INSERT INTO progress_student VALUES("PS59c3c5418bd6e5.35235386","PG59c3c5418bab52.39403550","US59ac0739cea3f3.41924627","1","0.5");
INSERT INTO progress_student VALUES("PS59c3c556e365e5.35243964","PG59c3c556e33bf6.90908865","US59ac111453e868.28015852","1","1");
INSERT INTO progress_student VALUES("PS59c3c556e36742.43205727","PG59c3c556e33bf6.90908865","US5985c1aa5d16e488712303","1","1");
INSERT INTO progress_student VALUES("PS59c3f4038fb061.11984722","PG59c3c556e33bf6.90908865","US59bf8381092e81.83889127","1","1");
INSERT INTO progress_student VALUES("PS59c4fed24ab5d9.79634370","PG59c4fed249d715.75263928","US59ac0a3f3ccca6.39254141","1","1");
INSERT INTO progress_student VALUES("PS59c4fed24ab740.65812177","PG59c4fed249d715.75263928","US59ac0a2f0b6623.14189239","1","1");
INSERT INTO progress_student VALUES("PS59c4fed24ab7a6.34502819","PG59c4fed249d715.75263928","US5985c0b84aff1682766928","0","0");
INSERT INTO progress_student VALUES("PS59c4fed24ab7f9.06569938","PG59c4fed249d715.75263928","US59aeaa94525328.23579708","0","0");
INSERT INTO progress_student VALUES("PS59c4fed24ab840.62148035","PG59c4fed249d715.75263928","US59ad5134a6bb18.10632279","1","1");
INSERT INTO progress_student VALUES("PS59c50f58011767.83392104","PG59c50f58000fb2.07977461","US59bf9ce149c5b2.90105243","1","1");
INSERT INTO progress_student VALUES("PS59c50f58011883.50096329","PG59c50f58000fb2.07977461","US5985c03ababcf003612666","1","1");
INSERT INTO progress_student VALUES("PS59c50f58011916.84342340","PG59c50f58000fb2.07977461","US5985c2133318e292390635","1","1");
INSERT INTO progress_student VALUES("PS59c50f58011975.96691463","PG59c50f58000fb2.07977461","US5985c2b68edfc766823396","1","1");
INSERT INTO progress_student VALUES("PS59c50f580119c3.75517783","PG59c50f58000fb2.07977461","US5985be0737ecf867117823","1","1");
INSERT INTO progress_student VALUES("PS59c50f58011a00.94276296","PG59c50f58000fb2.07977461","US5985c0986fb60310314303","1","1");
INSERT INTO progress_student VALUES("PS59c50f58011a52.14945547","PG59c50f58000fb2.07977461","US59c276ec8cbd96.54459379","1","1");
INSERT INTO progress_student VALUES("PS59e4bdf4ae8f85.88697521","PG59e4bdf4ae52b0.99626879","US59bf8381092e81.83889127","1","1");
INSERT INTO progress_student VALUES("PS59c50f831776a9.23698257","PG59c50f83161090.06950705","US5985c12ec0a62122183433","1","0");
INSERT INTO progress_student VALUES("PS59c50f831777f0.33924672","PG59c50f83161090.06950705","US5985c101deba4237296265","1","0.5");
INSERT INTO progress_student VALUES("PS59c50f83177852.45284764","PG59c50f83161090.06950705","US5985c2cff290c469198689","1","0.5");
INSERT INTO progress_student VALUES("PS59c50f83177899.23425202","PG59c50f83161090.06950705","US5985c2133318e292390635","1","1");
INSERT INTO progress_student VALUES("PS59c50f831778f3.57450982","PG59c50f83161090.06950705","US598830cb51480379466684","1","1");
INSERT INTO progress_student VALUES("PS59c50f83177937.33129894","PG59c50f83161090.06950705","US5985c30558ce4589866616","1","0.5");
INSERT INTO progress_student VALUES("PS59c51c10931f46.31046587","PG59c51c10923638.69199218","US59ba8fe289c189.39406651","1","1");
INSERT INTO progress_student VALUES("PS59e4bd6be96c90.07155206","PG59e4bd6be7a130.89946993","US59bf7e29a90a18.55755906","1","0.5");
INSERT INTO progress_student VALUES("PS59c51c10932087.04584706","PG59c51c10923638.69199218","US59bd1018c3c961.30793094","0","0");
INSERT INTO progress_student VALUES("PS59c51c109320b6.62689899","PG59c51c10923638.69199218","US59ba901e7be934.68232321","1","1");
INSERT INTO progress_student VALUES("PS59c51c109320f3.16382779","PG59c51c10923638.69199218","US59bd1157ec5292.26421405","1","1");
INSERT INTO progress_student VALUES("PS59c51c10932128.35657088","PG59c51c10923638.69199218","US59bf7e29a90a18.55755906","1","1");
INSERT INTO progress_student VALUES("PS59d385ce6e2546.25818965","PG59d385ce6deed3.32733470","US5985c101deba4237296265","1","1");
INSERT INTO progress_student VALUES("PS59c51c40d91b79.96842172","PG59c51c40d8e4c7.14637639","US5985c1947a60f020154533","1","1");
INSERT INTO progress_student VALUES("PS59c51c40d91c54.69178731","PG59c51c40d8e4c7.14637639","US5985c180bf2b9391395197","1","1");
INSERT INTO progress_student VALUES("PS59c51c40d91c96.59176276","PG59c51c40d8e4c7.14637639","US59b122b8431c99.19083022","1","1");
INSERT INTO progress_student VALUES("PS59c51c40d91ce3.69536849","PG59c51c40d8e4c7.14637639","US59ac0488e33bb9.79658980","1","0.5");
INSERT INTO progress_student VALUES("PS59c51c40d91d29.53898413","PG59c51c40d8e4c7.14637639","US5985c1aa5d16e488712303","1","1");
INSERT INTO progress_student VALUES("PS59c51c40d91d51.12682991","PG59c51c40d8e4c7.14637639","US5985c1bf5965a032311598","1","1");
INSERT INTO progress_student VALUES("PS59c51c40d91d92.46157017","PG59c51c40d8e4c7.14637639","US5985c1d356320316320740","0","0");
INSERT INTO progress_student VALUES("PS59c51c67b46528.13586615","PG59c51c67b43416.58511236","US59ac0df47c33f2.32375704","1","0.5");
INSERT INTO progress_student VALUES("PS59e0a655cddf74.75940352","PG59e0a655cdb8e5.97339469","US59aeaa94525328.23579708","1","1");
INSERT INTO progress_student VALUES("PS59c51c67b466d6.05640201","PG59c51c67b43416.58511236","US59b7aa305bd0e5.73964541","1","1");
INSERT INTO progress_student VALUES("PS59c51c67b46737.65413708","PG59c51c67b43416.58511236","US5985c0b84aff1682766928","0","0");
INSERT INTO progress_student VALUES("PS59c51c67b46799.05403835","PG59c51c67b43416.58511236","US59aeaa94525328.23579708","1","1");
INSERT INTO progress_student VALUES("PS59c51c67b46807.44912314","PG59c51c67b43416.58511236","US5985c1f583a17705459810","1","1");
INSERT INTO progress_student VALUES("PS59c51c67b46869.48359834","PG59c51c67b43416.58511236","US59bf8381092e81.83889127","1","1");
INSERT INTO progress_student VALUES("PS59c63ad748bb86.52678488","PG59c63ad74897a0.92770107","US598841aac259a707466705","0","0");
INSERT INTO progress_student VALUES("PS59c63ad748bc44.04001723","PG59c63ad74897a0.92770107","US59ac0a2f0b6623.14189239","1","1");
INSERT INTO progress_student VALUES("PS59c63ad748bc87.02149745","PG59c63ad74897a0.92770107","US5985c05993e14209919366","1","1");
INSERT INTO progress_student VALUES("PS59c63ad748bcc1.23546326","PG59c63ad74897a0.92770107","US599fb3c76a2705.37462250","1","1");
INSERT INTO progress_student VALUES("PS59c63ad748bd04.35964838","PG59c63ad74897a0.92770107","US5985c03ababcf003612666","0","0");
INSERT INTO progress_student VALUES("PS59c63ad748bd44.73185972","PG59c63ad74897a0.92770107","US5985be0737ecf867117823","1","1");
INSERT INTO progress_student VALUES("PS59c63ad748bd71.02138835","PG59c63ad74897a0.92770107","US5985c0986fb60310314303","0","0");
INSERT INTO progress_student VALUES("PS59d24f833e3794.93990154","PG59d24f833ccac5.55881719","US59bd1018c3c961.30793094","0","0");
INSERT INTO progress_student VALUES("PS59c63f2ec859a2.56228701","PG59c63f2ec76bd8.36499854","US5985c1947a60f020154533","1","1");
INSERT INTO progress_student VALUES("PS59c63f2ec85b56.92000963","PG59c63f2ec76bd8.36499854","US59ac05f716e0d5.43146483","1","1");
INSERT INTO progress_student VALUES("PS59c63f2ec85bd1.66075650","PG59c63f2ec76bd8.36499854","US5985c180bf2b9391395197","1","1");
INSERT INTO progress_student VALUES("PS59c63f2ec85c29.55130357","PG59c63f2ec76bd8.36499854","US598c228136211031368108","1","1");
INSERT INTO progress_student VALUES("PS59c63f2ec85c78.34848107","PG59c63f2ec76bd8.36499854","US598c22dc762ba836756417","1","1");
INSERT INTO progress_student VALUES("PS59c63f2ec85cb1.09165351","PG59c63f2ec76bd8.36499854","US5985cba14b8d3100168809","0","0");
INSERT INTO progress_student VALUES("PS59cf91e0883ad1.61599654","PG59cf91e0868735.36919276","US5985c0986fb60310314303","0","0");
INSERT INTO progress_student VALUES("PS59c63f2ec85d35.79373799","PG59c63f2ec76bd8.36499854","US5985c3ac6234d022515588","0","0");
INSERT INTO progress_student VALUES("PS59c63f2ec85d75.20839221","PG59c63f2ec76bd8.36499854","US5985c3898ae59122109569","0","0");
INSERT INTO progress_student VALUES("PS59ce20bcb4bdb0.45011662","PG59ce20bcb221a3.81435025","US5985c1d356320316320740","0","0");
INSERT INTO progress_student VALUES("PS59c6617689c5a7.47179882","PG59c6617688df96.86605756","US598c22660735d888327545","1","1");
INSERT INTO progress_student VALUES("PS59c6617689c620.89976343","PG59c6617688df96.86605756","US598c22b60c4d9814871020","1","0.5");
INSERT INTO progress_student VALUES("PS59c6617689c660.85764508","PG59c6617688df96.86605756","US59bd1018c3c961.30793094","1","0.5");
INSERT INTO progress_student VALUES("PS59c6617689c6a0.82687734","PG59c6617688df96.86605756","US59afde10c892b8.75175782","1","0.5");
INSERT INTO progress_student VALUES("PS59c6617689c6e9.03673402","PG59c6617688df96.86605756","US5985c1f583a17705459810","1","0.5");
INSERT INTO progress_student VALUES("PS59c6617689c723.32307487","PG59c6617688df96.86605756","US598c22f281ebe771825491","1","0.5");
INSERT INTO progress_student VALUES("PS59c66dd93002a5.94629661","PG59c66dd92e5897.85607392","US5985c12ec0a62122183433","1","0");
INSERT INTO progress_student VALUES("PS59c66dd9300424.63691359","PG59c66dd92e5897.85607392","US59c3b6ffb2a223.12795377","1","1");
INSERT INTO progress_student VALUES("PS59d65bab1b4325.12384659","PG59d65ae5186792.88594006","US59ca508fa8b0a5.38524281","1","1");
INSERT INTO progress_student VALUES("PS59c66dd93004c8.40684250","PG59c66dd92e5897.85607392","US5985c101deba4237296265","1","1");
INSERT INTO progress_student VALUES("PS59c66dd9300525.73570343","PG59c66dd92e5897.85607392","US5985c0d8a6582773333184","1","0.5");
INSERT INTO progress_student VALUES("PS59c66dd9300567.63797580","PG59c66dd92e5897.85607392","US5985c2cff290c469198689","1","1");
INSERT INTO progress_student VALUES("PS59c66dd93005a0.95314439","PG59c66dd92e5897.85607392","US5985c2133318e292390635","1","1");
INSERT INTO progress_student VALUES("PS59c66dd9300666.56551234","PG59c66dd92e5897.85607392","US5985c2b68edfc766823396","1","1");
INSERT INTO progress_student VALUES("PS59c8dba4f21a34.77325384","PG59c8dba4f0d6d0.16285251","US59bf9ce149c5b2.90105243","1","1");
INSERT INTO progress_student VALUES("PS59c8dba4f21ba7.66399838","PG59c8dba4f0d6d0.16285251","US5985c03ababcf003612666","0","0");
INSERT INTO progress_student VALUES("PS59c8dba4f21c47.43479784","PG59c8dba4f0d6d0.16285251","US5985c2133318e292390635","1","1");
INSERT INTO progress_student VALUES("PS59c8dba4f21c97.47271755","PG59c8dba4f0d6d0.16285251","US5985c2b68edfc766823396","1","0.5");
INSERT INTO progress_student VALUES("PS59c8dba4f21cd7.23770710","PG59c8dba4f0d6d0.16285251","US5985be0737ecf867117823","1","1");
INSERT INTO progress_student VALUES("PS59c8dba4f21d10.91173513","PG59c8dba4f0d6d0.16285251","US5985c0986fb60310314303","1","0.5");
INSERT INTO progress_student VALUES("PS59c8dba4f21d52.21717145","PG59c8dba4f0d6d0.16285251","US59c276ec8cbd96.54459379","1","1");
INSERT INTO progress_student VALUES("PS59e4bdf4ae8f44.32467235","PG59e4bdf4ae52b0.99626879","US5985c1f583a17705459810","1","0.5");
INSERT INTO progress_student VALUES("PS59c90124343b16.26394463","PG59c9012432e624.65252793","US5985c1947a60f020154533","1","1");
INSERT INTO progress_student VALUES("PS59c90124343c64.78189539","PG59c9012432e624.65252793","US5985c180bf2b9391395197","1","0");
INSERT INTO progress_student VALUES("PS59c90124343cb8.19684288","PG59c9012432e624.65252793","US59b122b8431c99.19083022","1","1");
INSERT INTO progress_student VALUES("PS59c90124343d03.50469077","PG59c9012432e624.65252793","US59ac0488e33bb9.79658980","1","0.5");
INSERT INTO progress_student VALUES("PS59c90124343d51.97521252","PG59c9012432e624.65252793","US5985c1aa5d16e488712303","1","1");
INSERT INTO progress_student VALUES("PS59c90124343d92.26000741","PG59c9012432e624.65252793","US5985c1bf5965a032311598","1","0");
INSERT INTO progress_student VALUES("PS59c90124343dc4.82916300","PG59c9012432e624.65252793","US5985c1d356320316320740","1","1");
INSERT INTO progress_student VALUES("PS59c9014cd9a199.41994310","PG59c9014cd92d44.22799143","US59ac0df47c33f2.32375704","0","0");
INSERT INTO progress_student VALUES("PS59e0a655cddf46.22467576","PG59e0a655cdb8e5.97339469","US5985c0b84aff1682766928","1","1");
INSERT INTO progress_student VALUES("PS59c9014cd9a363.42263501","PG59c9014cd92d44.22799143","US59b7aa305bd0e5.73964541","1","0.5");
INSERT INTO progress_student VALUES("PS59c9014cd9a3e9.01470001","PG59c9014cd92d44.22799143","US5985c0b84aff1682766928","1","0.5");
INSERT INTO progress_student VALUES("PS59c9014cd9a460.84922357","PG59c9014cd92d44.22799143","US59aeaa94525328.23579708","1","0");
INSERT INTO progress_student VALUES("PS59c9014cd9a4e5.87965216","PG59c9014cd92d44.22799143","US5985c1f583a17705459810","1","0.5");
INSERT INTO progress_student VALUES("PS59c9014cd9a555.48080559","PG59c9014cd92d44.22799143","US59bf8381092e81.83889127","1","1");
INSERT INTO progress_student VALUES("PS59c911dd80b989.61996705","PG59c911dd7ef2c3.06183070","US59ac0a3f3ccca6.39254141","1","1");
INSERT INTO progress_student VALUES("PS59c911dd80bb26.19509790","PG59c911dd7ef2c3.06183070","US59ac0a2f0b6623.14189239","1","0.5");
INSERT INTO progress_student VALUES("PS59c911dd80bbd3.97881068","PG59c911dd7ef2c3.06183070","US5985c0b84aff1682766928","1","0");
INSERT INTO progress_student VALUES("PS59c911dd80bc13.79096978","PG59c911dd7ef2c3.06183070","US59aeaa94525328.23579708","1","0.5");
INSERT INTO progress_student VALUES("PS59c911dd80bc55.94997127","PG59c911dd7ef2c3.06183070","US59ad5134a6bb18.10632279","1","0");
INSERT INTO progress_student VALUES("PS59c91220de9f96.32044911","PG59c91220dbbfc0.25069371","US59ba8fe289c189.39406651","1","1");
INSERT INTO progress_student VALUES("PS59e4bd6be96c43.37309859","PG59e4bd6be7a130.89946993","US59bd1157ec5292.26421405","1","1");
INSERT INTO progress_student VALUES("PS59c91220dea320.29083314","PG59c91220dbbfc0.25069371","US59bd1018c3c961.30793094","1","1");
INSERT INTO progress_student VALUES("PS59c91220dea380.54230196","PG59c91220dbbfc0.25069371","US59ba901e7be934.68232321","1","1");
INSERT INTO progress_student VALUES("PS59c91220dea3d2.72116248","PG59c91220dbbfc0.25069371","US59bd1157ec5292.26421405","1","1");
INSERT INTO progress_student VALUES("PS59c91220dea412.48589144","PG59c91220dbbfc0.25069371","US59bf7e29a90a18.55755906","1","1");
INSERT INTO progress_student VALUES("PS59ca4143e4ce73.89862719","PG59ca4143e37683.38762706","US5985c1947a60f020154533","1","1");
INSERT INTO progress_student VALUES("PS59ca4143e4d083.86105778","PG59ca4143e37683.38762706","US59ac05f716e0d5.43146483","1","1");
INSERT INTO progress_student VALUES("PS59ca4143e4d112.01915482","PG59ca4143e37683.38762706","US5985c180bf2b9391395197","1","1");
INSERT INTO progress_student VALUES("PS59ca4143e4d169.72110299","PG59ca4143e37683.38762706","US598c228136211031368108","1","0.5");
INSERT INTO progress_student VALUES("PS59ca4143e4d1c1.99736173","PG59ca4143e37683.38762706","US598c22dc762ba836756417","1","0.5");
INSERT INTO progress_student VALUES("PS59ca4143e4d228.53968691","PG59ca4143e37683.38762706","US5985cba14b8d3100168809","0","0");
INSERT INTO progress_student VALUES("PS59ca4143e4d2b7.17303406","PG59ca4143e37683.38762706","US5985c3ac6234d022515588","1","1");
INSERT INTO progress_student VALUES("PS59ca4143e4d374.86816004","PG59ca4143e37683.38762706","US5985c3898ae59122109569","1","1");
INSERT INTO progress_student VALUES("PS59ca4f48e45f91.87422739","PG59ca4f48e34512.67106454","US59ad50dd140745.24244826","1","0.5");
INSERT INTO progress_student VALUES("PS59ca4f48e460f1.95037164","PG59ca4f48e34512.67106454","US5985c03ababcf003612666","1","1");
INSERT INTO progress_student VALUES("PS59ca4f48e46149.25333220","PG59ca4f48e34512.67106454","US5985be0737ecf867117823","1","1");
INSERT INTO progress_student VALUES("PS59ca4f48e46195.26628351","PG59ca4f48e34512.67106454","US59ac0739cea3f3.41924627","1","1");
INSERT INTO progress_student VALUES("PS59ca4f7f75f975.04459404","PG59ca4f7f750ea0.36329337","US59ca4e2a2bbdb6.54878826","1","1");
INSERT INTO progress_student VALUES("PS59ca4f7f75fa98.43044549","PG59ca4f7f750ea0.36329337","US59ac111453e868.28015852","1","1");
INSERT INTO progress_student VALUES("PS59ca4f7f75fad9.70475183","PG59ca4f7f750ea0.36329337","US59ca49990fcca2.56136050","1","1");
INSERT INTO progress_student VALUES("PS59ca4f7f75fb14.71786916","PG59ca4f7f750ea0.36329337","US5985c1aa5d16e488712303","1","1");
INSERT INTO progress_student VALUES("PS59ca4f7f75fb65.35805605","PG59ca4f7f750ea0.36329337","US59bf8381092e81.83889127","1","1");
INSERT INTO progress_student VALUES("PS59ce20bcb4bd71.17060067","PG59ce20bcb221a3.81435025","US5985c1bf5965a032311598","1","1");
INSERT INTO progress_student VALUES("PS59ca55c44e6007.21880102","PG59ca55c44c2495.45237114","US598c22660735d888327545","1","1");
INSERT INTO progress_student VALUES("PS59cf8b14c71a39.83609678","PG59cf8b14c62f59.71797682","US598c22b60c4d9814871020","1","0");
INSERT INTO progress_student VALUES("PS59d6599e6a4781.90485803","PG59d658fcd60c01.83835231","US59c901d4d38b76.07743701","1","1");
INSERT INTO progress_student VALUES("PS59ca55c44e60d5.82728967","PG59ca55c44c2495.45237114","US598c22b60c4d9814871020","1","1");
INSERT INTO progress_student VALUES("PS59ca55c44e6112.72167039","PG59ca55c44c2495.45237114","US59bd1018c3c961.30793094","0","0");
INSERT INTO progress_student VALUES("PS59ca55c44e6155.42392100","PG59ca55c44c2495.45237114","US59afde10c892b8.75175782","1","0.5");
INSERT INTO progress_student VALUES("PS59ca55c44e6185.96826152","PG59ca55c44c2495.45237114","US5985c1f583a17705459810","1","1");
INSERT INTO progress_student VALUES("PS59ca55c44e61c1.66513769","PG59ca55c44c2495.45237114","US598c22f281ebe771825491","1","0.5");
INSERT INTO progress_student VALUES("PS59ca63068da8f4.56294428","PG59ca63068cb3b5.65104928","US5985c12ec0a62122183433","1","1");
INSERT INTO progress_student VALUES("PS59ca63068daaf0.86754089","PG59ca63068cb3b5.65104928","US59c3b6ffb2a223.12795377","1","1");
INSERT INTO progress_student VALUES("PS59d65a9ac84791.74387971","PG59d65927ae7186.55252611","US59ca508fa8b0a5.38524281","1","1");
INSERT INTO progress_student VALUES("PS59ca63068dab91.05933935","PG59ca63068cb3b5.65104928","US5985c101deba4237296265","1","1");
INSERT INTO progress_student VALUES("PS59ca63068dabd5.60139611","PG59ca63068cb3b5.65104928","US5985c0d8a6582773333184","1","1");
INSERT INTO progress_student VALUES("PS59ca63068dac18.33955501","PG59ca63068cb3b5.65104928","US5985c2cff290c469198689","1","1");
INSERT INTO progress_student VALUES("PS59ca63068dac57.07769876","PG59ca63068cb3b5.65104928","US5985c2133318e292390635","1","1");
INSERT INTO progress_student VALUES("PS59ca63068dac96.58800762","PG59ca63068cb3b5.65104928","US5985c2b68edfc766823396","1","1");
INSERT INTO progress_student VALUES("PS59cb7fc968ddd3.70478792","PG59cb7fc9679351.62568778","US5985c03ababcf003612666","1","1");
INSERT INTO progress_student VALUES("PS59d23a29733237.37910892","PG59d23a297302e2.81184286","US5985c1d356320316320740","1","1");
INSERT INTO progress_student VALUES("PS59cb7fc968de63.50757959","PG59cb7fc9679351.62568778","US5985c2133318e292390635","1","0");
INSERT INTO progress_student VALUES("PS59cb7fc968deb5.97959823","PG59cb7fc9679351.62568778","US5985c2b68edfc766823396","1","1");
INSERT INTO progress_student VALUES("PS59cb7fc968def8.84768576","PG59cb7fc9679351.62568778","US5985be0737ecf867117823","0","0");
INSERT INTO progress_student VALUES("PS59cb7fc968df44.64001899","PG59cb7fc9679351.62568778","US5985c0986fb60310314303","1","0.5");
INSERT INTO progress_student VALUES("PS59cb7fc968dfb0.43938923","PG59cb7fc9679351.62568778","US59c276ec8cbd96.54459379","1","1");
INSERT INTO progress_student VALUES("PS59cbb12b96c462.67813966","PG59cbb12b9520e4.27755693","US5985c1947a60f020154533","1","1");
INSERT INTO progress_student VALUES("PS59cbb12b96c610.95214851","PG59cbb12b9520e4.27755693","US5985c180bf2b9391395197","1","1");
INSERT INTO progress_student VALUES("PS59cbb12b96c6a4.06780045","PG59cbb12b9520e4.27755693","US59b122b8431c99.19083022","1","1");
INSERT INTO progress_student VALUES("PS59cbb12b96c707.27579871","PG59cbb12b9520e4.27755693","US59ac0488e33bb9.79658980","1","0");
INSERT INTO progress_student VALUES("PS59cbb12b96c779.07016852","PG59cbb12b9520e4.27755693","US5985c1aa5d16e488712303","1","1");
INSERT INTO progress_student VALUES("PS59cbb12b96c7e3.53828073","PG59cbb12b9520e4.27755693","US5985c1bf5965a032311598","1","1");
INSERT INTO progress_student VALUES("PS59cbb12b96c851.29028215","PG59cbb12b9520e4.27755693","US5985c1d356320316320740","1","1");
INSERT INTO progress_student VALUES("PS59cbb1598b4252.24528138","PG59cbb15989d914.16336240","US59ac0df47c33f2.32375704","1","1");
INSERT INTO progress_student VALUES("PS59cbb1598b44a5.63570762","PG59cbb15989d914.16336240","US59b7aa305bd0e5.73964541","0","0");
INSERT INTO progress_student VALUES("PS59cbb1598b44f2.48513309","PG59cbb15989d914.16336240","US5985c0b84aff1682766928","1","1");
INSERT INTO progress_student VALUES("PS59cbb1598b4545.73136475","PG59cbb15989d914.16336240","US59aeaa94525328.23579708","1","0.5");
INSERT INTO progress_student VALUES("PS59cbb1598b4580.32233669","PG59cbb15989d914.16336240","US5985c1f583a17705459810","1","0");
INSERT INTO progress_student VALUES("PS59cbb1598b45d7.89983779","PG59cbb15989d914.16336240","US59bf8381092e81.83889127","1","1");
INSERT INTO progress_student VALUES("PS59cbb6ae2ba197.58848810","PG59cbb6ae295b84.84597683","US5985c12ec0a62122183433","1","0.5");
INSERT INTO progress_student VALUES("PS59cbb6ae2ba499.45465866","PG59cbb6ae295b84.84597683","US5985c101deba4237296265","1","1");
INSERT INTO progress_student VALUES("PS59cbb6ae2ba4f1.49270475","PG59cbb6ae295b84.84597683","US5985c2cff290c469198689","1","1");
INSERT INTO progress_student VALUES("PS59cbb6ae2ba530.82839169","PG59cbb6ae295b84.84597683","US5985c2133318e292390635","1","0");
INSERT INTO progress_student VALUES("PS59cbb6ae2ba593.04969901","PG59cbb6ae295b84.84597683","US598830cb51480379466684","1","1");
INSERT INTO progress_student VALUES("PS59cbb6ae2ba5d7.94576206","PG59cbb6ae295b84.84597683","US5985c30558ce4589866616","1","0.5");
INSERT INTO progress_student VALUES("PS59cbc9382b21d3.75208055","PG59cbc9382a0085.27478566","US59ac0a3f3ccca6.39254141","1","1");
INSERT INTO progress_student VALUES("PS59cbc9382b2302.91271085","PG59cbc9382a0085.27478566","US59ac0a2f0b6623.14189239","1","1");
INSERT INTO progress_student VALUES("PS59d624e62e4d84.74154499","PG59d624e62e0c29.20081403","US5985be0737ecf867117823","1","1");
INSERT INTO progress_student VALUES("PS59cbc9382b2398.81738209","PG59cbc9382a0085.27478566","US5985c0b84aff1682766928","1","0.5");
INSERT INTO progress_student VALUES("PS59cbc9382b23d6.05326726","PG59cbc9382a0085.27478566","US59aeaa94525328.23579708","1","0.5");
INSERT INTO progress_student VALUES("PS59cbc9382b2416.83631618","PG59cbc9382a0085.27478566","US59ad5134a6bb18.10632279","1","1");
INSERT INTO progress_student VALUES("PS59d608a762e578.11502184","PG59d608a762a3c2.03008795","US59ac0a2f0b6623.14189239","0","0");
INSERT INTO progress_student VALUES("PS59cbc98b5723a8.72888214","PG59cbc98b55fcf2.94836424","US59ba8fe289c189.39406651","1","1");
INSERT INTO progress_student VALUES("PS59d6387f8d4297.74075805","PG59d6387f8bcf82.07021895","US5985c0d8a6582773333184","1","1");
INSERT INTO progress_student VALUES("PS59cbc98b572553.19982868","PG59cbc98b55fcf2.94836424","US59bd1018c3c961.30793094","0","0");
INSERT INTO progress_student VALUES("PS59cbc98b572590.17299324","PG59cbc98b55fcf2.94836424","US59ba901e7be934.68232321","0","0");
INSERT INTO progress_student VALUES("PS59cbc98b5725c6.52448664","PG59cbc98b55fcf2.94836424","US59bd1157ec5292.26421405","1","1");
INSERT INTO progress_student VALUES("PS59cbc98b572600.28664280","PG59cbc98b55fcf2.94836424","US59bf7e29a90a18.55755906","1","1");
INSERT INTO progress_student VALUES("PS59d23cfa818876.18210054","PG59d23cfa815fa9.77797522","US5985c03ababcf003612666","1","1");
INSERT INTO progress_student VALUES("PS59d385ce6e24d2.22000068","PG59d385ce6deed3.32733470","US59c3b6ffb2a223.12795377","1","1");
INSERT INTO progress_student VALUES("PS59cced2ddc64b3.63228936","PG59cced2ddae585.20637389","US598841aac259a707466705","1","1");
INSERT INTO progress_student VALUES("PS59cced2ddc65f3.02017985","PG59cced2ddae585.20637389","US59ac0a2f0b6623.14189239","1","1");
INSERT INTO progress_student VALUES("PS59cced2ddc6653.03629608","PG59cced2ddae585.20637389","US5985c05993e14209919366","1","1");
INSERT INTO progress_student VALUES("PS59cced2ddc6691.06843114","PG59cced2ddae585.20637389","US599fb3c76a2705.37462250","1","1");
INSERT INTO progress_student VALUES("PS59cced2ddc66d3.94446707","PG59cced2ddae585.20637389","US5985c03ababcf003612666","1","1");
INSERT INTO progress_student VALUES("PS59cced2ddc6715.36532821","PG59cced2ddae585.20637389","US5985be0737ecf867117823","1","1");
INSERT INTO progress_student VALUES("PS59cced2ddc6757.20516846","PG59cced2ddae585.20637389","US5985c0986fb60310314303","1","1");
INSERT INTO progress_student VALUES("PS59d6387f8d4248.76609825","PG59d6387f8bcf82.07021895","US5985c101deba4237296265","1","1");
INSERT INTO progress_student VALUES("PS59cceddcaabee0.74521838","PG59cceddca8fc30.68329168","US5985c12ec0a62122183433","1","0.5");
INSERT INTO progress_student VALUES("PS59cceddcaac000.88426927","PG59cceddca8fc30.68329168","US59c3b6ffb2a223.12795377","1","1");
INSERT INTO progress_student VALUES("PS59d65a527bafe7.32051706","PG59d658fcd60c01.83835231","US59ca508fa8b0a5.38524281","1","1");
INSERT INTO progress_student VALUES("PS59cceddcaac095.70364765","PG59cceddca8fc30.68329168","US5985c101deba4237296265","1","1");
INSERT INTO progress_student VALUES("PS59cceddcaac0d7.66634289","PG59cceddca8fc30.68329168","US5985c0d8a6582773333184","1","0.5");
INSERT INTO progress_student VALUES("PS59cceddcaac109.25474856","PG59cceddca8fc30.68329168","US5985c2cff290c469198689","1","0.5");
INSERT INTO progress_student VALUES("PS59cceddcaac144.19962670","PG59cceddca8fc30.68329168","US5985c2133318e292390635","0","0");
INSERT INTO progress_student VALUES("PS59cceddcaac184.28775785","PG59cceddca8fc30.68329168","US5985c2b68edfc766823396","1","1");
INSERT INTO progress_student VALUES("PS59ccfd8330d538.87508167","PG59ccfd8330a8d2.26535053","US59ad50dd140745.24244826","1","0");
INSERT INTO progress_student VALUES("PS59ccfd8330d607.47272984","PG59ccfd8330a8d2.26535053","US5985c03ababcf003612666","1","1");
INSERT INTO progress_student VALUES("PS59ccfd8330d650.57656386","PG59ccfd8330a8d2.26535053","US5985be0737ecf867117823","1","1");
INSERT INTO progress_student VALUES("PS59ccfd8330d692.90191080","PG59ccfd8330a8d2.26535053","US59ac0739cea3f3.41924627","1","1");
INSERT INTO progress_student VALUES("PS59ccfdabadfe22.95289486","PG59ccfdabadd9c2.12886870","US59ca4e2a2bbdb6.54878826","1","1");
INSERT INTO progress_student VALUES("PS59ccfdabadff09.59759822","PG59ccfdabadd9c2.12886870","US59ac111453e868.28015852","1","1");
INSERT INTO progress_student VALUES("PS59ccfdabadff44.89483085","PG59ccfdabadd9c2.12886870","US59ca49990fcca2.56136050","1","1");
INSERT INTO progress_student VALUES("PS59ccfdabadff73.83928508","PG59ccfdabadd9c2.12886870","US5985c1aa5d16e488712303","1","1");
INSERT INTO progress_student VALUES("PS59ccfdabadffb8.62777060","PG59ccfdabadd9c2.12886870","US59bf8381092e81.83889127","1","1");
INSERT INTO progress_student VALUES("PS59ce20bcb4bd35.50138289","PG59ce20bcb221a3.81435025","US5985c1aa5d16e488712303","0","0");
INSERT INTO progress_student VALUES("PS59cd019e5b7cd5.16837942","PG59cd019e5a2060.03140668","US598c22660735d888327545","1","0.5");
INSERT INTO progress_student VALUES("PS59cf8b14c718f3.33728850","PG59cf8b14c62f59.71797682","US59ca508fa8b0a5.38524281","1","0.5");
INSERT INTO progress_student VALUES("PS59cd019e5b7d69.87666134","PG59cd019e5a2060.03140668","US59ca508fa8b0a5.38524281","1","1");
INSERT INTO progress_student VALUES("PS59cd019e5b7db3.58808343","PG59cd019e5a2060.03140668","US598c22b60c4d9814871020","1","0.5");
INSERT INTO progress_student VALUES("PS59cd019e5b7df0.35850737","PG59cd019e5a2060.03140668","US59bd1018c3c961.30793094","1","1");
INSERT INTO progress_student VALUES("PS59cd019e5b7e27.91743192","PG59cd019e5a2060.03140668","US59afde10c892b8.75175782","1","0.5");
INSERT INTO progress_student VALUES("PS59cd019e5b7e66.99191079","PG59cd019e5a2060.03140668","US5985c1f583a17705459810","1","0");
INSERT INTO progress_student VALUES("PS59cd019e5b7e96.49239289","PG59cd019e5a2060.03140668","US598c22f281ebe771825491","1","0.5");
INSERT INTO progress_student VALUES("PS59cd01fd10c955.32467558","PG59cd01fd0f7738.70135394","US5985c1947a60f020154533","1","0.5");
INSERT INTO progress_student VALUES("PS59cd01fd10ca61.97018025","PG59cd01fd0f7738.70135394","US59ac05f716e0d5.43146483","1","1");
INSERT INTO progress_student VALUES("PS59cd01fd10cab1.25756780","PG59cd01fd0f7738.70135394","US5985c180bf2b9391395197","1","1");
INSERT INTO progress_student VALUES("PS59cd01fd10cae1.06104892","PG59cd01fd0f7738.70135394","US598c228136211031368108","1","1");
INSERT INTO progress_student VALUES("PS59cd01fd10cb25.95721696","PG59cd01fd0f7738.70135394","US598c22dc762ba836756417","1","0");
INSERT INTO progress_student VALUES("PS59cd01fd10cb69.32300559","PG59cd01fd0f7738.70135394","US5985cba14b8d3100168809","0","0");
INSERT INTO progress_student VALUES("PS59cf91e0883a59.36312815","PG59cf91e0868735.36919276","US5985be0737ecf867117823","1","1");
INSERT INTO progress_student VALUES("PS59cd01fd10cbd1.58769988","PG59cd01fd0f7738.70135394","US5985c3ac6234d022515588","1","0.5");
INSERT INTO progress_student VALUES("PS59cd01fd10cc08.93010006","PG59cd01fd0f7738.70135394","US5985c3898ae59122109569","1","0.5");
INSERT INTO progress_student VALUES("PS59ce2a663afe65.82187947","PG59ce2a663910d4.05415412","US5985c03ababcf003612666","0","0");
INSERT INTO progress_student VALUES("PS59ce2a663affe8.75070008","PG59ce2a663910d4.05415412","US5985c2133318e292390635","0","0");
INSERT INTO progress_student VALUES("PS59ce2a663b0045.28435293","PG59ce2a663910d4.05415412","US5985c2b68edfc766823396","1","0.5");
INSERT INTO progress_student VALUES("PS59ce2a663b0086.73306624","PG59ce2a663910d4.05415412","US5985be0737ecf867117823","0","0");
INSERT INTO progress_student VALUES("PS59ce2a663b00d8.05792210","PG59ce2a663910d4.05415412","US5985c0986fb60310314303","1","1");
INSERT INTO progress_student VALUES("PS59ce2a663b0119.33622913","PG59ce2a663910d4.05415412","US59c276ec8cbd96.54459379","1","1");
INSERT INTO progress_student VALUES("PS59e4bdf4ae8f19.37862490","PG59e4bdf4ae52b0.99626879","US59aeaa94525328.23579708","0","0");
INSERT INTO progress_student VALUES("PS59ce3bf73e95b4.77001232","PG59ce3bf73e63a5.16520974","US59ac0df47c33f2.32375704","1","1");
INSERT INTO progress_student VALUES("PS59e0a655cddf09.10869194","PG59e0a655cdb8e5.97339469","US59ac0a2f0b6623.14189239","1","1");
INSERT INTO progress_student VALUES("PS59ce3bf73e97d3.33521262","PG59ce3bf73e63a5.16520974","US59b7aa305bd0e5.73964541","0","0");
INSERT INTO progress_student VALUES("PS59ce3bf73e9810.75546412","PG59ce3bf73e63a5.16520974","US5985c0b84aff1682766928","1","1");
INSERT INTO progress_student VALUES("PS59ce3bf73e9858.51320438","PG59ce3bf73e63a5.16520974","US59aeaa94525328.23579708","1","0");
INSERT INTO progress_student VALUES("PS59ce3bf73e9895.57980624","PG59ce3bf73e63a5.16520974","US5985c1f583a17705459810","1","1");
INSERT INTO progress_student VALUES("PS59ce3bf73e98c3.46982311","PG59ce3bf73e63a5.16520974","US59bf8381092e81.83889127","1","1");
INSERT INTO progress_student VALUES("PS59ce3db9b8aee7.33321621","PG59ce3db9b85d97.32814418","US59ac0a3f3ccca6.39254141","1","1");
INSERT INTO progress_student VALUES("PS59ce3db9b8b080.20516934","PG59ce3db9b85d97.32814418","US59ac0a2f0b6623.14189239","1","1");
INSERT INTO progress_student VALUES("PS59d624e62e4d30.84732586","PG59d624e62e0c29.20081403","US5985c03ababcf003612666","1","1");
INSERT INTO progress_student VALUES("PS59ce3db9b8b1a1.45292373","PG59ce3db9b85d97.32814418","US5985c0b84aff1682766928","1","0.5");
INSERT INTO progress_student VALUES("PS59ce3db9b8b230.96035486","PG59ce3db9b85d97.32814418","US59aeaa94525328.23579708","0","0");
INSERT INTO progress_student VALUES("PS59ce3db9b8b310.71305795","PG59ce3db9b85d97.32814418","US59ad5134a6bb18.10632279","1","1");
INSERT INTO progress_student VALUES("PS59d624e62e4e51.64781981","PG59d624e62e0c29.20081403","US59ac0739cea3f3.41924627","1","1");
INSERT INTO progress_student VALUES("PS59d608a762e436.43706143","PG59d608a762a3c2.03008795","US598841aac259a707466705","1","1");
INSERT INTO progress_student VALUES("PS59ce4feb7b0cb3.65898108","PG59ce4feb7ae858.29072915","US5985c12ec0a62122183433","1","1");
INSERT INTO progress_student VALUES("PS59ce4feb7b0db1.28192077","PG59ce4feb7ae858.29072915","US5985c101deba4237296265","1","1");
INSERT INTO progress_student VALUES("PS59ce4feb7b0e05.23030522","PG59ce4feb7ae858.29072915","US5985c2cff290c469198689","0","0");
INSERT INTO progress_student VALUES("PS59ce4feb7b0e38.52336038","PG59ce4feb7ae858.29072915","US5985c2133318e292390635","0","0");
INSERT INTO progress_student VALUES("PS59ce4feb7b0e79.90918892","PG59ce4feb7ae858.29072915","US598830cb51480379466684","1","1");
INSERT INTO progress_student VALUES("PS59ce4feb7b0eb0.39276772","PG59ce4feb7ae858.29072915","US5985c30558ce4589866616","1","1");
INSERT INTO progress_student VALUES("PS59ce583eb518f2.99013101","PG59ce583eb33eb3.48977005","US59ba8fe289c189.39406651","1","1");
INSERT INTO progress_student VALUES("PS59d659b19eb3d4.25928327","PG59d65927ae7186.55252611","US59c901d4d38b76.07743701","1","1");
INSERT INTO progress_student VALUES("PS59ce583eb51b50.60694243","PG59ce583eb33eb3.48977005","US59bd1018c3c961.30793094","0","0");
INSERT INTO progress_student VALUES("PS59ce583eb51bc1.34039175","PG59ce583eb33eb3.48977005","US59ba901e7be934.68232321","1","1");
INSERT INTO progress_student VALUES("PS59ce583eb51c33.76956313","PG59ce583eb33eb3.48977005","US59bd1157ec5292.26421405","1","1");
INSERT INTO progress_student VALUES("PS59ce583eb51ca6.60914887","PG59ce583eb33eb3.48977005","US59bf7e29a90a18.55755906","1","1");
INSERT INTO progress_student VALUES("PS59d23cfa818754.69315377","PG59d23cfa815fa9.77797522","US59bf9ce149c5b2.90105243","1","0.5");
INSERT INTO progress_student VALUES("PS59d385ce6e23b0.43718642","PG59d385ce6deed3.32733470","US5985c12ec0a62122183433","1","1");
INSERT INTO progress_student VALUES("PS59cf7f5f680d08.09529909","PG59cf7f5f6723a8.26554489","US5985c1947a60f020154533","1","1");
INSERT INTO progress_student VALUES("PS59cf7f5f680e69.44606308","PG59cf7f5f6723a8.26554489","US59ac05f716e0d5.43146483","0","0");
INSERT INTO progress_student VALUES("PS59cf7f5f680ec2.66441008","PG59cf7f5f6723a8.26554489","US5985c180bf2b9391395197","0","0");
INSERT INTO progress_student VALUES("PS59cf7f5f680f00.56804320","PG59cf7f5f6723a8.26554489","US598c228136211031368108","1","0.5");
INSERT INTO progress_student VALUES("PS59cf7f5f680f61.70219689","PG59cf7f5f6723a8.26554489","US598c22dc762ba836756417","1","0.5");
INSERT INTO progress_student VALUES("PS59cf7f5f680fa5.57941254","PG59cf7f5f6723a8.26554489","US5985cba14b8d3100168809","0","0");
INSERT INTO progress_student VALUES("PS59cf7f5f680fe5.24222893","PG59cf7f5f6723a8.26554489","US5985c3ac6234d022515588","1","0.5");
INSERT INTO progress_student VALUES("PS59cf7f5f681028.76100681","PG59cf7f5f6723a8.26554489","US5985c3898ae59122109569","1","0.5");
INSERT INTO progress_student VALUES("PS59d3787e0979f9.27421724","PG59d3787e094fc8.41268051","US598c22dc762ba836756417","1","0.5");
INSERT INTO progress_student VALUES("PS59d3787e097a34.89585038","PG59d3787e094fc8.41268051","US5985cba14b8d3100168809","0","0");
INSERT INTO progress_student VALUES("PS59d3787e097a75.80793353","PG59d3787e094fc8.41268051","US5985c3ac6234d022515588","1","0.5");
INSERT INTO progress_student VALUES("PS59d3787e097ab8.77564702","PG59d3787e094fc8.41268051","US5985c3898ae59122109569","1","0.5");
INSERT INTO progress_student VALUES("PS59d3833a6fcf30.40347768","PG59d3833a6f9aa2.65580678","US598841aac259a707466705","1","1");
INSERT INTO progress_student VALUES("PS59d3833a6fd034.63576928","PG59d3833a6f9aa2.65580678","US59ac0a2f0b6623.14189239","1","1");
INSERT INTO progress_student VALUES("PS59d3833a6fd090.89535635","PG59d3833a6f9aa2.65580678","US5985c05993e14209919366","1","1");
INSERT INTO progress_student VALUES("PS59d3833a6fd0c0.12516069","PG59d3833a6f9aa2.65580678","US5985c03ababcf003612666","1","1");
INSERT INTO progress_student VALUES("PS59d3833a6fd111.54015142","PG59d3833a6f9aa2.65580678","US5985be0737ecf867117823","1","1");
INSERT INTO progress_student VALUES("PS59d3833a6fd151.69878533","PG59d3833a6f9aa2.65580678","US5985c0986fb60310314303","1","1");
INSERT INTO progress_student VALUES("PS59e0b2653ac7b6.89160759","PG59e0b2653864c8.20641938","US59aeaa94525328.23579708","1","0.5");
INSERT INTO progress_student VALUES("PS59d385ce6e2615.14203086","PG59d385ce6deed3.32733470","US5985c2b68edfc766823396","1","1");
INSERT INTO progress_student VALUES("PS59d38603518372.12759694","PG59d38603514473.34563284","US598c22660735d888327545","1","1");
INSERT INTO progress_student VALUES("PS59d38603518459.28798176","PG59d38603514473.34563284","US59ca508fa8b0a5.38524281","1","1");
INSERT INTO progress_student VALUES("PS59d386035184a0.28937436","PG59d38603514473.34563284","US59bd1018c3c961.30793094","0","0");
INSERT INTO progress_student VALUES("PS59d386035184e7.34218482","PG59d38603514473.34563284","US59afde10c892b8.75175782","1","1");
INSERT INTO progress_student VALUES("PS59d38603518527.53739819","PG59d38603514473.34563284","US5985c1f583a17705459810","1","0");
INSERT INTO progress_student VALUES("PS59d38603518556.10402935","PG59d38603514473.34563284","US598c22f281ebe771825491","0","0");
INSERT INTO progress_student VALUES("PS59d3995a2a7dd5.52006639","PG59d3995a294801.70471804","US59ad50dd140745.24244826","1","0");
INSERT INTO progress_student VALUES("PS59d3995a2a7f13.07265771","PG59d3995a294801.70471804","US5985c03ababcf003612666","1","1");
INSERT INTO progress_student VALUES("PS59d3995a2a7f65.66981050","PG59d3995a294801.70471804","US5985be0737ecf867117823","1","1");
INSERT INTO progress_student VALUES("PS59d3995a2a7fa0.27141931","PG59d3995a294801.70471804","US5985c1d356320316320740","1","1");
INSERT INTO progress_student VALUES("PS59d3995a2a7ff4.28666199","PG59d3995a294801.70471804","US59ac0739cea3f3.41924627","1","1");
INSERT INTO progress_student VALUES("PS59d3999097e336.44493187","PG59d3999097c142.27265895","US59ca4e2a2bbdb6.54878826","1","1");
INSERT INTO progress_student VALUES("PS59d3999097e3e4.32451570","PG59d3999097c142.27265895","US59ac111453e868.28015852","1","1");
INSERT INTO progress_student VALUES("PS59d3999097e463.65846019","PG59d3999097c142.27265895","US59ca49990fcca2.56136050","1","1");
INSERT INTO progress_student VALUES("PS59d3999097e4b9.85976165","PG59d3999097c142.27265895","US5985c1aa5d16e488712303","1","1");
INSERT INTO progress_student VALUES("PS59d3999097e4e8.52866701","PG59d3999097c142.27265895","US59ce469edd8536.42325542","1","1");
INSERT INTO progress_student VALUES("PS59d3999097e510.21058237","PG59d3999097c142.27265895","US59bf8381092e81.83889127","1","1");
INSERT INTO progress_student VALUES("PS59d4b0081f21c0.57313447","PG59d4b0081ef108.16523038","US5985cba14b8d3100168809","1","1");
INSERT INTO progress_student VALUES("PS59d4bde9673992.04442577","PG59d4bde9661345.45106057","US59bf9ce149c5b2.90105243","1","1");
INSERT INTO progress_student VALUES("PS59d4bde9673af7.01620981","PG59d4bde9661345.45106057","US5985c03ababcf003612666","1","1");
INSERT INTO progress_student VALUES("PS59d4bde9673b49.81842412","PG59d4bde9661345.45106057","US5985c2133318e292390635","1","0.5");
INSERT INTO progress_student VALUES("PS59d4bde9673b98.87637141","PG59d4bde9661345.45106057","US5985c2b68edfc766823396","0","0");
INSERT INTO progress_student VALUES("PS59d4bde9673be3.72989484","PG59d4bde9661345.45106057","US5985be0737ecf867117823","1","1");
INSERT INTO progress_student VALUES("PS59d4bde9673c24.88347137","PG59d4bde9661345.45106057","US5985c0986fb60310314303","1","1");
INSERT INTO progress_student VALUES("PS59d4bde9673c62.43291044","PG59d4bde9661345.45106057","US59c276ec8cbd96.54459379","1","1");
INSERT INTO progress_student VALUES("PS59e4bdf4ae8ed4.21217008","PG59e4bdf4ae52b0.99626879","US59ce469edd8536.42325542","1","1");
INSERT INTO progress_student VALUES("PS59d4ec6b363bd8.26246300","PG59d4ec6b351b25.19147543","US59ac0df47c33f2.32375704","1","1");
INSERT INTO progress_student VALUES("PS59e0a655cdde55.66579849","PG59e0a655cdb8e5.97339469","US59ac0a3f3ccca6.39254141","1","1");
INSERT INTO progress_student VALUES("PS59d6387f8d4012.46871220","PG59d6387f8bcf82.07021895","US5985c12ec0a62122183433","1","0");
INSERT INTO progress_student VALUES("PS59d4ec6b363dd9.54351584","PG59d4ec6b351b25.19147543","US59b7aa305bd0e5.73964541","0","0");
INSERT INTO progress_student VALUES("PS59d4ec6b363e13.80726390","PG59d4ec6b351b25.19147543","US5985c0b84aff1682766928","1","1");
INSERT INTO progress_student VALUES("PS59d4ec6b363eb4.54965973","PG59d4ec6b351b25.19147543","US59aeaa94525328.23579708","1","1");
INSERT INTO progress_student VALUES("PS59d4ec6b363ef2.91733982","PG59d4ec6b351b25.19147543","US5985c1f583a17705459810","1","0");
INSERT INTO progress_student VALUES("PS59d4ec6b363f42.59162211","PG59d4ec6b351b25.19147543","US59bf8381092e81.83889127","0","0");
INSERT INTO progress_student VALUES("PS59d4ec8b1089e0.52746171","PG59d4ec8b1064c2.08248324","US5985c1947a60f020154533","1","1");
INSERT INTO progress_student VALUES("PS59d4ec8b108ac7.89268363","PG59d4ec8b1064c2.08248324","US5985c180bf2b9391395197","0","0");
INSERT INTO progress_student VALUES("PS59d4ec8b108b01.56649849","PG59d4ec8b1064c2.08248324","US59b122b8431c99.19083022","1","1");
INSERT INTO progress_student VALUES("PS59d4ec8b108b41.09664906","PG59d4ec8b1064c2.08248324","US59ac0488e33bb9.79658980","1","1");
INSERT INTO progress_student VALUES("PS59d4ec8b108b86.31659961","PG59d4ec8b1064c2.08248324","US5985c1aa5d16e488712303","0","0");
INSERT INTO progress_student VALUES("PS59d4ec8b108bc6.84554154","PG59d4ec8b1064c2.08248324","US5985c1bf5965a032311598","1","1");
INSERT INTO progress_student VALUES("PS59d4ec8b108bf3.59648997","PG59d4ec8b1064c2.08248324","US5985c1d356320316320740","1","1");
INSERT INTO progress_student VALUES("PS59d4ef689cc933.85218606","PG59d4ef689b3ad4.71557668","US5985c12ec0a62122183433","1","1");
INSERT INTO progress_student VALUES("PS59d4ef689ccb26.92119850","PG59d4ef689b3ad4.71557668","US5985c101deba4237296265","1","1");
INSERT INTO progress_student VALUES("PS59d4ef689ccba0.30673169","PG59d4ef689b3ad4.71557668","US5985c2cff290c469198689","0","0");
INSERT INTO progress_student VALUES("PS59d4ef689ccc03.62271585","PG59d4ef689b3ad4.71557668","US5985c2133318e292390635","1","1");
INSERT INTO progress_student VALUES("PS59d4ef689ccc84.69255220","PG59d4ef689b3ad4.71557668","US598830cb51480379466684","1","1");
INSERT INTO progress_student VALUES("PS59d4ef689ccce5.65258974","PG59d4ef689b3ad4.71557668","US5985c30558ce4589866616","1","1");
INSERT INTO progress_student VALUES("PS59d501b178b094.08936166","PG59d501b1770008.03927097","US59ac0a3f3ccca6.39254141","1","1");
INSERT INTO progress_student VALUES("PS59d501b178b353.53640445","PG59d501b1770008.03927097","US59ac0a2f0b6623.14189239","1","1");
INSERT INTO progress_student VALUES("PS59d624e62e4bc9.31587198","PG59d624e62e0c29.20081403","US59ad50dd140745.24244826","1","1");
INSERT INTO progress_student VALUES("PS59d501b178b3f2.69033120","PG59d501b1770008.03927097","US5985c0b84aff1682766928","1","1");
INSERT INTO progress_student VALUES("PS59d501b178b446.98953071","PG59d501b1770008.03927097","US59aeaa94525328.23579708","1","1");
INSERT INTO progress_student VALUES("PS59d501b178b473.58790532","PG59d501b1770008.03927097","US59ad5134a6bb18.10632279","1","1");
INSERT INTO progress_student VALUES("PS59d5022605d7c4.19029227","PG59d5022605b165.26599285","US59ba8fe289c189.39406651","1","1");
INSERT INTO progress_student VALUES("PS59e4bd6be96c03.58015892","PG59e4bd6be7a130.89946993","US59ba901e7be934.68232321","1","0.5");
INSERT INTO progress_student VALUES("PS59d5022605d962.98231015","PG59d5022605b165.26599285","US59bd1018c3c961.30793094","1","1");
INSERT INTO progress_student VALUES("PS59d5022605d998.79160783","PG59d5022605b165.26599285","US59ba901e7be934.68232321","1","0.5");
INSERT INTO progress_student VALUES("PS59d5022605d9d3.32485586","PG59d5022605b165.26599285","US59bd1157ec5292.26421405","1","1");
INSERT INTO progress_student VALUES("PS59d5022605da00.88467383","PG59d5022605b165.26599285","US59bf7e29a90a18.55755906","1","1");
INSERT INTO progress_student VALUES("PS59d5022605da49.46500451","PG59d5022605b165.26599285","US59ba900d0c54e5.85148704","1","1");
INSERT INTO progress_student VALUES("PS59d608a762e6e6.60069058","PG59d608a762a3c2.03008795","US5985c05993e14209919366","1","1");
INSERT INTO progress_student VALUES("PS59d608a762e737.57664194","PG59d608a762a3c2.03008795","US5985c03ababcf003612666","0","0");
INSERT INTO progress_student VALUES("PS59d608a762e775.51880413","PG59d608a762a3c2.03008795","US5985be0737ecf867117823","1","1");
INSERT INTO progress_student VALUES("PS59d608a762e7b9.33859421","PG59d608a762a3c2.03008795","US5985c0986fb60310314303","1","1");
INSERT INTO progress_student VALUES("PS59e0b2653ac771.57968014","PG59e0b2653864c8.20641938","US5985c0b84aff1682766928","1","0");
INSERT INTO progress_student VALUES("PS59d618f1856a96.27345586","PG59d618f1854683.66281314","US5985c1947a60f020154533","1","1");
INSERT INTO progress_student VALUES("PS59d618f1856b62.13608084","PG59d618f1854683.66281314","US59ac05f716e0d5.43146483","1","1");
INSERT INTO progress_student VALUES("PS59d618f1856bc4.71167881","PG59d618f1854683.66281314","US5985c180bf2b9391395197","1","1");
INSERT INTO progress_student VALUES("PS59d618f1856c04.34913109","PG59d618f1854683.66281314","US598c228136211031368108","1","1");
INSERT INTO progress_student VALUES("PS59d618f1856c40.00282490","PG59d618f1854683.66281314","US598c22dc762ba836756417","1","1");
INSERT INTO progress_student VALUES("PS59d618f1856c90.35749038","PG59d618f1854683.66281314","US5985cba14b8d3100168809","0","0");
INSERT INTO progress_student VALUES("PS59d618f1856cd8.04608871","PG59d618f1854683.66281314","US5985c3ac6234d022515588","1","1");
INSERT INTO progress_student VALUES("PS59d618f1856d13.23583706","PG59d618f1854683.66281314","US5985c3898ae59122109569","1","1");
INSERT INTO progress_student VALUES("PS59d62549ee4a21.60976721","PG59d62549ec5d45.18380209","US59ca4e2a2bbdb6.54878826","1","1");
INSERT INTO progress_student VALUES("PS59d62549ee4b90.52490080","PG59d62549ec5d45.18380209","US59ac111453e868.28015852","1","1");
INSERT INTO progress_student VALUES("PS59e0b64922a659.98344331","PG59e0b64920df39.85291963","US5985c2133318e292390635","1","1");
INSERT INTO progress_student VALUES("PS59d62549ee4c36.32805431","PG59d62549ec5d45.18380209","US59ca49990fcca2.56136050","1","0");
INSERT INTO progress_student VALUES("PS59d62549ee4c89.64151608","PG59d62549ec5d45.18380209","US5985c1aa5d16e488712303","1","1");
INSERT INTO progress_student VALUES("PS59d62549ee4cc0.01646320","PG59d62549ec5d45.18380209","US59ce469edd8536.42325542","1","0");
INSERT INTO progress_student VALUES("PS59d62549ee4d06.53979289","PG59d62549ec5d45.18380209","US59bf8381092e81.83889127","1","1");
INSERT INTO progress_student VALUES("PS59d7809c0fdb64.10823893","PG59d7809c0e98e7.86382025","US5985c1aa5d16e488712303","1","1");
INSERT INTO progress_student VALUES("PS59d7809c0fdb27.14081702","PG59d7809c0e98e7.86382025","US59ac0488e33bb9.79658980","1","1");
INSERT INTO progress_student VALUES("PS59d7809c0fdae2.39843763","PG59d7809c0e98e7.86382025","US59b122b8431c99.19083022","1","1");
INSERT INTO progress_student VALUES("PS59d7809c0fda85.27930329","PG59d7809c0e98e7.86382025","US5985c180bf2b9391395197","1","1");
INSERT INTO progress_student VALUES("PS59d7809c0fd940.68265769","PG59d7809c0e98e7.86382025","US5985c1947a60f020154533","1","1");
INSERT INTO progress_student VALUES("PS59d6387f8d4313.86127413","PG59d6387f8bcf82.07021895","US5985c2133318e292390635","1","1");
INSERT INTO progress_student VALUES("PS59d6387f8d4367.44728915","PG59d6387f8bcf82.07021895","US5985c2b68edfc766823396","1","1");
INSERT INTO progress_student VALUES("PS59d63dc2e9b080.44369518","PG59d63dc2e85dc2.19567581","US598c22660735d888327545","1","0.5");
INSERT INTO progress_student VALUES("PS59d63dc2e9b1c1.28390857","PG59d63dc2e85dc2.19567581","US59ca508fa8b0a5.38524281","1","0.5");
INSERT INTO progress_student VALUES("PS59d63dc2e9b219.92709156","PG59d63dc2e85dc2.19567581","US59bd1018c3c961.30793094","1","1");
INSERT INTO progress_student VALUES("PS59d63dc2e9b268.54364562","PG59d63dc2e85dc2.19567581","US59afde10c892b8.75175782","1","1");
INSERT INTO progress_student VALUES("PS59d63dc2e9b2a7.80185628","PG59d63dc2e85dc2.19567581","US5985c1f583a17705459810","1","1");
INSERT INTO progress_student VALUES("PS59d63dc2e9b2e1.08125049","PG59d63dc2e85dc2.19567581","US598c22f281ebe771825491","0","0");
INSERT INTO progress_student VALUES("PS59d7823ce069e5.05031213","PG59d7823ce048b3.80706268","US5985c101deba4237296265","1","1");
INSERT INTO progress_student VALUES("PS59d7823ce06a23.84547891","PG59d7823ce048b3.80706268","US5985c2cff290c469198689","0","0");
INSERT INTO progress_student VALUES("PS59d7823ce06a62.32286866","PG59d7823ce048b3.80706268","US5985c2133318e292390635","1","1");
INSERT INTO progress_student VALUES("PS59d7823ce06aa0.74708656","PG59d7823ce048b3.80706268","US598830cb51480379466684","1","0.5");
INSERT INTO progress_student VALUES("PS59d7823ce06ae5.20086541","PG59d7823ce048b3.80706268","US5985c30558ce4589866616","1","1");
INSERT INTO progress_student VALUES("PS59d78e8147eef9.45326150","PG59d78e8147a744.39564876","US59ac0a3f3ccca6.39254141","1","1");
INSERT INTO progress_student VALUES("PS59d78e8147f011.64988661","PG59d78e8147a744.39564876","US59ac0a2f0b6623.14189239","0","0");
INSERT INTO progress_student VALUES("PS59d78e8147f062.19619979","PG59d78e8147a744.39564876","US5985c0b84aff1682766928","1","1");
INSERT INTO progress_student VALUES("PS59d78e8147f0b7.92222677","PG59d78e8147a744.39564876","US59aeaa94525328.23579708","1","1");
INSERT INTO progress_student VALUES("PS59d78e8147f0f5.53272458","PG59d78e8147a744.39564876","US59ad5134a6bb18.10632279","1","1");
INSERT INTO progress_student VALUES("PS59d78f10948e01.65674376","PG59d78f10939537.32023008","US59ba8fe289c189.39406651","1","1");
INSERT INTO progress_student VALUES("PS59e4bd6be96ba8.65695795","PG59e4bd6be7a130.89946993","US59bd1018c3c961.30793094","1","0.5");
INSERT INTO progress_student VALUES("PS59d78f10948f67.24462170","PG59d78f10939537.32023008","US59bd1018c3c961.30793094","1","0");
INSERT INTO progress_student VALUES("PS59d78f10948fa4.28021321","PG59d78f10939537.32023008","US59ba901e7be934.68232321","1","0.5");
INSERT INTO progress_student VALUES("PS59d78f10948fe3.23138424","PG59d78f10939537.32023008","US59bf7e29a90a18.55755906","1","1");
INSERT INTO progress_student VALUES("PS59d78f10949015.10087599","PG59d78f10939537.32023008","US59ba900d0c54e5.85148704","1","1");
INSERT INTO progress_student VALUES("PS59d78f222038b2.71860220","PG59d78f22201768.04250460","US59c901d4d38b76.07743701","1","1");
INSERT INTO progress_student VALUES("PS59d78f22203981.04471733","PG59d78f22201768.04250460","US59ca508fa8b0a5.38524281","1","1");
INSERT INTO progress_student VALUES("PS59d79529547a96.88859091","PG59d78f10939537.32023008","US59bd1157ec5292.26421405","1","1");
INSERT INTO progress_student VALUES("PS59d8b871739177.73286707","PG59d8b871734d60.81025907","US5985c1947a60f020154533","1","1");
INSERT INTO progress_student VALUES("PS59d8b8717392c8.47625710","PG59d8b871734d60.81025907","US59ac05f716e0d5.43146483","1","1");
INSERT INTO progress_student VALUES("PS59d8b871739313.18206348","PG59d8b871734d60.81025907","US5985c180bf2b9391395197","1","1");
INSERT INTO progress_student VALUES("PS59d8b871739362.61574070","PG59d8b871734d60.81025907","US598c228136211031368108","1","1");
INSERT INTO progress_student VALUES("PS59d8b8717393b0.28662137","PG59d8b871734d60.81025907","US598c22dc762ba836756417","1","1");
INSERT INTO progress_student VALUES("PS59d8b8717393f8.67657757","PG59d8b871734d60.81025907","US5985cba14b8d3100168809","0","0");
INSERT INTO progress_student VALUES("PS59d8b871739445.84120860","PG59d8b871734d60.81025907","US5985c3ac6234d022515588","0","0");
INSERT INTO progress_student VALUES("PS59d8b871739488.94907434","PG59d8b871734d60.81025907","US5985c3898ae59122109569","1","1");
INSERT INTO progress_student VALUES("PS59d8d33ea10a62.63253367","PG59d8d33e9ff113.88107963","US5985c12ec0a62122183433","1","0");
INSERT INTO progress_student VALUES("PS59d8d33ea10bf7.77971452","PG59d8d33e9ff113.88107963","US59c3b6ffb2a223.12795377","1","0.5");
INSERT INTO progress_student VALUES("PS59d8d33ea10c49.14062241","PG59d8d33e9ff113.88107963","US5985c101deba4237296265","1","1");
INSERT INTO progress_student VALUES("PS59d8d33ea10c84.66404290","PG59d8d33e9ff113.88107963","US5985c0d8a6582773333184","1","1");
INSERT INTO progress_student VALUES("PS59d8d33ea10cd0.19161556","PG59d8d33e9ff113.88107963","US5985c2cff290c469198689","0","0");
INSERT INTO progress_student VALUES("PS59d8d33ea10d69.98276870","PG59d8d33e9ff113.88107963","US5985c2133318e292390635","1","1");
INSERT INTO progress_student VALUES("PS59d8d33ea10db2.24795612","PG59d8d33e9ff113.88107963","US5985c2b68edfc766823396","1","1");
INSERT INTO progress_student VALUES("PS59d8d78bee9df2.56640224","PG59d8d78bed8ee8.05956838","US598c22660735d888327545","1","1");
INSERT INTO progress_student VALUES("PS59d8d78bee9f53.37196993","PG59d8d78bed8ee8.05956838","US59ca508fa8b0a5.38524281","1","1");
INSERT INTO progress_student VALUES("PS59d8d78bee9fb9.40628355","PG59d8d78bed8ee8.05956838","US59bd1018c3c961.30793094","1","1");
INSERT INTO progress_student VALUES("PS59d8d78beea001.49342455","PG59d8d78bed8ee8.05956838","US59afde10c892b8.75175782","0","0");
INSERT INTO progress_student VALUES("PS59d8d78beea045.33844108","PG59d8d78bed8ee8.05956838","US5985c1f583a17705459810","1","0.5");
INSERT INTO progress_student VALUES("PS59d8e17f011fb1.17062192","PG59d8e17f001768.05409053","US598841aac259a707466705","1","1");
INSERT INTO progress_student VALUES("PS59d8e17f012147.99739876","PG59d8e17f001768.05409053","US59ac0a2f0b6623.14189239","0","0");
INSERT INTO progress_student VALUES("PS59d8e17f0121a0.23017805","PG59d8e17f001768.05409053","US5985c05993e14209919366","1","1");
INSERT INTO progress_student VALUES("PS59d8e17f0121e7.59449834","PG59d8e17f001768.05409053","US5985c03ababcf003612666","1","1");
INSERT INTO progress_student VALUES("PS59d8e17f012239.16025188","PG59d8e17f001768.05409053","US5985be0737ecf867117823","1","1");
INSERT INTO progress_student VALUES("PS59d8e17f012288.98010819","PG59d8e17f001768.05409053","US5985c0986fb60310314303","1","1");
INSERT INTO progress_student VALUES("PS59e0b2653ac713.54375060","PG59e0b2653864c8.20641938","US59b7aa305bd0e5.73964541","0","0");
INSERT INTO progress_student VALUES("PS59db53ee1632d5.36994066","PG59db53ee160a46.92695974","US59bf9ce149c5b2.90105243","1","1");
INSERT INTO progress_student VALUES("PS59db53ee1633c0.59312775","PG59db53ee160a46.92695974","US5985c03ababcf003612666","1","1");
INSERT INTO progress_student VALUES("PS59db53ee163428.83258424","PG59db53ee160a46.92695974","US5985c2133318e292390635","1","1");
INSERT INTO progress_student VALUES("PS59db53ee163478.88203982","PG59db53ee160a46.92695974","US5985c2b68edfc766823396","1","0.5");
INSERT INTO progress_student VALUES("PS59db53ee1634d6.72255119","PG59db53ee160a46.92695974","US5985be0737ecf867117823","1","0.5");
INSERT INTO progress_student VALUES("PS59db53ee163511.04182363","PG59db53ee160a46.92695974","US5985c0986fb60310314303","1","1");
INSERT INTO progress_student VALUES("PS59db53ee163551.66537013","PG59db53ee160a46.92695974","US59c276ec8cbd96.54459379","1","1");
INSERT INTO progress_student VALUES("PS59e4bdf4ae8e96.66399161","PG59e4bdf4ae52b0.99626879","US5985c0b84aff1682766928","1","1");
INSERT INTO progress_student VALUES("PS59db6b8f775b59.58378601","PG59db6b8f771e96.62106335","US5985c12ec0a62122183433","1","1");
INSERT INTO progress_student VALUES("PS59db6b8f775c34.66237492","PG59db6b8f771e96.62106335","US5985c101deba4237296265","1","1");
INSERT INTO progress_student VALUES("PS59db6b8f775c91.01250401","PG59db6b8f771e96.62106335","US5985c2cff290c469198689","1","0.5");
INSERT INTO progress_student VALUES("PS59db6b8f775cd8.54613593","PG59db6b8f771e96.62106335","US5985c2133318e292390635","1","1");
INSERT INTO progress_student VALUES("PS59db6b8f775d11.75177893","PG59db6b8f771e96.62106335","US598830cb51480379466684","1","1");
INSERT INTO progress_student VALUES("PS59db6b8f775d56.57230032","PG59db6b8f771e96.62106335","US5985c30558ce4589866616","1","0.5");
INSERT INTO progress_student VALUES("PS59db6dffd87115.56569202","PG59db6dffd6feb6.46594973","US59ac0df47c33f2.32375704","1","0.5");
INSERT INTO progress_student VALUES("PS59db6dffd87276.27793873","PG59db6dffd6feb6.46594973","US59b7aa305bd0e5.73964541","0","0");
INSERT INTO progress_student VALUES("PS59db6dffd872c4.72103477","PG59db6dffd6feb6.46594973","US5985c0b84aff1682766928","1","0");
INSERT INTO progress_student VALUES("PS59db6dffd87306.88543422","PG59db6dffd6feb6.46594973","US59aeaa94525328.23579708","1","0");
INSERT INTO progress_student VALUES("PS59db6dffd87353.95714865","PG59db6dffd6feb6.46594973","US5985c1f583a17705459810","1","1");
INSERT INTO progress_student VALUES("PS59db6dffd87395.95673250","PG59db6dffd6feb6.46594973","US59bf8381092e81.83889127","1","1");
INSERT INTO progress_student VALUES("PS59db6fa328ecf3.02483674","PG59db6fa326f4c1.82347431","US5985c1947a60f020154533","1","1");
INSERT INTO progress_student VALUES("PS59db6fa328f040.43039962","PG59db6fa326f4c1.82347431","US5985c180bf2b9391395197","1","1");
INSERT INTO progress_student VALUES("PS59db6fa328f139.78822869","PG59db6fa326f4c1.82347431","US59b122b8431c99.19083022","1","1");
INSERT INTO progress_student VALUES("PS59db6fa328f1b4.92017476","PG59db6fa326f4c1.82347431","US59ac0488e33bb9.79658980","1","1");
INSERT INTO progress_student VALUES("PS59db6fa328f276.17966734","PG59db6fa326f4c1.82347431","US5985c1aa5d16e488712303","1","1");
INSERT INTO progress_student VALUES("PS59db6fa328f320.20353244","PG59db6fa326f4c1.82347431","US5985c1bf5965a032311598","1","1");
INSERT INTO progress_student VALUES("PS59db6fa328f3a0.22829799","PG59db6fa326f4c1.82347431","US5985c1d356320316320740","1","1");
INSERT INTO progress_student VALUES("PS59db7713e81c60.21185785","PG59db7713e7f912.80600282","US59ac0a3f3ccca6.39254141","1","1");
INSERT INTO progress_student VALUES("PS59db7713e81d35.33860327","PG59db7713e7f912.80600282","US59ac0a2f0b6623.14189239","1","1");
INSERT INTO progress_student VALUES("PS59db7713e81d76.51550478","PG59db7713e7f912.80600282","US5985c0b84aff1682766928","1","1");
INSERT INTO progress_student VALUES("PS59db7713e81db5.17890562","PG59db7713e7f912.80600282","US59aeaa94525328.23579708","1","1");
INSERT INTO progress_student VALUES("PS59db7713e81df3.30213388","PG59db7713e7f912.80600282","US59ad5134a6bb18.10632279","1","1");
INSERT INTO progress_student VALUES("PS59db77270ae680.62879091","PG59db77270abbe8.24709950","US59c901d4d38b76.07743701","1","1");
INSERT INTO progress_student VALUES("PS59db77270ae7d7.83586536","PG59db77270abbe8.24709950","US59ca508fa8b0a5.38524281","1","0.5");
INSERT INTO progress_student VALUES("PS59db7750257569.23949917","PG59db7750219083.05055534","US59ba8fe289c189.39406651","1","1");
INSERT INTO progress_student VALUES("PS59e4bd6be96a58.62964509","PG59e4bd6be7a130.89946993","US59ba8fe289c189.39406651","1","1");
INSERT INTO progress_student VALUES("PS59db77502578b0.67580450","PG59db7750219083.05055534","US59bd1018c3c961.30793094","0","0");
INSERT INTO progress_student VALUES("PS59db7750257912.08670195","PG59db7750219083.05055534","US59ba901e7be934.68232321","1","1");
INSERT INTO progress_student VALUES("PS59db7750257974.01511020","PG59db7750219083.05055534","US59bd1157ec5292.26421405","1","1");
INSERT INTO progress_student VALUES("PS59db77502579c3.95060627","PG59db7750219083.05055534","US59bf7e29a90a18.55755906","1","1");
INSERT INTO progress_student VALUES("PS59db7750257a06.77523787","PG59db7750219083.05055534","US59ba900d0c54e5.85148704","1","1");
INSERT INTO progress_student VALUES("PS59dca79ed19228.75073435","PG59dca79ed15a46.50379774","US5985c1947a60f020154533","0","0");
INSERT INTO progress_student VALUES("PS59dca79ed192f4.80528756","PG59dca79ed15a46.50379774","US59ac05f716e0d5.43146483","0","0");
INSERT INTO progress_student VALUES("PS59dca79ed19349.06169670","PG59dca79ed15a46.50379774","US5985c180bf2b9391395197","0","0");
INSERT INTO progress_student VALUES("PS59dca79ed19395.69318030","PG59dca79ed15a46.50379774","US598c228136211031368108","1","1");
INSERT INTO progress_student VALUES("PS59dca79ed193e7.05854129","PG59dca79ed15a46.50379774","US598c22dc762ba836756417","1","1");
INSERT INTO progress_student VALUES("PS59dca79ed19420.56568916","PG59dca79ed15a46.50379774","US5985cba14b8d3100168809","0","0");
INSERT INTO progress_student VALUES("PS59dca79ed19465.56029347","PG59dca79ed15a46.50379774","US5985c3ac6234d022515588","1","1");
INSERT INTO progress_student VALUES("PS59dca79ed194a6.24888042","PG59dca79ed15a46.50379774","US5985c3898ae59122109569","1","1");
INSERT INTO progress_student VALUES("PS59dcd09a9ecda5.03230408","PG59dcd09a9d2238.22168344","US598841aac259a707466705","1","1");
INSERT INTO progress_student VALUES("PS59dcd09a9ecf31.76310199","PG59dcd09a9d2238.22168344","US59ac0a2f0b6623.14189239","0","0");
INSERT INTO progress_student VALUES("PS59dcd09a9ecfc5.68036223","PG59dcd09a9d2238.22168344","US5985c05993e14209919366","1","1");
INSERT INTO progress_student VALUES("PS59dcd09a9ed043.05230517","PG59dcd09a9d2238.22168344","US5985c03ababcf003612666","1","1");
INSERT INTO progress_student VALUES("PS59dcd09a9ed0b1.12300894","PG59dcd09a9d2238.22168344","US5985be0737ecf867117823","1","1");
INSERT INTO progress_student VALUES("PS59dcd09a9ed143.60207864","PG59dcd09a9d2238.22168344","US5985c0986fb60310314303","1","1");
INSERT INTO progress_student VALUES("PS59dcd0c523e837.38193289","PG59dcd0c523bd23.36936815","US5985c12ec0a62122183433","1","1");
INSERT INTO progress_student VALUES("PS59dcd0c523e8e1.79726179","PG59dcd0c523bd23.36936815","US59c3b6ffb2a223.12795377","1","1");
INSERT INTO progress_student VALUES("PS59dcd0c523e935.14583184","PG59dcd0c523bd23.36936815","US5985c101deba4237296265","1","0.5");
INSERT INTO progress_student VALUES("PS59dcd0c523e969.47464947","PG59dcd0c523bd23.36936815","US5985c0d8a6582773333184","1","1");
INSERT INTO progress_student VALUES("PS59dcd0c523e9a6.05462381","PG59dcd0c523bd23.36936815","US5985c2cff290c469198689","1","1");
INSERT INTO progress_student VALUES("PS59dcd0c523e9e0.56311753","PG59dcd0c523bd23.36936815","US5985c2133318e292390635","1","1");
INSERT INTO progress_student VALUES("PS59dcd0c523ea18.68638907","PG59dcd0c523bd23.36936815","US5985c2b68edfc766823396","1","0.5");
INSERT INTO progress_student VALUES("PS59dcd475302b33.90152057","PG59dcd4752ed053.93925569","US59ad50dd140745.24244826","1","0.5");
INSERT INTO progress_student VALUES("PS59dcd475302c97.89665570","PG59dcd4752ed053.93925569","US5985c03ababcf003612666","1","1");
INSERT INTO progress_student VALUES("PS59dcd475302ce6.64720431","PG59dcd4752ed053.93925569","US5985be0737ecf867117823","1","1");
INSERT INTO progress_student VALUES("PS59dcd475302d25.91382717","PG59dcd4752ed053.93925569","US5985c1d356320316320740","1","0.5");
INSERT INTO progress_student VALUES("PS59dcd475302d75.92249416","PG59dcd4752ed053.93925569","US59ac0739cea3f3.41924627","1","1");
INSERT INTO progress_student VALUES("PS59dcd494585059.02287844","PG59dcd494582155.88098454","US59ca4e2a2bbdb6.54878826","0","0");
INSERT INTO progress_student VALUES("PS59dcd494585112.45261911","PG59dcd494582155.88098454","US59ac111453e868.28015852","0","0");
INSERT INTO progress_student VALUES("PS59e0b64922a602.69001639","PG59e0b64920df39.85291963","US5985c03ababcf003612666","1","1");
INSERT INTO progress_student VALUES("PS59dcd4945853b4.32455252","PG59dcd494582155.88098454","US59ca49990fcca2.56136050","1","1");
INSERT INTO progress_student VALUES("PS59dcd4945853f1.56504060","PG59dcd494582155.88098454","US5985c1aa5d16e488712303","0","0");
INSERT INTO progress_student VALUES("PS59dcd494585439.65743636","PG59dcd494582155.88098454","US59ce469edd8536.42325542","0","0");
INSERT INTO progress_student VALUES("PS59dcd494585469.28020161","PG59dcd494582155.88098454","US59bf8381092e81.83889127","1","1");
INSERT INTO progress_student VALUES("PS59dcd7c37ceac4.47890333","PG59dcd7c37bed66.37159654","US59d768a5a1e7e6.22991662","1","1");
INSERT INTO progress_student VALUES("PS59dcd7c37cec90.48633417","PG59dcd7c37bed66.37159654","US598c22660735d888327545","1","1");
INSERT INTO progress_student VALUES("PS59dcd7c37ced17.41757075","PG59dcd7c37bed66.37159654","US59ca508fa8b0a5.38524281","0","0");
INSERT INTO progress_student VALUES("PS59dcd7c37ced83.07546257","PG59dcd7c37bed66.37159654","US59bd1018c3c961.30793094","1","1");
INSERT INTO progress_student VALUES("PS59dcd7c37cee11.37211407","PG59dcd7c37bed66.37159654","US59afde10c892b8.75175782","1","1");
INSERT INTO progress_student VALUES("PS59dcd7c37cee81.71904026","PG59dcd7c37bed66.37159654","US5985c1f583a17705459810","0","0");
INSERT INTO progress_student VALUES("PS59de0f94c2c6b4.33700726","PG59de0f94c16d39.25591516","US59bf9ce149c5b2.90105243","1","1");
INSERT INTO progress_student VALUES("PS59de0f94c2c7d9.72561457","PG59de0f94c16d39.25591516","US5985c03ababcf003612666","1","1");
INSERT INTO progress_student VALUES("PS59de0f94c2c814.49678317","PG59de0f94c16d39.25591516","US5985c2133318e292390635","1","0.5");
INSERT INTO progress_student VALUES("PS59de0f94c2c855.07855997","PG59de0f94c16d39.25591516","US5985c2b68edfc766823396","1","0.5");
INSERT INTO progress_student VALUES("PS59de0f94c2c891.32155731","PG59de0f94c16d39.25591516","US5985be0737ecf867117823","1","1");
INSERT INTO progress_student VALUES("PS59de0f94c2c8d6.67850731","PG59de0f94c16d39.25591516","US5985c0986fb60310314303","1","1");
INSERT INTO progress_student VALUES("PS59de0f94c2c913.81156177","PG59de0f94c16d39.25591516","US59c276ec8cbd96.54459379","1","1");
INSERT INTO progress_student VALUES("PS59e4bdf4ae8e47.95219387","PG59e4bdf4ae52b0.99626879","US59ac0df47c33f2.32375704","1","1");
INSERT INTO progress_student VALUES("PS59de0fbb308f42.08302511","PG59de0fbb306188.25682048","US5985c12ec0a62122183433","1","1");
INSERT INTO progress_student VALUES("PS59de0fbb309091.12195272","PG59de0fbb306188.25682048","US5985c101deba4237296265","1","1");
INSERT INTO progress_student VALUES("PS59de0fbb3090e8.36408250","PG59de0fbb306188.25682048","US5985c2cff290c469198689","1","1");
INSERT INTO progress_student VALUES("PS59de0fbb309129.68463770","PG59de0fbb306188.25682048","US5985c2133318e292390635","1","1");
INSERT INTO progress_student VALUES("PS59de0fbb309160.15445462","PG59de0fbb306188.25682048","US598830cb51480379466684","1","0.5");
INSERT INTO progress_student VALUES("PS59de0fbb3091a9.22086252","PG59de0fbb306188.25682048","US5985c30558ce4589866616","1","0");
INSERT INTO progress_student VALUES("PS59de15f0d4c237.24568251","PG59de15f0d3a138.85850925","US59ac0df47c33f2.32375704","1","1");
INSERT INTO progress_student VALUES("PS59de15f0d4c381.00968316","PG59de15f0d3a138.85850925","US59b7aa305bd0e5.73964541","0","0");
INSERT INTO progress_student VALUES("PS59de15f0d4c3e2.76326378","PG59de15f0d3a138.85850925","US5985c0b84aff1682766928","1","1");
INSERT INTO progress_student VALUES("PS59de15f0d4c426.85105152","PG59de15f0d3a138.85850925","US59aeaa94525328.23579708","1","1");
INSERT INTO progress_student VALUES("PS59de15f0d4c472.20861862","PG59de15f0d3a138.85850925","US5985c1f583a17705459810","1","0.5");
INSERT INTO progress_student VALUES("PS59de15f0d4c4b1.76331173","PG59de15f0d3a138.85850925","US59bf8381092e81.83889127","0","0");
INSERT INTO progress_student VALUES("PS59de16153370c7.72855146","PG59de1615334541.31543259","US5985c1947a60f020154533","1","1");
INSERT INTO progress_student VALUES("PS59de1615337177.12345964","PG59de1615334541.31543259","US5985c180bf2b9391395197","1","1");
INSERT INTO progress_student VALUES("PS59de16153371c1.45921911","PG59de1615334541.31543259","US59b122b8431c99.19083022","1","1");
INSERT INTO progress_student VALUES("PS59de16153371f6.19844248","PG59de1615334541.31543259","US59ac0488e33bb9.79658980","1","1");
INSERT INTO progress_student VALUES("PS59de1615337234.22215762","PG59de1615334541.31543259","US5985c1aa5d16e488712303","1","1");
INSERT INTO progress_student VALUES("PS59de1615337275.80314251","PG59de1615334541.31543259","US5985c1bf5965a032311598","1","1");
INSERT INTO progress_student VALUES("PS59de16153372a4.19671783","PG59de1615334541.31543259","US5985c1d356320316320740","0","0");
INSERT INTO progress_student VALUES("PS59df4e60d72e21.62632383","PG59df4e60d4c5a3.94315075","US598841aac259a707466705","0","0");
INSERT INTO progress_student VALUES("PS59df4e60d72fa6.38204184","PG59df4e60d4c5a3.94315075","US59ac0a2f0b6623.14189239","1","1");
INSERT INTO progress_student VALUES("PS59df4e60d73005.12512016","PG59df4e60d4c5a3.94315075","US5985c05993e14209919366","1","1");
INSERT INTO progress_student VALUES("PS59df4e60d73065.46791761","PG59df4e60d4c5a3.94315075","US5985c03ababcf003612666","1","1");
INSERT INTO progress_student VALUES("PS59df4e60d730b4.32983215","PG59df4e60d4c5a3.94315075","US5985be0737ecf867117823","1","1");
INSERT INTO progress_student VALUES("PS59df4e60d730f2.33582455","PG59df4e60d4c5a3.94315075","US5985c0986fb60310314303","1","1");
INSERT INTO progress_student VALUES("PS59e0b2653ac584.36587234","PG59e0b2653864c8.20641938","US59ac0df47c33f2.32375704","1","1");
INSERT INTO progress_student VALUES("PS59df575be703f4.92039588","PG59df575be593f9.64631653","US5985c1947a60f020154533","1","1");
INSERT INTO progress_student VALUES("PS59df575be70547.74230459","PG59df575be593f9.64631653","US59ac05f716e0d5.43146483","1","1");
INSERT INTO progress_student VALUES("PS59df575be705a8.70244311","PG59df575be593f9.64631653","US5985c180bf2b9391395197","1","0");
INSERT INTO progress_student VALUES("PS59df575be705f7.77566448","PG59df575be593f9.64631653","US598c228136211031368108","1","1");
INSERT INTO progress_student VALUES("PS59df575be70642.08503541","PG59df575be593f9.64631653","US598c22dc762ba836756417","1","1");
INSERT INTO progress_student VALUES("PS59df575be70682.89904838","PG59df575be593f9.64631653","US5985cba14b8d3100168809","0","0");
INSERT INTO progress_student VALUES("PS59df575be706c6.12174595","PG59df575be593f9.64631653","US5985c3ac6234d022515588","1","1");
INSERT INTO progress_student VALUES("PS59df575be70714.10753984","PG59df575be593f9.64631653","US5985c3898ae59122109569","1","1");
INSERT INTO progress_student VALUES("PS59df6053464f91.97438194","PG59df605343e494.43450593","US5985c12ec0a62122183433","0","0");
INSERT INTO progress_student VALUES("PS59df60534650d0.04193856","PG59df605343e494.43450593","US59c3b6ffb2a223.12795377","1","1");
INSERT INTO progress_student VALUES("PS59df6053465127.59057775","PG59df605343e494.43450593","US5985c101deba4237296265","1","1");
INSERT INTO progress_student VALUES("PS59df6053465179.02443995","PG59df605343e494.43450593","US5985c0d8a6582773333184","1","1");
INSERT INTO progress_student VALUES("PS59df60534651c0.75488363","PG59df605343e494.43450593","US5985c2cff290c469198689","1","1");
INSERT INTO progress_student VALUES("PS59df6053465227.28795723","PG59df605343e494.43450593","US5985c2133318e292390635","1","1");
INSERT INTO progress_student VALUES("PS59df6053465261.36801734","PG59df605343e494.43450593","US5985c2b68edfc766823396","1","0.5");
INSERT INTO progress_student VALUES("PS59df6a88ec1b85.53503142","PG59df6a88eac426.82922015","US59d768a5a1e7e6.22991662","1","1");
INSERT INTO progress_student VALUES("PS59df6a88ec1c96.78880358","PG59df6a88eac426.82922015","US598c22660735d888327545","1","1");
INSERT INTO progress_student VALUES("PS59df6a88ec1cd7.93705517","PG59df6a88eac426.82922015","US59ca508fa8b0a5.38524281","1","0.5");
INSERT INTO progress_student VALUES("PS59df6a88ec1de3.08361045","PG59df6a88eac426.82922015","US59bd1018c3c961.30793094","1","1");
INSERT INTO progress_student VALUES("PS59df6a88ec1e30.48781213","PG59df6a88eac426.82922015","US59afde10c892b8.75175782","1","1");
INSERT INTO progress_student VALUES("PS59df6a88ec1e76.52835321","PG59df6a88eac426.82922015","US5985c1f583a17705459810","1","0.5");
INSERT INTO progress_student VALUES("PS59df721c95cef3.14778452","PG59df721c95ab14.37812472","US59ad50dd140745.24244826","1","0");
INSERT INTO progress_student VALUES("PS59df721c95cfa3.65761359","PG59df721c95ab14.37812472","US5985c03ababcf003612666","1","1");
INSERT INTO progress_student VALUES("PS59df721c95cfe6.69137913","PG59df721c95ab14.37812472","US5985be0737ecf867117823","1","1");
INSERT INTO progress_student VALUES("PS59df721c95d017.71939236","PG59df721c95ab14.37812472","US5985c1d356320316320740","1","0");
INSERT INTO progress_student VALUES("PS59df721c95d051.26812607","PG59df721c95ab14.37812472","US59ac0739cea3f3.41924627","1","0");
INSERT INTO progress_student VALUES("PS59df725f5e7066.62110528","PG59df725f5e3178.81897451","US59ca4e2a2bbdb6.54878826","1","0");
INSERT INTO progress_student VALUES("PS59df725f5e7171.35681262","PG59df725f5e3178.81897451","US59ac111453e868.28015852","1","1");
INSERT INTO progress_student VALUES("PS59e0b64922a4c4.50618025","PG59e0b64920df39.85291963","US59bf9ce149c5b2.90105243","0","0");
INSERT INTO progress_student VALUES("PS59df725f5e7279.14498872","PG59df725f5e3178.81897451","US59ca49990fcca2.56136050","1","1");
INSERT INTO progress_student VALUES("PS59df725f5e72f6.55588079","PG59df725f5e3178.81897451","US5985c1aa5d16e488712303","1","0");
INSERT INTO progress_student VALUES("PS59df725f5e7353.15165555","PG59df725f5e3178.81897451","US59ce469edd8536.42325542","0","0");
INSERT INTO progress_student VALUES("PS59df725f5e73b7.82231391","PG59df725f5e3178.81897451","US59bf8381092e81.83889127","1","1");
INSERT INTO progress_student VALUES("PS59e0b64922a698.74796810","PG59e0b64920df39.85291963","US5985c2b68edfc766823396","1","1");
INSERT INTO progress_student VALUES("PS59e0b64922a6e7.24681405","PG59e0b64920df39.85291963","US5985be0737ecf867117823","1","1");
INSERT INTO progress_student VALUES("PS59e0b64922a729.11250015","PG59e0b64920df39.85291963","US5985c0986fb60310314303","1","1");
INSERT INTO progress_student VALUES("PS59e0b64922a758.34164640","PG59e0b64920df39.85291963","US59c276ec8cbd96.54459379","1","1");
INSERT INTO progress_student VALUES("PS59e75643e97fb4.92559849","PG59e75643e84402.25418917","US59ac0df47c33f2.32375704","1","1");
INSERT INTO progress_student VALUES("PS59e0b66a9f7074.72691845","PG59e0b66a9f4822.27099279","US5985c12ec0a62122183433","0","0");
INSERT INTO progress_student VALUES("PS59e0b66a9f71a9.55074249","PG59e0b66a9f4822.27099279","US5985c101deba4237296265","1","1");
INSERT INTO progress_student VALUES("PS59e0b66a9f7226.93736310","PG59e0b66a9f4822.27099279","US5985c2cff290c469198689","1","1");
INSERT INTO progress_student VALUES("PS59e0b66a9f7287.17682771","PG59e0b66a9f4822.27099279","US5985c2133318e292390635","1","1");
INSERT INTO progress_student VALUES("PS59e0b66a9f72f2.65467241","PG59e0b66a9f4822.27099279","US598830cb51480379466684","1","1");
INSERT INTO progress_student VALUES("PS59e0b66a9f7368.23871122","PG59e0b66a9f4822.27099279","US5985c30558ce4589866616","1","0.5");
INSERT INTO progress_student VALUES("PS59e0c2d68b1917.01497960","PG59e0c2d68a18b1.35170974","US5985c1947a60f020154533","1","1");
INSERT INTO progress_student VALUES("PS59e0c2d68b1a03.42169133","PG59e0c2d68a18b1.35170974","US5985c180bf2b9391395197","1","1");
INSERT INTO progress_student VALUES("PS59e0c2d68b1a55.73830873","PG59e0c2d68a18b1.35170974","US59b122b8431c99.19083022","1","1");
INSERT INTO progress_student VALUES("PS59e0c2d68b1a82.29942749","PG59e0c2d68a18b1.35170974","US59ac0488e33bb9.79658980","1","1");
INSERT INTO progress_student VALUES("PS59e0c2d68b1ac9.55492288","PG59e0c2d68a18b1.35170974","US5985c1aa5d16e488712303","1","1");
INSERT INTO progress_student VALUES("PS59e0c2d68b1af5.43443215","PG59e0c2d68a18b1.35170974","US5985c1d356320316320740","1","1");
INSERT INTO progress_student VALUES("PS59e0c7dfe38933.87986084","PG59e0c7dfe23ae4.25852763","US59ba8fe289c189.39406651","1","1");
INSERT INTO progress_student VALUES("PS59e4bd1161af32.82143358","PG59e4bd116187d9.68677474","US59ca508fa8b0a5.38524281","1","1");
INSERT INTO progress_student VALUES("PS59e0c7dfe38a83.05647770","PG59e0c7dfe23ae4.25852763","US59bd1018c3c961.30793094","1","1");
INSERT INTO progress_student VALUES("PS59e0c7dfe38ac8.87650155","PG59e0c7dfe23ae4.25852763","US59ba901e7be934.68232321","1","0.5");
INSERT INTO progress_student VALUES("PS59e0c7dfe38b17.98403082","PG59e0c7dfe23ae4.25852763","US59bd1157ec5292.26421405","1","1");
INSERT INTO progress_student VALUES("PS59e0c7dfe38b49.30401325","PG59e0c7dfe23ae4.25852763","US59bf7e29a90a18.55755906","1","1");
INSERT INTO progress_student VALUES("PS59e0c7dfe38b84.68776767","PG59e0c7dfe23ae4.25852763","US59ba900d0c54e5.85148704","1","1");
INSERT INTO progress_student VALUES("PS59e4bd1161ae62.13209970","PG59e4bd116187d9.68677474","US59c901d4d38b76.07743701","1","0.5");
INSERT INTO progress_student VALUES("PS59e4bcf7550646.37980791","PG59e4bcf7534ae6.50134916","US59aeaa94525328.23579708","0","0");
INSERT INTO progress_student VALUES("PS59e4bcf75505e4.59583298","PG59e4bcf7534ae6.50134916","US5985c0b84aff1682766928","1","1");
INSERT INTO progress_student VALUES("PS59e4bcf7550599.25879280","PG59e4bcf7534ae6.50134916","US59ac0a2f0b6623.14189239","1","1");
INSERT INTO progress_student VALUES("PS59e1ff4a9cc841.54291390","PG59e1ff4a9ca275.58272980","US5985c1947a60f020154533","1","1");
INSERT INTO progress_student VALUES("PS59e1ff4a9cc908.63020626","PG59e1ff4a9ca275.58272980","US59ac05f716e0d5.43146483","1","1");
INSERT INTO progress_student VALUES("PS59e1ff4a9cc953.85113748","PG59e1ff4a9ca275.58272980","US5985c180bf2b9391395197","1","1");
INSERT INTO progress_student VALUES("PS59e1ff4a9cc991.81923871","PG59e1ff4a9ca275.58272980","US598c228136211031368108","1","1");
INSERT INTO progress_student VALUES("PS59e1ff4a9cc9d0.67184859","PG59e1ff4a9ca275.58272980","US598c22dc762ba836756417","1","0.5");
INSERT INTO progress_student VALUES("PS59e1ff4a9cca16.34111369","PG59e1ff4a9ca275.58272980","US5985cba14b8d3100168809","0","0");
INSERT INTO progress_student VALUES("PS59e1ff4a9cca54.95406375","PG59e1ff4a9ca275.58272980","US5985c3ac6234d022515588","1","0.5");
INSERT INTO progress_student VALUES("PS59e1ff4a9cca88.49791404","PG59e1ff4a9ca275.58272980","US5985c3898ae59122109569","1","0.5");
INSERT INTO progress_student VALUES("PS59e20d3ac6f213.22145083","PG59e20d3ac6be44.87633319","US598841aac259a707466705","1","1");
INSERT INTO progress_student VALUES("PS59e20d3ac6f2e1.38276110","PG59e20d3ac6be44.87633319","US59ac0a2f0b6623.14189239","1","1");
INSERT INTO progress_student VALUES("PS59e20d3ac6f339.09102838","PG59e20d3ac6be44.87633319","US5985c05993e14209919366","1","1");
INSERT INTO progress_student VALUES("PS59e20d3ac6f373.05414132","PG59e20d3ac6be44.87633319","US5985c03ababcf003612666","1","1");
INSERT INTO progress_student VALUES("PS59e20d3ac6f3b3.35628932","PG59e20d3ac6be44.87633319","US5985be0737ecf867117823","1","1");
INSERT INTO progress_student VALUES("PS59e20d3ac6f3e2.71612207","PG59e20d3ac6be44.87633319","US5985c0986fb60310314303","1","1");
INSERT INTO progress_student VALUES("PS59e4bcf7550484.48406812","PG59e4bcf7534ae6.50134916","US59ac0a3f3ccca6.39254141","1","1");
INSERT INTO progress_student VALUES("PS59e20d5a0a9473.65024624","PG59e20d5a0a6c44.20035397","US5985c12ec0a62122183433","0","0");
INSERT INTO progress_student VALUES("PS59e20d5a0a9533.56025788","PG59e20d5a0a6c44.20035397","US59c3b6ffb2a223.12795377","1","1");
INSERT INTO progress_student VALUES("PS59e20d5a0a9583.89002772","PG59e20d5a0a6c44.20035397","US5985c101deba4237296265","1","1");
INSERT INTO progress_student VALUES("PS59e20d5a0a95c6.08022125","PG59e20d5a0a6c44.20035397","US5985c0d8a6582773333184","1","1");
INSERT INTO progress_student VALUES("PS59e20d5a0a95f5.83621882","PG59e20d5a0a6c44.20035397","US5985c2cff290c469198689","1","1");
INSERT INTO progress_student VALUES("PS59e20d5a0a9631.48467775","PG59e20d5a0a6c44.20035397","US5985c2133318e292390635","1","1");
INSERT INTO progress_student VALUES("PS59e20d5a0a9667.88095295","PG59e20d5a0a6c44.20035397","US5985c2b68edfc766823396","1","1");
INSERT INTO progress_student VALUES("PS59e214f7aff390.25199016","PG59e214f7afcb12.90912454","US59d768a5a1e7e6.22991662","1","1");
INSERT INTO progress_student VALUES("PS59e214f7aff467.93341522","PG59e214f7afcb12.90912454","US598c22660735d888327545","1","1");
INSERT INTO progress_student VALUES("PS59e214f7aff4a6.89447055","PG59e214f7afcb12.90912454","US59ca508fa8b0a5.38524281","1","0.5");
INSERT INTO progress_student VALUES("PS59e214f7aff4e1.47824344","PG59e214f7afcb12.90912454","US59bd1018c3c961.30793094","1","1");
INSERT INTO progress_student VALUES("PS59e214f7aff529.42033069","PG59e214f7afcb12.90912454","US59afde10c892b8.75175782","1","1");
INSERT INTO progress_student VALUES("PS59e214f7aff551.56665250","PG59e214f7afcb12.90912454","US5985c1f583a17705459810","1","0.5");
INSERT INTO progress_student VALUES("PS59e214f7aff589.47324466","PG59e214f7afcb12.90912454","US598c22f281ebe771825491","0","0");
INSERT INTO progress_student VALUES("PS59e4befb04f103.95961663","PG59e4befb04c968.83810858","US59ac0488e33bb9.79658980","1","1");
INSERT INTO progress_student VALUES("PS59e4befb04f137.32650524","PG59e4befb04c968.83810858","US5985c1aa5d16e488712303","1","1");
INSERT INTO progress_student VALUES("PS59e4befb04f163.78692617","PG59e4befb04c968.83810858","US5985c1d356320316320740","1","1");
INSERT INTO progress_student VALUES("PS59e4bf85625048.74565653","PG59e4bf8560e439.63651397","US59bf9ce149c5b2.90105243","1","1");
INSERT INTO progress_student VALUES("PS59e4bf85625177.87360528","PG59e4bf8560e439.63651397","US5985c03ababcf003612666","1","1");
INSERT INTO progress_student VALUES("PS59e4bf856251c9.22593922","PG59e4bf8560e439.63651397","US5985c2133318e292390635","1","1");
INSERT INTO progress_student VALUES("PS59e4bf85625208.67785714","PG59e4bf8560e439.63651397","US5985c2b68edfc766823396","1","0.5");
INSERT INTO progress_student VALUES("PS59e4bf85625245.75708182","PG59e4bf8560e439.63651397","US5985be0737ecf867117823","1","1");
INSERT INTO progress_student VALUES("PS59e4bf85625273.71444211","PG59e4bf8560e439.63651397","US5985c0986fb60310314303","1","0.5");
INSERT INTO progress_student VALUES("PS59e4bf856252a4.48488438","PG59e4bf8560e439.63651397","US59c276ec8cbd96.54459379","1","1");
INSERT INTO progress_student VALUES("PS59e4bfae7a89b5.40373690","PG59e4bfae7a6089.65478765","US5985c12ec0a62122183433","0","0");
INSERT INTO progress_student VALUES("PS59e4bfae7a8a75.51825420","PG59e4bfae7a6089.65478765","US5985c101deba4237296265","1","1");
INSERT INTO progress_student VALUES("PS59e4bfae7a8ab2.74785243","PG59e4bfae7a6089.65478765","US59e497085388c4.01523988","1","1");
INSERT INTO progress_student VALUES("PS59e4bfae7a8d65.31395915","PG59e4bfae7a6089.65478765","US5985c2cff290c469198689","1","0.5");
INSERT INTO progress_student VALUES("PS59e4bfae7a8dc4.06656641","PG59e4bfae7a6089.65478765","US5985c2133318e292390635","1","0.5");
INSERT INTO progress_student VALUES("PS59e4bfae7a8e00.44233641","PG59e4bfae7a6089.65478765","US598830cb51480379466684","1","1");
INSERT INTO progress_student VALUES("PS59e4bfae7a8e46.41697989","PG59e4bfae7a6089.65478765","US5985c30558ce4589866616","1","1");
INSERT INTO progress_student VALUES("PS59e5e7edd62c21.09848374","PG59e5e7edd49645.13685402","US5985c1947a60f020154533","1","0.5");
INSERT INTO progress_student VALUES("PS59e5e7edd62da9.09124764","PG59e5e7edd49645.13685402","US59ac05f716e0d5.43146483","1","1");
INSERT INTO progress_student VALUES("PS59e5e7edd62e02.54594940","PG59e5e7edd49645.13685402","US5985c180bf2b9391395197","1","1");
INSERT INTO progress_student VALUES("PS59e5e7edd62e42.82675479","PG59e5e7edd49645.13685402","US598c228136211031368108","1","0.5");
INSERT INTO progress_student VALUES("PS59e5e7edd62ea7.59441881","PG59e5e7edd49645.13685402","US598c22dc762ba836756417","1","0.5");
INSERT INTO progress_student VALUES("PS59e5e7edd62ee1.04013389","PG59e5e7edd49645.13685402","US5985cba14b8d3100168809","0","0");
INSERT INTO progress_student VALUES("PS59e5e7edd62f28.61001248","PG59e5e7edd49645.13685402","US5985c3ac6234d022515588","1","0.5");
INSERT INTO progress_student VALUES("PS59e5e7edd62f79.64808613","PG59e5e7edd49645.13685402","US5985c3898ae59122109569","1","0.5");
INSERT INTO progress_student VALUES("PS59e6017f838938.80625990","PG59e6017f81f8a9.04397495","US59ad50dd140745.24244826","1","0");
INSERT INTO progress_student VALUES("PS59e6017f838a65.93105064","PG59e6017f81f8a9.04397495","US5985c03ababcf003612666","1","1");
INSERT INTO progress_student VALUES("PS59e6017f838ac1.02733604","PG59e6017f81f8a9.04397495","US5985be0737ecf867117823","1","1");
INSERT INTO progress_student VALUES("PS59e6017f838b03.65368191","PG59e6017f81f8a9.04397495","US5985c1d356320316320740","1","0");
INSERT INTO progress_student VALUES("PS59e6017f838b43.37321498","PG59e6017f81f8a9.04397495","US59ac0739cea3f3.41924627","1","1");
INSERT INTO progress_student VALUES("PS59e602ffbf8959.98992319","PG59e602ffbde365.69453141","US59ca4e2a2bbdb6.54878826","1","0");
INSERT INTO progress_student VALUES("PS59e602ffbf8a72.82136878","PG59e602ffbde365.69453141","US59ac111453e868.28015852","1","1");
INSERT INTO progress_student VALUES("PS59e602ffbf8ac4.47174078","PG59e602ffbde365.69453141","US59ca49990fcca2.56136050","1","0");
INSERT INTO progress_student VALUES("PS59e602ffbf8b06.45816507","PG59e602ffbde365.69453141","US5985c1aa5d16e488712303","1","0");
INSERT INTO progress_student VALUES("PS59e602ffbf8b45.33164293","PG59e602ffbde365.69453141","US59bf8381092e81.83889127","1","0");
INSERT INTO progress_student VALUES("PS59e605a24b5621.06063709","PG59e605a24b2ca3.30657123","US5985c12ec0a62122183433","0","0");
INSERT INTO progress_student VALUES("PS59e605a24b56f0.41609909","PG59e605a24b2ca3.30657123","US59c3b6ffb2a223.12795377","1","1");
INSERT INTO progress_student VALUES("PS59e605a24b5755.76014775","PG59e605a24b2ca3.30657123","US5985c101deba4237296265","1","1");
INSERT INTO progress_student VALUES("PS59e605a24b5796.52585973","PG59e605a24b2ca3.30657123","US5985c0d8a6582773333184","1","1");
INSERT INTO progress_student VALUES("PS59e605a24b57e6.81145116","PG59e605a24b2ca3.30657123","US5985c2cff290c469198689","1","1");
INSERT INTO progress_student VALUES("PS59e605a24b5821.03048707","PG59e605a24b2ca3.30657123","US5985c2133318e292390635","0","0");
INSERT INTO progress_student VALUES("PS59e605a24b5876.46363150","PG59e605a24b2ca3.30657123","US5985c2b68edfc766823396","0","0");
INSERT INTO progress_student VALUES("PS59e60a1b1cba44.26714345","PG59e60a1b1b3363.37343012","US598841aac259a707466705","1","1");
INSERT INTO progress_student VALUES("PS59e60a1b1cbb68.35156816","PG59e60a1b1b3363.37343012","US59ac0a2f0b6623.14189239","1","0.5");
INSERT INTO progress_student VALUES("PS59e60a1b1cbbb1.54297285","PG59e60a1b1b3363.37343012","US5985c05993e14209919366","1","1");
INSERT INTO progress_student VALUES("PS59e60a1b1cbbe7.03237786","PG59e60a1b1b3363.37343012","US5985c03ababcf003612666","1","1");
INSERT INTO progress_student VALUES("PS59e60a1b1cbc35.75207694","PG59e60a1b1b3363.37343012","US5985be0737ecf867117823","1","1");
INSERT INTO progress_student VALUES("PS59e60a1b1cbc74.48345034","PG59e60a1b1b3363.37343012","US5985c0986fb60310314303","1","1");
INSERT INTO progress_student VALUES("PS59e73882a75192.88945250","PG59e60a1b1b3363.37343012","US59ca3ecc324b28.16592911","1","1");
INSERT INTO progress_student VALUES("PS59e60de07a4068.62706579","PG59e60de078fd94.58388574","US59d768a5a1e7e6.22991662","1","1");
INSERT INTO progress_student VALUES("PS59e60de07a4193.87386646","PG59e60de078fd94.58388574","US598c22660735d888327545","0","0");
INSERT INTO progress_student VALUES("PS59e60de07a41e6.93445501","PG59e60de078fd94.58388574","US59ca508fa8b0a5.38524281","1","1");
INSERT INTO progress_student VALUES("PS59e60de07a4222.87494530","PG59e60de078fd94.58388574","US59bd1018c3c961.30793094","1","1");
INSERT INTO progress_student VALUES("PS59e60de07a4276.38525070","PG59e60de078fd94.58388574","US59afde10c892b8.75175782","1","1");
INSERT INTO progress_student VALUES("PS59e60de07a42b6.77346218","PG59e60de078fd94.58388574","US5985c1f583a17705459810","1","1");
INSERT INTO progress_student VALUES("PS59e61199f33636.74470899","PG59e61199f2fcc0.41304066","US59e497085388c4.01523988","1","1");
INSERT INTO progress_student VALUES("PS59d3833a6fd191.40230653","PG59d3833a6f9aa2.65580678","US59ca3ecc324b28.16592911","1","1");
INSERT INTO progress_student VALUES("PS59d608a762e7e1.30962835","PG59d608a762a3c2.03008795","US59ca3ecc324b28.16592911","1","1");
INSERT INTO progress_student VALUES("PS59d8e17f0122c2.31213496","PG59d8e17f001768.05409053","US59ca3ecc324b28.16592911","1","1");
INSERT INTO progress_student VALUES("PS59df4e60d73135.51930531","PG59df4e60d4c5a3.94315075","US59ca3ecc324b28.16592911","1","1");
INSERT INTO progress_student VALUES("PS59e744ccc6bd70.85188527","PG59e744ccc69207.99190948","US5985c1947a60f020154533","1","1");
INSERT INTO progress_student VALUES("PS59e744ccc6be39.55967033","PG59e744ccc69207.99190948","US59d640b3e0d2c1.24882148","1","0");
INSERT INTO progress_student VALUES("PS59e744ccc6be89.70013885","PG59e744ccc69207.99190948","US5985c180bf2b9391395197","1","1");
INSERT INTO progress_student VALUES("PS59e744ccc6bec6.72681980","PG59e744ccc69207.99190948","US59b122b8431c99.19083022","1","1");
INSERT INTO progress_student VALUES("PS59e744ccc6bf10.73086076","PG59e744ccc69207.99190948","US59ac0488e33bb9.79658980","1","1");
INSERT INTO progress_student VALUES("PS59e744ccc6bf48.43759659","PG59e744ccc69207.99190948","US5985c1aa5d16e488712303","1","1");
INSERT INTO progress_student VALUES("PS59e744ccc6bf86.16607060","PG59e744ccc69207.99190948","US5985c1d356320316320740","0","0");
INSERT INTO progress_student VALUES("PS59e75643e980c7.75076491","PG59e75643e84402.25418917","US5985c0b84aff1682766928","1","1");
INSERT INTO progress_student VALUES("PS59e75643e98111.26567298","PG59e75643e84402.25418917","US59ce469edd8536.42325542","1","1");
INSERT INTO progress_student VALUES("PS59e75643e98151.88803128","PG59e75643e84402.25418917","US59aeaa94525328.23579708","1","1");
INSERT INTO progress_student VALUES("PS59e75643e98191.39072569","PG59e75643e84402.25418917","US5985c1f583a17705459810","1","0.5");
INSERT INTO progress_student VALUES("PS59e75643e981d8.64157383","PG59e75643e84402.25418917","US59bf8381092e81.83889127","1","1");
INSERT INTO progress_student VALUES("PS59e76a46bb5bd4.63293137","PG59e76a46b98686.44292684","US59bf9ce149c5b2.90105243","1","1");
INSERT INTO progress_student VALUES("PS59e76a46bb5d56.98607252","PG59e76a46b98686.44292684","US5985c03ababcf003612666","1","1");
INSERT INTO progress_student VALUES("PS59e76a46bb5db7.87145411","PG59e76a46b98686.44292684","US5985c2133318e292390635","1","0.5");
INSERT INTO progress_student VALUES("PS59e76a46bb5df4.05691649","PG59e76a46b98686.44292684","US5985c2b68edfc766823396","1","1");
INSERT INTO progress_student VALUES("PS59e76a46bb5e46.83525503","PG59e76a46b98686.44292684","US5985be0737ecf867117823","1","0.5");
INSERT INTO progress_student VALUES("PS59e76a46bb5e99.39099278","PG59e76a46b98686.44292684","US5985c0986fb60310314303","1","0.5");
INSERT INTO progress_student VALUES("PS59e76a46bb5ed7.85472297","PG59e76a46b98686.44292684","US59c276ec8cbd96.54459379","1","1");
INSERT INTO progress_student VALUES("PS59e76a46bb5f27.04325264","PG59e76a46b98686.44292684","US5985cba14b8d3100168809","1","1");
INSERT INTO progress_student VALUES("PS59e76a6e08d217.20706506","PG59e76a6e08a8d7.05592595","US5985c12ec0a62122183433","0","0");
INSERT INTO progress_student VALUES("PS59e76a6e08d2f3.21515263","PG59e76a6e08a8d7.05592595","US5985c101deba4237296265","1","1");
INSERT INTO progress_student VALUES("PS59e76a6e08d338.90747039","PG59e76a6e08a8d7.05592595","US59e497085388c4.01523988","1","0.5");
INSERT INTO progress_student VALUES("PS59e76a6e08d378.24549722","PG59e76a6e08a8d7.05592595","US5985c2cff290c469198689","1","1");
INSERT INTO progress_student VALUES("PS59e76a6e08d3b0.73747873","PG59e76a6e08a8d7.05592595","US5985c2133318e292390635","1","0.5");
INSERT INTO progress_student VALUES("PS59e76a6e08d3f4.43605103","PG59e76a6e08a8d7.05592595","US598830cb51480379466684","1","1");
INSERT INTO progress_student VALUES("PS59e76a6e08d425.62415093","PG59e76a6e08a8d7.05592595","US5985c30558ce4589866616","1","0.5");
INSERT INTO progress_student VALUES("PS59e777528882e8.19497848","PG59e77752884f75.38754571","US59ac0a3f3ccca6.39254141","1","1");
INSERT INTO progress_student VALUES("PS59e777528883a4.12789131","PG59e77752884f75.38754571","US59ac0a2f0b6623.14189239","1","0.5");
INSERT INTO progress_student VALUES("PS59e777528883e8.72694403","PG59e77752884f75.38754571","US5985c0b84aff1682766928","1","1");
INSERT INTO progress_student VALUES("PS59e77752888419.83553033","PG59e77752884f75.38754571","US59aeaa94525328.23579708","1","0.5");
INSERT INTO progress_student VALUES("PS59e77752888452.44045951","PG59e77752884f75.38754571","US59ad5134a6bb18.10632279","1","0.5");
INSERT INTO progress_student VALUES("PS59e77778684615.99461751","PG59e77778680992.41856007","US59c901d4d38b76.07743701","1","1");
INSERT INTO progress_student VALUES("PS59e777786846d7.77257103","PG59e77778680992.41856007","US59ca508fa8b0a5.38524281","1","1");
INSERT INTO progress_student VALUES("PS59e777d5a20968.81970742","PG59e777d5a0cad7.96823395","US59ba8fe289c189.39406651","1","1");
INSERT INTO progress_student VALUES("PS59e777d5a20a83.05444034","PG59e777d5a0cad7.96823395","US59bd1018c3c961.30793094","1","1");
INSERT INTO progress_student VALUES("PS59e777d5a20ad5.31694843","PG59e777d5a0cad7.96823395","US59ba901e7be934.68232321","1","0.5");
INSERT INTO progress_student VALUES("PS59e777d5a20b21.41390795","PG59e777d5a0cad7.96823395","US59bd1157ec5292.26421405","1","1");
INSERT INTO progress_student VALUES("PS59e777d5a20b61.63480138","PG59e777d5a0cad7.96823395","US59bf7e29a90a18.55755906","1","0.5");
INSERT INTO progress_student VALUES("PS59e777d5a20ba1.99423998","PG59e777d5a0cad7.96823395","US59ba900d0c54e5.85148704","1","1");



DROP TABLE question;

CREATE TABLE `question` (
  `id` int(5) NOT NULL AUTO_INCREMENT,
  `question_num` varchar(30) COLLATE utf8_unicode_ci NOT NULL,
  `test_num` varchar(30) COLLATE utf8_unicode_ci NOT NULL,
  `question_text` text COLLATE utf8_unicode_ci NOT NULL,
  `question_img` varchar(40) COLLATE utf8_unicode_ci NOT NULL,
  `updated_date` timestamp NOT NULL DEFAULT CURRENT_TIMESTAMP,
  PRIMARY KEY (`id`),
  UNIQUE KEY `question_num` (`question_num`)
) ENGINE=MyISAM AUTO_INCREMENT=142 DEFAULT CHARSET=utf8 COLLATE=utf8_unicode_ci;




DROP TABLE quiz;

CREATE TABLE `quiz` (
  `quiz_num` varchar(30) COLLATE utf8_unicode_ci NOT NULL,
  `topic_num` varchar(30) COLLATE utf8_unicode_ci NOT NULL,
  PRIMARY KEY (`quiz_num`)
) ENGINE=MyISAM DEFAULT CHARSET=utf8 COLLATE=utf8_unicode_ci;

INSERT INTO quiz VALUES("Q59d223f8ed3099.75455256","TQ59ce532a5c5369.51314783");
INSERT INTO quiz VALUES("Q59d224ae0c3c01.34247376","TQ59ce533fc9c992.94238793");
INSERT INTO quiz VALUES("Q59d359d72f5a82.74077756","TQ59ce535a0b4933.58407652");
INSERT INTO quiz VALUES("Q59d35a74d70cf1.75761795","TQ59ca2b5984d028.91854919");
INSERT INTO quiz VALUES("Q59d4aa205e6617.16593383","TQ59ce5377d83dc1.19676256");
INSERT INTO quiz VALUES("Q59d4aa3bb4f4a8.70073645","TQ59ce539c5a2607.65478720");
INSERT INTO quiz VALUES("Q59d4ab48030ac4.56039674","TQ59ce5060534fd0.96631665");
INSERT INTO quiz VALUES("Q59d4aceb72a3f0.45602178","TQ59ce527b151200.44052253");
INSERT INTO quiz VALUES("Q59d4ad12bfb2b9.42685243","TQ59ce529037bb64.90623063");
INSERT INTO quiz VALUES("Q59d4aeef68ba17.38164890","TQ59ca2ab093f312.61723242");
INSERT INTO quiz VALUES("Q59db478fa84817.82451793","TQ59ce52b446eab8.69507644");
INSERT INTO quiz VALUES("Q59df7511dedd86.03706395","TQ59d3936d3821c6.93758103");
INSERT INTO quiz VALUES("Q59e08a6fd9beb7.64477743","TQ59ce50e829d964.95090054");



DROP TABLE quiz_mark;

CREATE TABLE `quiz_mark` (
  `quiz_mark_num` varchar(30) COLLATE utf8_unicode_ci NOT NULL,
  `quiz_num` varchar(30) COLLATE utf8_unicode_ci NOT NULL,
  `student_num` varchar(30) COLLATE utf8_unicode_ci NOT NULL,
  `mark_theory` int(3) NOT NULL,
  `mark_practice` int(3) NOT NULL,
  `created_date` timestamp NOT NULL DEFAULT CURRENT_TIMESTAMP,
  PRIMARY KEY (`quiz_mark_num`)
) ENGINE=MyISAM DEFAULT CHARSET=utf8 COLLATE=utf8_unicode_ci;

INSERT INTO quiz_mark VALUES("QM59d223f8ed4d01.16229190","Q59d223f8ed3099.75455256","US5985cba14b8d3100168809","80","56","2017-10-16 05:06:34");
INSERT INTO quiz_mark VALUES("QM59e4bfc3f04d46.46925092","Q59d359d72f5a82.74077756","US5985c2133318e292390635","85","70","2017-10-16 20:18:43");
INSERT INTO quiz_mark VALUES("QM59d224ae0dc4e2.52793001","Q59d224ae0c3c01.34247376","US5985cba14b8d3100168809","76","90","2017-10-02 17:36:14");
INSERT INTO quiz_mark VALUES("QM59d350337f9540.45639903","Q59d223f8ed3099.75455256","US598c22660735d888327545","90","82","2017-10-03 14:54:11");
INSERT INTO quiz_mark VALUES("QM59d3504a2ea529.66046622","Q59d223f8ed3099.75455256","US598c22f281ebe771825491","85","56","2017-10-03 14:54:34");
INSERT INTO quiz_mark VALUES("QM59d357f4b141f7.24594359","Q59d223f8ed3099.75455256","US5985c1947a60f020154533","70","64","2017-10-03 15:27:16");
INSERT INTO quiz_mark VALUES("QM59d3582a276705.05008152","Q59d223f8ed3099.75455256","US5985c1947a60f020154533","100","86","2017-10-03 15:28:10");
INSERT INTO quiz_mark VALUES("QM59d3584fdb8a74.58351186","Q59d223f8ed3099.75455256","US598c228136211031368108","95","80","2017-10-03 15:28:47");
INSERT INTO quiz_mark VALUES("QM59d3588a5cd907.96413799","Q59d223f8ed3099.75455256","US5985c3ac6234d022515588","100","60","2017-10-03 15:29:46");
INSERT INTO quiz_mark VALUES("QM59d35895411fc7.86000765","Q59d223f8ed3099.75455256","US5985c3ac6234d022515588","80","76","2017-10-03 15:29:57");
INSERT INTO quiz_mark VALUES("QM59d358d7007c81.78802050","Q59d223f8ed3099.75455256","US598c22dc762ba836756417","70","56","2017-10-03 15:31:03");
INSERT INTO quiz_mark VALUES("QM59d358e3d28a12.97455942","Q59d223f8ed3099.75455256","US598c22dc762ba836756417","75","62","2017-10-03 15:31:15");
INSERT INTO quiz_mark VALUES("QM59d35905ab24c0.94241017","Q59d223f8ed3099.75455256","US59ac05f716e0d5.43146483","100","98","2017-10-03 15:31:49");
INSERT INTO quiz_mark VALUES("QM59d35938ccbba3.76461610","Q59d224ae0c3c01.34247376","US5985c1947a60f020154533","85","74","2017-10-03 15:32:40");
INSERT INTO quiz_mark VALUES("QM59d3596e842577.11441784","Q59d224ae0c3c01.34247376","US5985c180bf2b9391395197","100","98","2017-10-03 15:33:34");
INSERT INTO quiz_mark VALUES("QM59d359d73012e3.59968262","Q59d359d72f5a82.74077756","US5985c180bf2b9391395197","100","100","2017-10-03 15:35:19");
INSERT INTO quiz_mark VALUES("QM59d359ede4dcf8.04556888","Q59d359d72f5a82.74077756","US5985c1947a60f020154533","85","78","2017-10-03 15:35:41");
INSERT INTO quiz_mark VALUES("QM59d35a17443a10.42894662","Q59d224ae0c3c01.34247376","US598c228136211031368108","95","80","2017-10-03 15:36:23");
INSERT INTO quiz_mark VALUES("QM59d35a74d72926.25424600","Q59d35a74d70cf1.75761795","US59ac0a2f0b6623.14189239","0","87","2017-10-03 15:37:56");
INSERT INTO quiz_mark VALUES("QM59d35c4974b7f0.81076695","Q59d223f8ed3099.75455256","US598c22f281ebe771825491","95","38","2017-10-03 15:45:45");
INSERT INTO quiz_mark VALUES("QM59d35c68869e81.98819987","Q59d223f8ed3099.75455256","US598c22b60c4d9814871020","85","64","2017-10-03 15:46:16");
INSERT INTO quiz_mark VALUES("QM59d35c75d9d6e3.81909123","Q59d223f8ed3099.75455256","US598c22b60c4d9814871020","90","70","2017-10-03 15:46:29");
INSERT INTO quiz_mark VALUES("QM59d35c99106cb5.79791849","Q59d223f8ed3099.75455256","US5985c1f583a17705459810","85","58","2017-10-03 15:47:05");
INSERT INTO quiz_mark VALUES("QM59d35ca8e1c3f5.72563497","Q59d223f8ed3099.75455256","US5985c1f583a17705459810","85","70","2017-10-03 15:47:20");
INSERT INTO quiz_mark VALUES("QM59d3877d263717.73607037","Q59d224ae0c3c01.34247376","US59ac0a3f3ccca6.39254141","80","60","2017-10-03 18:50:05");
INSERT INTO quiz_mark VALUES("QM59d4a52506b599.20624788","Q59d223f8ed3099.75455256","US5985c2133318e292390635","80","70","2017-10-04 15:08:53");
INSERT INTO quiz_mark VALUES("QM59d4a9c2a7e404.39972867","Q59d224ae0c3c01.34247376","US5985be0737ecf867117823","90","88","2017-10-04 15:28:34");
INSERT INTO quiz_mark VALUES("QM59d4aa2060c9e1.60923855","Q59d4aa205e6617.16593383","US5985c03ababcf003612666","96","70","2017-10-04 15:30:08");
INSERT INTO quiz_mark VALUES("QM59d4aa3bb51548.19556314","Q59d4aa3bb4f4a8.70073645","US5985c03ababcf003612666","83","73","2017-10-04 15:30:35");
INSERT INTO quiz_mark VALUES("QM59d4aacecdd814.73498643","Q59d35a74d70cf1.75761795","US5985c101deba4237296265","0","50","2017-10-04 15:33:02");
INSERT INTO quiz_mark VALUES("QM59d4aacf0570b0.71299262","Q59d224ae0c3c01.34247376","US598830cb51480379466684","100","95","2017-10-04 15:33:03");
INSERT INTO quiz_mark VALUES("QM59d4aadbf25ea2.22957972","Q59d35a74d70cf1.75761795","US5985c101deba4237296265","0","76","2017-10-04 15:33:15");
INSERT INTO quiz_mark VALUES("QM59d4aae3a305b3.85179529","Q59d224ae0c3c01.34247376","US5985c2cff290c469198689","85","92","2017-10-04 15:33:23");
INSERT INTO quiz_mark VALUES("QM59d4ab0d581833.22102678","Q59d224ae0c3c01.34247376","US5985c2133318e292390635","80","42","2017-10-04 15:34:05");
INSERT INTO quiz_mark VALUES("QM59d4ab30956578.18108241","Q59d359d72f5a82.74077756","US5985c12ec0a62122183433","85","70","2017-10-04 15:34:40");
INSERT INTO quiz_mark VALUES("QM59d4ab3b6bd2f1.04791915","Q59d359d72f5a82.74077756","US5985c101deba4237296265","95","70","2017-10-04 15:34:51");
INSERT INTO quiz_mark VALUES("QM59d4ab48032a64.15155269","Q59d4ab48030ac4.56039674","US5985c12ec0a62122183433","0","73","2017-10-04 15:35:04");
INSERT INTO quiz_mark VALUES("QM59d4ab74dbac58.14134276","Q59d35a74d70cf1.75761795","US5985c2133318e292390635","0","90","2017-10-04 15:35:48");
INSERT INTO quiz_mark VALUES("QM59d4ab8bc882b7.76637907","Q59d35a74d70cf1.75761795","US5985c2b68edfc766823396","0","92","2017-10-04 15:36:11");
INSERT INTO quiz_mark VALUES("QM59d4ac9adcf620.33466562","Q59d35a74d70cf1.75761795","US598841aac259a707466705","0","75","2017-10-04 15:40:42");
INSERT INTO quiz_mark VALUES("QM59d4acc7af7d49.73487409","Q59d35a74d70cf1.75761795","US5985c0986fb60310314303","0","66","2017-10-04 15:41:27");
INSERT INTO quiz_mark VALUES("QM59d4acd0a25a40.99614999","Q59d35a74d70cf1.75761795","US5985c0986fb60310314303","0","83","2017-10-04 15:41:36");
INSERT INTO quiz_mark VALUES("QM59d4aceb72c2e2.87896546","Q59d4aceb72a3f0.45602178","US5985c03ababcf003612666","0","90","2017-10-04 15:42:03");
INSERT INTO quiz_mark VALUES("QM59d4ad12bfdb90.17096359","Q59d4ad12bfb2b9.42685243","US5985be0737ecf867117823","0","83","2017-10-04 15:42:42");
INSERT INTO quiz_mark VALUES("QM59d4ada7a60650.37515851","Q59d35a74d70cf1.75761795","US5985c180bf2b9391395197","0","88","2017-10-04 15:45:11");
INSERT INTO quiz_mark VALUES("QM59d4adf9c64069.89410103","Q59d35a74d70cf1.75761795","US5985c1947a60f020154533","0","73","2017-10-04 15:46:33");
INSERT INTO quiz_mark VALUES("QM59d4aeb6131607.94236387","Q59d35a74d70cf1.75761795","US5985c1d356320316320740","0","66","2017-10-04 15:49:42");
INSERT INTO quiz_mark VALUES("QM59d4aebf7df976.15395031","Q59d35a74d70cf1.75761795","US5985c1d356320316320740","0","67","2017-10-04 15:49:51");
INSERT INTO quiz_mark VALUES("QM59d4aeef6917d9.62290393","Q59d4aeef68ba17.38164890","US59ac0488e33bb9.79658980","0","31","2017-10-04 15:50:39");
INSERT INTO quiz_mark VALUES("QM59d4aef72cb6a3.83258954","Q59d4aeef68ba17.38164890","US59ac0488e33bb9.79658980","0","56","2017-10-04 15:50:47");
INSERT INTO quiz_mark VALUES("QM59d4af2a616e13.02632627","Q59d4aceb72a3f0.45602178","US5985c1bf5965a032311598","0","80","2017-10-04 15:51:38");
INSERT INTO quiz_mark VALUES("QM59d4af40bed575.71561774","Q59d4ad12bfb2b9.42685243","US5985c1bf5965a032311598","0","92","2017-10-04 15:52:00");
INSERT INTO quiz_mark VALUES("QM59d4af55e331f2.48004442","Q59d35a74d70cf1.75761795","US5985c1aa5d16e488712303","0","69","2017-10-04 15:52:21");
INSERT INTO quiz_mark VALUES("QM59d4b0553f9447.31725062","Q59d4aa205e6617.16593383","US5985cba14b8d3100168809","50","80","2017-10-04 15:56:37");
INSERT INTO quiz_mark VALUES("QM59d4b0f024bd83.26259069","Q59d223f8ed3099.75455256","US5985c03ababcf003612666","100","86","2017-10-04 15:59:12");
INSERT INTO quiz_mark VALUES("QM59d4b0fcab9316.69048549","Q59d223f8ed3099.75455256","US5985be0737ecf867117823","100","96","2017-10-04 15:59:24");
INSERT INTO quiz_mark VALUES("QM59d4b117156eb9.36867461","Q59d224ae0c3c01.34247376","US5985c2b68edfc766823396","80","76","2017-10-04 15:59:51");
INSERT INTO quiz_mark VALUES("QM59d4b13d5bd736.03298595","Q59d223f8ed3099.75455256","US598830cb51480379466684","95","86","2017-10-04 16:00:29");
INSERT INTO quiz_mark VALUES("QM59d4b1478caf77.27001515","Q59d223f8ed3099.75455256","US5985c30558ce4589866616","85","76","2017-10-04 16:00:39");
INSERT INTO quiz_mark VALUES("QM59d4b161406d80.49399138","Q59d224ae0c3c01.34247376","US5985c12ec0a62122183433","80","76","2017-10-04 16:01:05");
INSERT INTO quiz_mark VALUES("QM59d4b16f53a381.19538744","Q59d224ae0c3c01.34247376","US5985c101deba4237296265","85","76","2017-10-04 16:01:19");
INSERT INTO quiz_mark VALUES("QM59d4b95f1e61b7.86278065","Q59d224ae0c3c01.34247376","US5985c2133318e292390635","80","76","2017-10-04 16:35:11");
INSERT INTO quiz_mark VALUES("QM59d4baea0dad66.51258353","Q59d224ae0c3c01.34247376","US5985c03ababcf003612666","100","86","2017-10-04 16:41:46");
INSERT INTO quiz_mark VALUES("QM59d4bb05183316.69397570","Q59d359d72f5a82.74077756","US5985c03ababcf003612666","100","86","2017-10-04 16:42:13");
INSERT INTO quiz_mark VALUES("QM59d4db869d52d2.66442993","Q59d4ab48030ac4.56039674","US5985c1947a60f020154533","0","85","2017-10-04 19:00:54");
INSERT INTO quiz_mark VALUES("QM59d4dbb3e90b62.48375673","Q59d35a74d70cf1.75761795","US59bf8381092e81.83889127","0","93","2017-10-04 19:01:39");
INSERT INTO quiz_mark VALUES("QM59d4dbfe8f7023.36459740","Q59d35a74d70cf1.75761795","US5985c0b84aff1682766928","68","0","2017-10-04 19:02:54");
INSERT INTO quiz_mark VALUES("QM59d4dc0a7440d5.34172516","Q59d35a74d70cf1.75761795","US5985c0b84aff1682766928","0","80","2017-10-04 19:03:06");
INSERT INTO quiz_mark VALUES("QM59d4e09f616816.08183182","Q59d35a74d70cf1.75761795","US5985c1f583a17705459810","0","85","2017-10-04 19:22:39");
INSERT INTO quiz_mark VALUES("QM59d77b9c46f815.45356996","Q59d4ab48030ac4.56039674","US5985c180bf2b9391395197","0","100","2017-10-06 18:48:28");
INSERT INTO quiz_mark VALUES("QM59d77bae53ca42.37293199","Q59d4ab48030ac4.56039674","US5985c1aa5d16e488712303","0","82","2017-10-06 18:48:46");
INSERT INTO quiz_mark VALUES("QM59d8b458922435.41739085","Q59d224ae0c3c01.34247376","US59ac05f716e0d5.43146483","100","90","2017-10-07 17:02:48");
INSERT INTO quiz_mark VALUES("QM59d8b46765d663.47257240","Q59d224ae0c3c01.34247376","US598c22dc762ba836756417","90","83","2017-10-07 17:03:03");
INSERT INTO quiz_mark VALUES("QM59d8b4829d7e09.12021554","Q59d224ae0c3c01.34247376","US5985c3ac6234d022515588","75","76","2017-10-07 17:03:30");
INSERT INTO quiz_mark VALUES("QM59d8b4f9335770.20193124","Q59d359d72f5a82.74077756","US5985c3898ae59122109569","65","42","2017-10-07 17:05:29");
INSERT INTO quiz_mark VALUES("QM59db3e18ea6759.51812496","Q59d224ae0c3c01.34247376","US5985c30558ce4589866616","70","71","2017-10-09 15:15:04");
INSERT INTO quiz_mark VALUES("QM59db43b780f4a1.30653115","Q59d223f8ed3099.75455256","US59c276ec8cbd96.54459379","90","80","2017-10-09 15:39:03");
INSERT INTO quiz_mark VALUES("QM59db43d30e8f80.94068153","Q59d223f8ed3099.75455256","US59bf9ce149c5b2.90105243","90","80","2017-10-09 15:39:31");
INSERT INTO quiz_mark VALUES("QM59db478fa86bd8.73878881","Q59db478fa84817.82451793","US5985be0737ecf867117823","0","95","2017-10-09 15:55:27");
INSERT INTO quiz_mark VALUES("QM59db47a455a968.22685847","Q59d4ad12bfb2b9.42685243","US5985c03ababcf003612666","0","87","2017-10-09 15:55:48");
INSERT INTO quiz_mark VALUES("QM59db502e7b8207.81347708","Q59d223f8ed3099.75455256","US5985c0b84aff1682766928","65","68","2017-10-09 16:32:14");
INSERT INTO quiz_mark VALUES("QM59db54cb8e4301.56684887","Q59d223f8ed3099.75455256","US59ad5134a6bb18.10632279","100","66","2017-10-09 16:51:55");
INSERT INTO quiz_mark VALUES("QM59db54da360d91.40547111","Q59d223f8ed3099.75455256","US59ac0a2f0b6623.14189239","90","72","2017-10-09 16:52:10");
INSERT INTO quiz_mark VALUES("QM59db5508152930.94626599","Q59d223f8ed3099.75455256","US59aeaa94525328.23579708","80","70","2017-10-09 16:52:56");
INSERT INTO quiz_mark VALUES("QM59db5520a49338.23237125","Q59d223f8ed3099.75455256","US59ad5134a6bb18.10632279","90","88","2017-10-09 16:53:20");
INSERT INTO quiz_mark VALUES("QM59db554f4efb72.37649856","Q59d224ae0c3c01.34247376","US59ac0a3f3ccca6.39254141","95","78","2017-10-09 16:54:07");
INSERT INTO quiz_mark VALUES("QM59db556e0107b0.18920019","Q59d359d72f5a82.74077756","US59ac0a3f3ccca6.39254141","100","92","2017-10-09 16:54:38");
INSERT INTO quiz_mark VALUES("QM59db87a7915248.90778990","Q59d35a74d70cf1.75761795","US5985c0d8a6582773333184","0","60","2017-10-09 20:28:55");
INSERT INTO quiz_mark VALUES("QM59db87cd4289a4.75526485","Q59d4aceb72a3f0.45602178","US5985c05993e14209919366","0","80","2017-10-09 20:29:33");
INSERT INTO quiz_mark VALUES("QM59df7511deff15.11762813","Q59df7511dedd86.03706395","US59ad50dd140745.24244826","0","41","2017-10-12 06:58:41");
INSERT INTO quiz_mark VALUES("QM59df751e17c924.34552799","Q59df7511dedd86.03706395","US5985be0737ecf867117823","0","100","2017-10-12 19:58:54");
INSERT INTO quiz_mark VALUES("QM59df7528603136.19131254","Q59df7511dedd86.03706395","US59ac0739cea3f3.41924627","0","81","2017-10-12 19:59:04");
INSERT INTO quiz_mark VALUES("QM59df7533c9bf64.45567341","Q59df7511dedd86.03706395","US5985c03ababcf003612666","0","83","2017-10-12 19:59:15");
INSERT INTO quiz_mark VALUES("QM59df7590c56f70.79402709","Q59df7511dedd86.03706395","US59ad50dd140745.24244826","0","79","2017-10-12 08:01:11");
INSERT INTO quiz_mark VALUES("QM59df76d869dc87.28656505","Q59df7511dedd86.03706395","US59ca49990fcca2.56136050","0","41","2017-10-12 20:06:16");
INSERT INTO quiz_mark VALUES("QM59df76e888ec81.36499813","Q59df7511dedd86.03706395","US59bf8381092e81.83889127","0","83","2017-10-12 20:06:32");
INSERT INTO quiz_mark VALUES("QM59e08a6fd9db53.66341572","Q59e08a6fd9beb7.64477743","US5985c1aa5d16e488712303","0","87","2017-10-13 15:42:07");
INSERT INTO quiz_mark VALUES("QM59e2028d786b37.73715428","Q59d224ae0c3c01.34247376","US598c22660735d888327545","100","79","2017-10-14 18:26:53");
INSERT INTO quiz_mark VALUES("QM59e203dc08c447.45745425","Q59d4aeef68ba17.38164890","US59ba8fe289c189.39406651","0","80","2017-10-14 06:32:54");
INSERT INTO quiz_mark VALUES("QM59e4c1cde7c112.44367749","Q59d4aeef68ba17.38164890","US59bd1018c3c961.30793094","0","70","2017-10-16 20:27:25");
INSERT INTO quiz_mark VALUES("QM59e204001d4065.29329836","Q59d4aeef68ba17.38164890","US59bd1018c3c961.30793094","0","50","2017-10-16 08:27:19");
INSERT INTO quiz_mark VALUES("QM59e2043cd22014.73133152","Q59d223f8ed3099.75455256","US59afde10c892b8.75175782","80","40","2017-10-14 18:34:04");
INSERT INTO quiz_mark VALUES("QM59e20445789656.85351993","Q59d223f8ed3099.75455256","US59afde10c892b8.75175782","50","40","2017-10-14 18:34:13");
INSERT INTO quiz_mark VALUES("QM59e205aa325c88.62928452","Q59d359d72f5a82.74077756","US5985c3898ae59122109569","95","38","2017-10-14 18:40:10");
INSERT INTO quiz_mark VALUES("QM59e20b253c6723.51487677","Q59d4ad12bfb2b9.42685243","US5985c05993e14209919366","0","87","2017-10-14 19:03:33");
INSERT INTO quiz_mark VALUES("QM59e602acd9aa21.98705483","Q59d4ab48030ac4.56039674","US59b122b8431c99.19083022","0","82","2017-10-17 19:16:28");



DROP TABLE rename_folder;

CREATE TABLE `rename_folder` (
  `id` int(3) NOT NULL AUTO_INCREMENT,
  `folder_name` varchar(30) NOT NULL,
  `tmp_name` varchar(30) NOT NULL,
  PRIMARY KEY (`id`)
) ENGINE=InnoDB AUTO_INCREMENT=2 DEFAULT CHARSET=utf8;

INSERT INTO rename_folder VALUES("1","video","Video59893741ecb3d8.82229613");



DROP TABLE review;

CREATE TABLE `review` (
  `review_num` varchar(30) COLLATE utf8_unicode_ci NOT NULL,
  `review_info_num` varchar(30) COLLATE utf8_unicode_ci NOT NULL,
  `group_student_num` varchar(30) COLLATE utf8_unicode_ci NOT NULL,
  `status` text COLLATE utf8_unicode_ci,
  `last_update` timestamp NOT NULL DEFAULT CURRENT_TIMESTAMP,
  PRIMARY KEY (`review_num`)
) ENGINE=MyISAM DEFAULT CHARSET=utf8 COLLATE=utf8_unicode_ci;

INSERT INTO review VALUES("R59d33738511a46.49404242","1","GS59d2234ede52a5.43576257","4","2017-10-03 13:07:36");
INSERT INTO review VALUES("R59d33738511c23.74376216","2","GS59d2234ede52a5.43576257","5","2017-10-03 13:07:36");
INSERT INTO review VALUES("R59d33738513c33.74811935","5","GS59d2234ede52a5.43576257","dgsdfgsfgsdfgsbfdvndfb","2017-10-03 13:07:36");
INSERT INTO review VALUES("R59d608d347a646.50366115","1","GS599293803f14e4.30817895","10","2017-10-05 16:26:27");
INSERT INTO review VALUES("R59d608d347a723.42111369","2","GS599293803f14e4.30817895","10","2017-10-05 16:26:27");
INSERT INTO review VALUES("R59d608d347a7d8.23303593","3","GS599293803f14e4.30817895","10","2017-10-05 16:26:27");
INSERT INTO review VALUES("R59d608d347a804.49288017","4","GS599293803f14e4.30817895","10","2017-10-05 16:26:27");
INSERT INTO review VALUES("R59d608d347c8b2.10674798","5","GS599293803f14e4.30817895","","2017-10-05 16:26:27");
INSERT INTO review VALUES("R59d608f849abe7.16325753","1","GS599293852e8d36.90462400","9","2017-10-05 16:27:04");
INSERT INTO review VALUES("R59d608f849ad31.17137756","2","GS599293852e8d36.90462400","9","2017-10-05 16:27:04");
INSERT INTO review VALUES("R59e21b7b464401.42704580","5","GS59dcb890ee0fb9.46721022","","2017-10-14 20:13:15");
INSERT INTO review VALUES("R59d608f849adf9.21917707","3","GS599293852e8d36.90462400","8","2017-10-05 16:27:04");
INSERT INTO review VALUES("R59d608f849ae33.91091350","4","GS599293852e8d36.90462400","10","2017-10-05 16:27:04");
INSERT INTO review VALUES("R59d608f849cd90.70133668","5","GS599293852e8d36.90462400","","2017-10-05 16:27:04");
INSERT INTO review VALUES("R59d6090fe5b5d3.55357028","1","GS5992939832e794.45485736","9","2017-10-05 16:27:27");
INSERT INTO review VALUES("R59d6090fe5b746.14953173","2","GS5992939832e794.45485736","8","2017-10-05 16:27:27");
INSERT INTO review VALUES("R59e21b7b461c83.35260711","4","GS59dcb890ee0fb9.46721022","10","2017-10-14 20:13:15");
INSERT INTO review VALUES("R59e21b7b461c52.34847714","2","GS59dcb890ee0fb9.46721022","9","2017-10-14 20:13:15");
INSERT INTO review VALUES("R59d6090fe5b7f1.05622903","3","GS5992939832e794.45485736","8","2017-10-05 16:27:27");
INSERT INTO review VALUES("R59d6090fe5b836.86269228","4","GS5992939832e794.45485736","10","2017-10-05 16:27:27");
INSERT INTO review VALUES("R59d6090fe5d9c4.87456363","5","GS5992939832e794.45485736","","2017-10-05 16:27:27");
INSERT INTO review VALUES("R59d609445aceb7.91134006","4","GS59d23c3c1c1ea0.52725272","10","2017-10-05 16:28:20");
INSERT INTO review VALUES("R59e21b7b461c14.62757333","3","GS59dcb890ee0fb9.46721022","9","2017-10-14 20:13:15");
INSERT INTO review VALUES("R59e21b7b461b25.35907249","1","GS59dcb890ee0fb9.46721022","9","2017-10-14 20:13:15");
INSERT INTO review VALUES("R59d609445ace68.70215682","3","GS59d23c3c1c1ea0.52725272","9","2017-10-05 16:28:20");
INSERT INTO review VALUES("R59d609445acda8.18930570","2","GS59d23c3c1c1ea0.52725272","10","2017-10-05 16:28:20");
INSERT INTO review VALUES("R59d609445acb97.68691594","1","GS59d23c3c1c1ea0.52725272","9","2017-10-05 16:28:20");
INSERT INTO review VALUES("R59d60955abee62.68881359","1","GS599d52ceaf3484.56577194","10","2017-10-05 16:28:37");
INSERT INTO review VALUES("R59d60955abf043.71093000","2","GS599d52ceaf3484.56577194","10","2017-10-05 16:28:37");
INSERT INTO review VALUES("R59e0b67a232e61.55206086","5","GS59914139ec74e9.10830135","","2017-10-13 18:50:02");
INSERT INTO review VALUES("R59e094b45ae115.00310701","5","GS59bf7e47634149.84308930","","2017-10-13 16:25:56");
INSERT INTO review VALUES("R59d60955abf1c4.73941516","3","GS599d52ceaf3484.56577194","10","2017-10-05 16:28:37");
INSERT INTO review VALUES("R59d60955abf232.73459445","4","GS599d52ceaf3484.56577194","10","2017-10-05 16:28:37");
INSERT INTO review VALUES("R59d60955ac1f88.24921508","5","GS599d52ceaf3484.56577194","","2017-10-05 16:28:37");
INSERT INTO review VALUES("R59d6096c437449.94272775","1","GS59b7a7d9a4ee45.59868882","10","2017-10-05 16:29:00");
INSERT INTO review VALUES("R59d6096c4375b7.02448406","2","GS59b7a7d9a4ee45.59868882","10","2017-10-05 16:29:00");
INSERT INTO review VALUES("R59e094b45ab673.25835773","4","GS59bf7e47634149.84308930","10","2017-10-13 16:25:56");
INSERT INTO review VALUES("R59e094b45ab634.13343852","3","GS59bf7e47634149.84308930","5","2017-10-13 16:25:56");
INSERT INTO review VALUES("R59d6096c4376b7.41267555","3","GS59b7a7d9a4ee45.59868882","8","2017-10-05 16:29:00");
INSERT INTO review VALUES("R59d6096c437710.85487200","4","GS59b7a7d9a4ee45.59868882","10","2017-10-05 16:29:00");
INSERT INTO review VALUES("R59d6096c43a7d2.50847239","5","GS59b7a7d9a4ee45.59868882","","2017-10-05 16:29:00");
INSERT INTO review VALUES("R59d60983445a17.68267419","1","GS59afee5585aae7.43885294","9","2017-10-05 16:29:23");
INSERT INTO review VALUES("R59d60983445b40.55278481","2","GS59afee5585aae7.43885294","10","2017-10-05 16:29:23");
INSERT INTO review VALUES("R59e094b45ab5f7.14695676","2","GS59bf7e47634149.84308930","6","2017-10-13 16:25:56");
INSERT INTO review VALUES("R59e094b45ab4e3.99423920","1","GS59bf7e47634149.84308930","7","2017-10-13 16:25:56");
INSERT INTO review VALUES("R59d60983445be0.27248073","3","GS59afee5585aae7.43885294","9","2017-10-05 16:29:23");
INSERT INTO review VALUES("R59d60983445c27.21920796","4","GS59afee5585aae7.43885294","10","2017-10-05 16:29:23");
INSERT INTO review VALUES("R59d609834484b7.71386849","5","GS59afee5585aae7.43885294","","2017-10-05 16:29:23");
INSERT INTO review VALUES("R59d609ae856189.60729233","1","GS599293bc39c2f5.41117051","9","2017-10-05 16:30:06");
INSERT INTO review VALUES("R59d609ae8566d4.14022707","2","GS599293bc39c2f5.41117051","9","2017-10-05 16:30:06");
INSERT INTO review VALUES("R59e094a48261a0.76682747","5","GS59c0e20804a618.56248751","","2017-10-13 16:25:40");
INSERT INTO review VALUES("R59e094a4821164.22968838","4","GS59c0e20804a618.56248751","10","2017-10-13 16:25:40");
INSERT INTO review VALUES("R59d609ae8567d2.61819992","3","GS599293bc39c2f5.41117051","8","2017-10-05 16:30:06");
INSERT INTO review VALUES("R59d609ae856827.82189756","4","GS599293bc39c2f5.41117051","10","2017-10-05 16:30:06");
INSERT INTO review VALUES("R59d609ae858d03.61978066","5","GS599293bc39c2f5.41117051","","2017-10-05 16:30:06");
INSERT INTO review VALUES("R59d609c08036a4.17115019","1","GS599293dcbd2b40.12466755","9","2017-10-05 16:30:24");
INSERT INTO review VALUES("R59d609c08037d9.27238064","2","GS599293dcbd2b40.12466755","9","2017-10-05 16:30:24");
INSERT INTO review VALUES("R59e094a4821136.56031747","3","GS59c0e20804a618.56248751","9","2017-10-13 16:25:40");
INSERT INTO review VALUES("R59e094a48210f0.17504526","2","GS59c0e20804a618.56248751","8","2017-10-13 16:25:40");
INSERT INTO review VALUES("R59d609c0803885.45773555","3","GS599293dcbd2b40.12466755","8","2017-10-05 16:30:24");
INSERT INTO review VALUES("R59d609c08038c3.06900644","4","GS599293dcbd2b40.12466755","10","2017-10-05 16:30:24");
INSERT INTO review VALUES("R59d609c0808a85.22950392","5","GS599293dcbd2b40.12466755","","2017-10-05 16:30:24");
INSERT INTO review VALUES("R59d609cea3cb44.99984402","1","GS599293e6124b86.77126692","10","2017-10-05 16:30:38");
INSERT INTO review VALUES("R59d609cea3cc64.61385484","2","GS599293e6124b86.77126692","10","2017-10-05 16:30:38");
INSERT INTO review VALUES("R59e094a4820fe2.28522937","1","GS59c0e20804a618.56248751","9","2017-10-13 16:25:40");
INSERT INTO review VALUES("R59e094968a85c2.76548350","5","GS59ba9035cd9fc3.02692098","","2017-10-13 16:25:26");
INSERT INTO review VALUES("R59d609cea3cd15.11229913","3","GS599293e6124b86.77126692","10","2017-10-05 16:30:38");
INSERT INTO review VALUES("R59d609cea3cd51.51054392","4","GS599293e6124b86.77126692","10","2017-10-05 16:30:38");
INSERT INTO review VALUES("R59d609cea3ef71.25742168","5","GS599293e6124b86.77126692","","2017-10-05 16:30:38");
INSERT INTO review VALUES("R59d609e143bb01.27882077","1","GS599293f22a1250.89179578","10","2017-10-05 16:30:57");
INSERT INTO review VALUES("R59d609e143bc36.62974995","2","GS599293f22a1250.89179578","10","2017-10-05 16:30:57");
INSERT INTO review VALUES("R59e094968a6332.82931921","4","GS59ba9035cd9fc3.02692098","10","2017-10-13 16:25:26");
INSERT INTO review VALUES("R59e094968a6305.11351537","3","GS59ba9035cd9fc3.02692098","4","2017-10-13 16:25:26");
INSERT INTO review VALUES("R59d609e143bce3.83134188","3","GS599293f22a1250.89179578","10","2017-10-05 16:30:57");
INSERT INTO review VALUES("R59d609e143bd21.66587463","4","GS599293f22a1250.89179578","10","2017-10-05 16:30:57");
INSERT INTO review VALUES("R59d609e1443801.10287606","5","GS599293f22a1250.89179578","","2017-10-05 16:30:57");
INSERT INTO review VALUES("R59d609f1c4e0e3.54932671","1","GS59ae54f7dbfab2.06703625","9","2017-10-05 16:31:13");
INSERT INTO review VALUES("R59d609f1c4e237.15453673","2","GS59ae54f7dbfab2.06703625","10","2017-10-05 16:31:13");
INSERT INTO review VALUES("R59e094968a62b4.31377414","2","GS59ba9035cd9fc3.02692098","5","2017-10-13 16:25:26");
INSERT INTO review VALUES("R59e094968a61a0.13325198","1","GS59ba9035cd9fc3.02692098","6","2017-10-13 16:25:26");
INSERT INTO review VALUES("R59d609f1c4e2e8.31796512","3","GS59ae54f7dbfab2.06703625","8","2017-10-05 16:31:13");
INSERT INTO review VALUES("R59d609f1c4e333.08389116","4","GS59ae54f7dbfab2.06703625","10","2017-10-05 16:31:13");
INSERT INTO review VALUES("R59d609f1c50996.53984636","5","GS59ae54f7dbfab2.06703625","","2017-10-05 16:31:13");
INSERT INTO review VALUES("R59d60a038b4895.62382518","1","GS59ae7eafc3a6d4.78591465","10","2017-10-05 16:31:31");
INSERT INTO review VALUES("R59d60a038b49e1.96730623","2","GS59ae7eafc3a6d4.78591465","10","2017-10-05 16:31:31");
INSERT INTO review VALUES("R59d60a038b4a80.37038125","3","GS59ae7eafc3a6d4.78591465","10","2017-10-05 16:31:31");
INSERT INTO review VALUES("R59d60a038b4ac1.25606883","4","GS59ae7eafc3a6d4.78591465","10","2017-10-05 16:31:31");
INSERT INTO review VALUES("R59d60a038b6d27.59237048","5","GS59ae7eafc3a6d4.78591465","","2017-10-05 16:31:31");
INSERT INTO review VALUES("R59d60a16ab7a64.08227625","1","GS599d52bff0b913.15034176","9","2017-10-05 16:31:50");
INSERT INTO review VALUES("R59d60a16ab7c50.54540601","2","GS599d52bff0b913.15034176","9","2017-10-05 16:31:50");
INSERT INTO review VALUES("R59d60a16ab7d17.71593045","3","GS599d52bff0b913.15034176","8","2017-10-05 16:31:50");
INSERT INTO review VALUES("R59d60a16ab7d50.38831529","4","GS599d52bff0b913.15034176","10","2017-10-05 16:31:50");
INSERT INTO review VALUES("R59d60a16aba114.84227727","5","GS599d52bff0b913.15034176","","2017-10-05 16:31:50");
INSERT INTO review VALUES("R59d60a2bf11f91.01750951","1","GS59c3b722333254.44214429","10","2017-10-05 16:32:11");
INSERT INTO review VALUES("R59d60a2bf12113.94261410","2","GS59c3b722333254.44214429","10","2017-10-05 16:32:11");
INSERT INTO review VALUES("R59d609445afad8.98541726","5","GS59d23c3c1c1ea0.52725272","","2017-10-05 16:28:20");
INSERT INTO review VALUES("R59e09475ade5f5.69690711","5","GS59d4d47fb21d70.43788093","","2017-10-13 16:24:53");
INSERT INTO review VALUES("R59d60a2bf12282.72582625","3","GS59c3b722333254.44214429","10","2017-10-05 16:32:11");
INSERT INTO review VALUES("R59d60a2bf12303.22335121","4","GS59c3b722333254.44214429","10","2017-10-05 16:32:11");
INSERT INTO review VALUES("R59d60a2bf145a2.61663654","5","GS59c3b722333254.44214429","","2017-10-05 16:32:11");
INSERT INTO review VALUES("R59d60a414c3838.42253982","1","GS599071080fb865.93069363","10","2017-10-05 16:32:33");
INSERT INTO review VALUES("R59d60a414c3972.98675537","2","GS599071080fb865.93069363","10","2017-10-05 16:32:33");
INSERT INTO review VALUES("R59e09475adc5b9.89823817","4","GS59d4d47fb21d70.43788093","10","2017-10-13 16:24:53");
INSERT INTO review VALUES("R59e09475adc584.88916000","3","GS59d4d47fb21d70.43788093","8","2017-10-13 16:24:53");
INSERT INTO review VALUES("R59d60a414c3a22.22998326","3","GS599071080fb865.93069363","10","2017-10-05 16:32:33");
INSERT INTO review VALUES("R59d60a414c3a60.86882080","4","GS599071080fb865.93069363","10","2017-10-05 16:32:33");
INSERT INTO review VALUES("R59d60a414c6771.35003164","5","GS599071080fb865.93069363","","2017-10-05 16:32:33");
INSERT INTO review VALUES("R59d60a530be974.06216390","1","GS5990715e17d4d0.89803363","10","2017-10-05 16:32:51");
INSERT INTO review VALUES("R59d60a530beb78.11745086","2","GS5990715e17d4d0.89803363","10","2017-10-05 16:32:51");
INSERT INTO review VALUES("R59e09475adc540.35160088","2","GS59d4d47fb21d70.43788093","8","2017-10-13 16:24:53");
INSERT INTO review VALUES("R59e09475adc492.69510358","1","GS59d4d47fb21d70.43788093","8","2017-10-13 16:24:53");
INSERT INTO review VALUES("R59d60a530becb0.01325105","3","GS5990715e17d4d0.89803363","9","2017-10-05 16:32:51");
INSERT INTO review VALUES("R59d60a530bed17.15419653","4","GS5990715e17d4d0.89803363","10","2017-10-05 16:32:51");
INSERT INTO review VALUES("R59d60a530d22e6.52220900","5","GS5990715e17d4d0.89803363","","2017-10-05 16:32:51");
INSERT INTO review VALUES("R59d60a664a1d45.87936969","1","GS59907164684899.74862318","10","2017-10-05 16:33:10");
INSERT INTO review VALUES("R59d60a664a1f41.71994873","2","GS59907164684899.74862318","10","2017-10-05 16:33:10");
INSERT INTO review VALUES("R59e094699f2487.86651909","5","GS59ba9030304279.90949027","","2017-10-13 16:24:41");
INSERT INTO review VALUES("R59e094699ee178.78556784","4","GS59ba9030304279.90949027","10","2017-10-13 16:24:41");
INSERT INTO review VALUES("R59d60a664a2025.66487657","3","GS59907164684899.74862318","9","2017-10-05 16:33:10");
INSERT INTO review VALUES("R59d60a664a2079.30683112","4","GS59907164684899.74862318","10","2017-10-05 16:33:10");
INSERT INTO review VALUES("R59d60a664a5279.27433517","5","GS59907164684899.74862318","","2017-10-05 16:33:10");
INSERT INTO review VALUES("R59d60a7a0cd098.73782390","1","GS599071afacb3b5.35496771","9","2017-10-05 16:33:30");
INSERT INTO review VALUES("R59d60a7a0cd2c9.61704813","2","GS599071afacb3b5.35496771","9","2017-10-05 16:33:30");
INSERT INTO review VALUES("R59e094699ee145.12546302","3","GS59ba9030304279.90949027","9","2017-10-13 16:24:41");
INSERT INTO review VALUES("R59e094699ee102.26601709","2","GS59ba9030304279.90949027","9","2017-10-13 16:24:41");
INSERT INTO review VALUES("R59d60a7a0cd370.56070456","3","GS599071afacb3b5.35496771","9","2017-10-05 16:33:30");
INSERT INTO review VALUES("R59d60a7a0cd3c6.13351509","4","GS599071afacb3b5.35496771","10","2017-10-05 16:33:30");
INSERT INTO review VALUES("R59d60a7a0cfbe9.90642342","5","GS599071afacb3b5.35496771","","2017-10-05 16:33:30");
INSERT INTO review VALUES("R59d60a88cd4a78.95602592","1","GS599a80f5145d10.02263813","10","2017-10-05 16:33:44");
INSERT INTO review VALUES("R59d60a88cd4c33.24085239","2","GS599a80f5145d10.02263813","10","2017-10-05 16:33:44");
INSERT INTO review VALUES("R59e094699ee001.31764154","1","GS59ba9030304279.90949027","9","2017-10-13 16:24:41");
INSERT INTO review VALUES("R59e0945d4d9d53.11033925","5","GS59bd103fceab72.79949710","","2017-10-13 16:24:29");
INSERT INTO review VALUES("R59d60a88cd4d81.20437080","3","GS599a80f5145d10.02263813","9","2017-10-05 16:33:44");
INSERT INTO review VALUES("R59d60a88cd4e08.97974533","4","GS599a80f5145d10.02263813","10","2017-10-05 16:33:44");
INSERT INTO review VALUES("R59d60a88cd7495.61806408","5","GS599a80f5145d10.02263813","","2017-10-05 16:33:44");
INSERT INTO review VALUES("R59d60aa813c919.10669570","1","GS59ac0f28519a49.74330203","8","2017-10-05 16:34:16");
INSERT INTO review VALUES("R59d60aa813ca29.41276025","2","GS59ac0f28519a49.74330203","8","2017-10-05 16:34:16");
INSERT INTO review VALUES("R59e0945d4d7d70.78088339","4","GS59bd103fceab72.79949710","10","2017-10-13 16:24:29");
INSERT INTO review VALUES("R59e0945d4d7d44.03081070","3","GS59bd103fceab72.79949710","7","2017-10-13 16:24:29");
INSERT INTO review VALUES("R59d60aa813cac1.10177379","3","GS59ac0f28519a49.74330203","7","2017-10-05 16:34:16");
INSERT INTO review VALUES("R59d60aa813cb02.14386364","4","GS59ac0f28519a49.74330203","9","2017-10-05 16:34:16");
INSERT INTO review VALUES("R59d60aa81416a8.57961455","5","GS59ac0f28519a49.74330203","","2017-10-05 16:34:16");
INSERT INTO review VALUES("R59d60abc495744.30987035","1","GS59b122dc778002.70080941","10","2017-10-05 16:34:36");
INSERT INTO review VALUES("R59d60abc495949.72913579","2","GS59b122dc778002.70080941","10","2017-10-05 16:34:36");
INSERT INTO review VALUES("R59e0945d4d7d01.94686226","2","GS59bd103fceab72.79949710","8","2017-10-13 16:24:29");
INSERT INTO review VALUES("R59e0945d4d7c09.81891165","1","GS59bd103fceab72.79949710","8","2017-10-13 16:24:29");
INSERT INTO review VALUES("R59d60abc495a98.82548069","3","GS59b122dc778002.70080941","10","2017-10-05 16:34:36");
INSERT INTO review VALUES("R59d60abc495ae4.92743464","4","GS59b122dc778002.70080941","10","2017-10-05 16:34:36");
INSERT INTO review VALUES("R59d60abc498342.56755169","5","GS59b122dc778002.70080941","","2017-10-05 16:34:36");
INSERT INTO review VALUES("R59d60ad6b9bda3.01451563","1","GS5991405f462fe9.49060499","8","2017-10-05 16:35:02");
INSERT INTO review VALUES("R59d60ad6b9bf93.53446603","2","GS5991405f462fe9.49060499","8","2017-10-05 16:35:02");
INSERT INTO review VALUES("R59df759ec85c25.36709323","5","GS59d6306c8b6f56.45893322","","2017-10-12 20:01:02");
INSERT INTO review VALUES("R59df759ec81db4.13147760","4","GS59d6306c8b6f56.45893322","10","2017-10-12 20:01:02");
INSERT INTO review VALUES("R59d60ad6b9c081.95301453","3","GS5991405f462fe9.49060499","8","2017-10-05 16:35:02");
INSERT INTO review VALUES("R59d60ad6b9c0c5.37640471","4","GS5991405f462fe9.49060499","9","2017-10-05 16:35:02");
INSERT INTO review VALUES("R59d60ad6b9e473.71373528","5","GS5991405f462fe9.49060499","","2017-10-05 16:35:02");
INSERT INTO review VALUES("R59d60aeb2a7a96.52435217","1","GS59b7aa71945430.05386077","9","2017-10-05 16:35:23");
INSERT INTO review VALUES("R59d60aeb2a7be3.91726885","2","GS59b7aa71945430.05386077","9","2017-10-05 16:35:23");
INSERT INTO review VALUES("R59df759ec81d67.58101212","3","GS59d6306c8b6f56.45893322","8","2017-10-12 20:01:02");
INSERT INTO review VALUES("R59df759ec81ce8.85819263","2","GS59d6306c8b6f56.45893322","9","2017-10-12 20:01:02");
INSERT INTO review VALUES("R59d60aeb2a7d07.89209396","3","GS59b7aa71945430.05386077","8","2017-10-05 16:35:23");
INSERT INTO review VALUES("R59d60aeb2a7d79.69192060","4","GS59b7aa71945430.05386077","9","2017-10-05 16:35:23");
INSERT INTO review VALUES("R59d60aeb2ab9a1.04042310","5","GS59b7aa71945430.05386077","","2017-10-05 16:35:23");
INSERT INTO review VALUES("R59d60b0105b012.11886433","1","GS59b7aa692b0036.09983981","8","2017-10-05 16:35:45");
INSERT INTO review VALUES("R59d60b0105b154.86825842","2","GS59b7aa692b0036.09983981","8","2017-10-05 16:35:45");
INSERT INTO review VALUES("R59df759ec81b83.70179222","1","GS59d6306c8b6f56.45893322","9","2017-10-12 20:01:02");
INSERT INTO review VALUES("R59df75880684c8.98867086","5","GS59d63062834181.35048200","","2017-10-12 20:00:40");
INSERT INTO review VALUES("R59d60b0105b1f4.94266710","3","GS59b7aa692b0036.09983981","8","2017-10-05 16:35:45");
INSERT INTO review VALUES("R59d60b0105b245.43857922","4","GS59b7aa692b0036.09983981","10","2017-10-05 16:35:45");
INSERT INTO review VALUES("R59d60b0106b349.79637770","5","GS59b7aa692b0036.09983981","","2017-10-05 16:35:45");
INSERT INTO review VALUES("R59d60b13abc508.85066589","1","GS59aeaaa773c8f2.35627557","9","2017-10-05 16:36:03");
INSERT INTO review VALUES("R59d60b13abc678.77243015","2","GS59aeaaa773c8f2.35627557","10","2017-10-05 16:36:03");
INSERT INTO review VALUES("R59df75880652a0.26969347","4","GS59d63062834181.35048200","10","2017-10-12 20:00:40");
INSERT INTO review VALUES("R59df7588065256.87370835","3","GS59d63062834181.35048200","8","2017-10-12 20:00:40");
INSERT INTO review VALUES("R59d60b13abc735.88634909","3","GS59aeaaa773c8f2.35627557","9","2017-10-05 16:36:03");
INSERT INTO review VALUES("R59d60b13abc780.79903096","4","GS59aeaaa773c8f2.35627557","5","2017-10-05 16:36:03");
INSERT INTO review VALUES("R59d60b13abf7d8.98355874","5","GS59aeaaa773c8f2.35627557","","2017-10-05 16:36:03");
INSERT INTO review VALUES("R59d60b28d35219.71716733","1","GS59afedfb4299c1.03805508","9","2017-10-05 16:36:24");
INSERT INTO review VALUES("R59d60b28d35397.52186899","2","GS59afedfb4299c1.03805508","8","2017-10-05 16:36:24");
INSERT INTO review VALUES("R59df75880651f4.55146204","2","GS59d63062834181.35048200","8","2017-10-12 20:00:40");
INSERT INTO review VALUES("R59df7588064e53.95363922","1","GS59d63062834181.35048200","8","2017-10-12 20:00:40");
INSERT INTO review VALUES("R59d60b28d35482.02293630","3","GS59afedfb4299c1.03805508","8","2017-10-05 16:36:24");
INSERT INTO review VALUES("R59d60b28d354f0.79951946","4","GS59afedfb4299c1.03805508","10","2017-10-05 16:36:24");
INSERT INTO review VALUES("R59d60b28d38835.18328312","5","GS59afedfb4299c1.03805508","","2017-10-05 16:36:24");
INSERT INTO review VALUES("R59d60b3fdaa862.09613484","1","GS59b8dd0aaa19c5.95325141","9","2017-10-05 16:36:47");
INSERT INTO review VALUES("R59d60b3fdaa996.17314261","2","GS59b8dd0aaa19c5.95325141","9","2017-10-05 16:36:47");
INSERT INTO review VALUES("R59de1088107533.83381332","5","GS59bfc1e2c6eae3.76390767","","2017-10-11 18:37:28");
INSERT INTO review VALUES("R59de10881045d3.33698979","4","GS59bfc1e2c6eae3.76390767","10","2017-10-11 18:37:28");
INSERT INTO review VALUES("R59d60b3fdaaa40.44909729","3","GS59b8dd0aaa19c5.95325141","9","2017-10-05 16:36:47");
INSERT INTO review VALUES("R59d60b3fdaaa88.41857653","4","GS59b8dd0aaa19c5.95325141","10","2017-10-05 16:36:47");
INSERT INTO review VALUES("R59d60b3fdadb73.76676503","5","GS59b8dd0aaa19c5.95325141","","2017-10-05 16:36:47");
INSERT INTO review VALUES("R59d60b4f47c3e7.35907410","1","GS59bf8393903326.80112657","10","2017-10-05 16:37:03");
INSERT INTO review VALUES("R59d60b4f47c533.97978509","2","GS59bf8393903326.80112657","10","2017-10-05 16:37:03");
INSERT INTO review VALUES("R59de10881045a1.03781650","3","GS59bfc1e2c6eae3.76390767","8","2017-10-11 18:37:28");
INSERT INTO review VALUES("R59de1088104568.27875182","2","GS59bfc1e2c6eae3.76390767","8","2017-10-11 18:37:28");
INSERT INTO review VALUES("R59d60b4f47c619.84166093","3","GS59bf8393903326.80112657","10","2017-10-05 16:37:03");
INSERT INTO review VALUES("R59d60b4f47c666.66751852","4","GS59bf8393903326.80112657","10","2017-10-05 16:37:03");
INSERT INTO review VALUES("R59d60b4f47f001.10043928","5","GS59bf8393903326.80112657","","2017-10-05 16:37:03");
INSERT INTO review VALUES("R59d6159e93ee53.17129502","1","GS599063184e29d2.35468709","9","2017-10-05 17:21:02");
INSERT INTO review VALUES("R59d6159e93f044.63202138","2","GS599063184e29d2.35468709","8","2017-10-05 17:21:02");
INSERT INTO review VALUES("R59de1088104457.62492929","1","GS59bfc1e2c6eae3.76390767","8","2017-10-11 18:37:28");
INSERT INTO review VALUES("R59de107e7a4017.33151165","5","GS599d1bf8221c73.34186872","","2017-10-11 18:37:18");
INSERT INTO review VALUES("R59d6159e93f0e4.67733818","3","GS599063184e29d2.35468709","8","2017-10-05 17:21:02");
INSERT INTO review VALUES("R59d6159e93f124.44064031","4","GS599063184e29d2.35468709","10","2017-10-05 17:21:02");
INSERT INTO review VALUES("R59d6159e9426a9.49875938","5","GS599063184e29d2.35468709","","2017-10-05 17:21:02");
INSERT INTO review VALUES("R59d615d84ff601.59082520","1","GS59906304161d49.61108760","8","2017-10-05 17:22:00");
INSERT INTO review VALUES("R59d615d84ff896.42117932","2","GS59906304161d49.61108760","8","2017-10-05 17:22:00");
INSERT INTO review VALUES("R59de107e79dad9.97241519","4","GS599d1bf8221c73.34186872","9","2017-10-11 18:37:18");
INSERT INTO review VALUES("R59de107e79daa8.67847710","3","GS599d1bf8221c73.34186872","9","2017-10-11 18:37:18");
INSERT INTO review VALUES("R59d615d84ff959.97737182","3","GS59906304161d49.61108760","8","2017-10-05 17:22:00");
INSERT INTO review VALUES("R59d615d84ff9c5.80337362","4","GS59906304161d49.61108760","10","2017-10-05 17:22:00");
INSERT INTO review VALUES("R59d615d8502c40.10774705","5","GS59906304161d49.61108760","","2017-10-05 17:22:00");
INSERT INTO review VALUES("R59d6176a3f72e3.63051545","1","GS599062f861da87.54611187","10","2017-10-05 17:28:42");
INSERT INTO review VALUES("R59d6176a3f73f1.52510969","2","GS599062f861da87.54611187","10","2017-10-05 17:28:42");
INSERT INTO review VALUES("R59de107e79da69.27007811","2","GS599d1bf8221c73.34186872","9","2017-10-11 18:37:18");
INSERT INTO review VALUES("R59de107e79d958.93540951","1","GS599d1bf8221c73.34186872","8","2017-10-11 18:37:18");
INSERT INTO review VALUES("R59d6176a3f7492.30924772","3","GS599062f861da87.54611187","10","2017-10-05 17:28:42");
INSERT INTO review VALUES("R59d6176a3f74d0.39977208","4","GS599062f861da87.54611187","10","2017-10-05 17:28:42");
INSERT INTO review VALUES("R59d6176a3f9ec3.78264815","5","GS599062f861da87.54611187","","2017-10-05 17:28:42");
INSERT INTO review VALUES("R59d618890f9688.59425252","1","GS599062ee7f6d09.69282346","5","2017-10-05 17:33:29");
INSERT INTO review VALUES("R59d618890f9bb0.44315406","2","GS599062ee7f6d09.69282346","5","2017-10-05 17:33:29");
INSERT INTO review VALUES("R59de106515b6f1.96925506","5","GS59914157ae80e4.43146465","","2017-10-11 18:36:53");
INSERT INTO review VALUES("R59de1065159820.68530896","4","GS59914157ae80e4.43146465","10","2017-10-11 18:36:53");
INSERT INTO review VALUES("R59d618890f9d03.80764831","3","GS599062ee7f6d09.69282346","5","2017-10-05 17:33:29");
INSERT INTO review VALUES("R59d618890f9d75.42557248","4","GS599062ee7f6d09.69282346","10","2017-10-05 17:33:29");
INSERT INTO review VALUES("R59d618890fca81.19228610","5","GS599062ee7f6d09.69282346","","2017-10-05 17:33:29");
INSERT INTO review VALUES("R59d6189bd4fd92.19117766","1","GS599a827165b585.01940602","10","2017-10-05 17:33:47");
INSERT INTO review VALUES("R59d6189bd4ff27.05819785","2","GS599a827165b585.01940602","10","2017-10-05 17:33:47");
INSERT INTO review VALUES("R59de10651597d6.84702675","3","GS59914157ae80e4.43146465","5","2017-10-11 18:36:53");
INSERT INTO review VALUES("R59de1065159757.11840633","2","GS59914157ae80e4.43146465","6","2017-10-11 18:36:53");
INSERT INTO review VALUES("R59d6189bd50067.31482271","3","GS599a827165b585.01940602","10","2017-10-05 17:33:47");
INSERT INTO review VALUES("R59d6189bd500c2.17904920","4","GS599a827165b585.01940602","10","2017-10-05 17:33:47");
INSERT INTO review VALUES("R59d6189bd52a66.76830864","5","GS599a827165b585.01940602","","2017-10-05 17:33:47");
INSERT INTO review VALUES("R59d618a97d4623.35337411","1","GS59ac0e9ddbfe07.00222138","10","2017-10-05 17:34:01");
INSERT INTO review VALUES("R59d618a97d4767.14841350","2","GS59ac0e9ddbfe07.00222138","10","2017-10-05 17:34:01");
INSERT INTO review VALUES("R59de10651595d4.49800282","1","GS59914157ae80e4.43146465","6","2017-10-11 18:36:53");
INSERT INTO review VALUES("R59de105aad64d2.37145915","5","GS59914139ec74e9.10830135","","2017-10-11 18:36:42");
INSERT INTO review VALUES("R59d618a97d4822.24542211","3","GS59ac0e9ddbfe07.00222138","10","2017-10-05 17:34:01");
INSERT INTO review VALUES("R59d618a97d4864.52182409","4","GS59ac0e9ddbfe07.00222138","10","2017-10-05 17:34:01");
INSERT INTO review VALUES("R59d618a97d73e8.47212273","5","GS59ac0e9ddbfe07.00222138","","2017-10-05 17:34:01");
INSERT INTO review VALUES("R59d618c8197377.42083555","1","GS59afde4b99cb45.32962250","7","2017-10-05 17:34:32");
INSERT INTO review VALUES("R59d618c8197499.82465319","2","GS59afde4b99cb45.32962250","7","2017-10-05 17:34:32");
INSERT INTO review VALUES("R59de105aad2863.17618618","4","GS59914139ec74e9.10830135","10","2017-10-11 18:36:42");
INSERT INTO review VALUES("R59de105aad2825.74219223","3","GS59914139ec74e9.10830135","7","2017-10-11 18:36:42");
INSERT INTO review VALUES("R59d618c8197549.71117450","3","GS59afde4b99cb45.32962250","8","2017-10-05 17:34:32");
INSERT INTO review VALUES("R59d618c8197583.44271846","4","GS59afde4b99cb45.32962250","9","2017-10-05 17:34:32");
INSERT INTO review VALUES("R59d618c819a6f6.41703538","5","GS59afde4b99cb45.32962250","","2017-10-05 17:34:32");
INSERT INTO review VALUES("R59d6305cd78c05.78065023","1","GS5992946c3f3066.18220296","8","2017-10-05 19:15:08");
INSERT INTO review VALUES("R59d6305cd78d31.64201346","2","GS5992946c3f3066.18220296","8","2017-10-05 19:15:08");
INSERT INTO review VALUES("R59de105aad27e0.86885059","2","GS59914139ec74e9.10830135","8","2017-10-11 18:36:42");
INSERT INTO review VALUES("R59de105aad26c6.96046550","1","GS59914139ec74e9.10830135","8","2017-10-11 18:36:42");
INSERT INTO review VALUES("R59d6305cd78dd5.03999837","3","GS5992946c3f3066.18220296","7","2017-10-05 19:15:08");
INSERT INTO review VALUES("R59d6305cd78e03.09472123","4","GS5992946c3f3066.18220296","10","2017-10-05 19:15:08");
INSERT INTO review VALUES("R59d6305cd7bae4.91204269","5","GS5992946c3f3066.18220296","","2017-10-05 19:15:08");
INSERT INTO review VALUES("R59d6307a89f360.31555952","1","GS599294a5c2cce5.71843908","8","2017-10-05 19:15:38");
INSERT INTO review VALUES("R59d6307a89f607.60813470","2","GS599294a5c2cce5.71843908","8","2017-10-05 19:15:38");
INSERT INTO review VALUES("R59de104b046563.63611684","5","GS59c2770560cdc2.27711521","","2017-10-11 18:36:27");
INSERT INTO review VALUES("R59de104b043b13.38008607","4","GS59c2770560cdc2.27711521","10","2017-10-11 18:36:27");
INSERT INTO review VALUES("R59d6307a89f6b8.07502632","3","GS599294a5c2cce5.71843908","7","2017-10-05 19:15:38");
INSERT INTO review VALUES("R59d6307a89f6f6.95471680","4","GS599294a5c2cce5.71843908","8","2017-10-05 19:15:38");
INSERT INTO review VALUES("R59d6307a8a1b90.82741509","5","GS599294a5c2cce5.71843908","","2017-10-05 19:15:38");
INSERT INTO review VALUES("R59d6309b4d7dd9.36884857","1","GS59afde2bcbab95.62014144","5","2017-10-05 19:16:11");
INSERT INTO review VALUES("R59d6309b4d7f33.94007084","2","GS59afde2bcbab95.62014144","5","2017-10-05 19:16:11");
INSERT INTO review VALUES("R59de104b043ae3.92035364","3","GS59c2770560cdc2.27711521","9","2017-10-11 18:36:27");
INSERT INTO review VALUES("R59de104b043aa1.51484549","2","GS59c2770560cdc2.27711521","9","2017-10-11 18:36:27");
INSERT INTO review VALUES("R59d6309b4d8044.67518559","3","GS59afde2bcbab95.62014144","5","2017-10-05 19:16:11");
INSERT INTO review VALUES("R59d6309b4d80b9.09744375","4","GS59afde2bcbab95.62014144","10","2017-10-05 19:16:11");
INSERT INTO review VALUES("R59d6309b4da024.36023629","5","GS59afde2bcbab95.62014144","","2017-10-05 19:16:11");
INSERT INTO review VALUES("R59d630afec62c7.16249547","1","GS59bd10779f3245.33737954","8","2017-10-05 19:16:31");
INSERT INTO review VALUES("R59d630afec63e3.04077814","2","GS59bd10779f3245.33737954","8","2017-10-05 19:16:31");
INSERT INTO review VALUES("R59de104b0439c1.29924420","1","GS59c2770560cdc2.27711521","9","2017-10-11 18:36:27");
INSERT INTO review VALUES("R59de1042d5fa67.60342733","5","GS59bf9cf8468138.09411386","","2017-10-11 18:36:18");
INSERT INTO review VALUES("R59d630afec6516.02639915","3","GS59bd10779f3245.33737954","7","2017-10-05 19:16:31");
INSERT INTO review VALUES("R59d630afec6585.43296756","4","GS59bd10779f3245.33737954","10","2017-10-05 19:16:31");
INSERT INTO review VALUES("R59d630afec8a81.88741084","5","GS59bd10779f3245.33737954","","2017-10-05 19:16:31");
INSERT INTO review VALUES("R59d630c16dfb58.43879375","1","GS59ca50cbe0e394.34469446","8","2017-10-05 19:16:49");
INSERT INTO review VALUES("R59d630c16dfc95.65479782","2","GS59ca50cbe0e394.34469446","8","2017-10-05 19:16:49");
INSERT INTO review VALUES("R59de1042d5dc96.43505176","4","GS59bf9cf8468138.09411386","10","2017-10-11 18:36:18");
INSERT INTO review VALUES("R59de1042d5dc52.69529447","3","GS59bf9cf8468138.09411386","8","2017-10-11 18:36:18");
INSERT INTO review VALUES("R59d630c16dfd39.04671410","3","GS59ca50cbe0e394.34469446","6","2017-10-05 19:16:49");
INSERT INTO review VALUES("R59d630c16dfd79.07668232","4","GS59ca50cbe0e394.34469446","10","2017-10-05 19:16:49");
INSERT INTO review VALUES("R59d630c16e2756.29342332","5","GS59ca50cbe0e394.34469446","","2017-10-05 19:16:49");
INSERT INTO review VALUES("R59d75b0b7110c4.53088049","1","GS59ac0e77e030c2.80854094","7","2017-10-06 16:29:31");
INSERT INTO review VALUES("R59d75b0b711254.98022834","2","GS59ac0e77e030c2.80854094","7","2017-10-06 16:29:31");
INSERT INTO review VALUES("R59de1042d5dc02.17801569","2","GS59bf9cf8468138.09411386","9","2017-10-11 18:36:18");
INSERT INTO review VALUES("R59de1042d5d9e5.19437844","1","GS59bf9cf8468138.09411386","8","2017-10-11 18:36:18");
INSERT INTO review VALUES("R59d75b0b711386.55992823","3","GS59ac0e77e030c2.80854094","7","2017-10-06 16:29:31");
INSERT INTO review VALUES("R59d75b0b7113f0.05037678","4","GS59ac0e77e030c2.80854094","10","2017-10-06 16:29:31");
INSERT INTO review VALUES("R59d75b0b714812.23542283","5","GS59ac0e77e030c2.80854094","","2017-10-06 16:29:31");
INSERT INTO review VALUES("R59d75b239ca9f6.47427900","1","GS59ac0e7015ff96.98123731","8","2017-10-06 16:29:55");
INSERT INTO review VALUES("R59d75b239cab22.52472174","2","GS59ac0e7015ff96.98123731","9","2017-10-06 16:29:55");
INSERT INTO review VALUES("R59de1036ed7a20.86654332","5","GS59bbb65c73c4b5.52301226","","2017-10-11 18:36:06");
INSERT INTO review VALUES("R59de1036ed5fa9.61731402","4","GS59bbb65c73c4b5.52301226","10","2017-10-11 18:36:06");
INSERT INTO review VALUES("R59d75b239cabd3.99681495","3","GS59ac0e7015ff96.98123731","8","2017-10-06 16:29:55");
INSERT INTO review VALUES("R59d75b239cac06.63609000","4","GS59ac0e7015ff96.98123731","10","2017-10-06 16:29:55");
INSERT INTO review VALUES("R59d75b239ccdc6.67316096","5","GS59ac0e7015ff96.98123731","","2017-10-06 16:29:55");
INSERT INTO review VALUES("R59d75b3173ad40.15702631","1","GS59ac0e5ff287b4.76031010","9","2017-10-06 16:30:09");
INSERT INTO review VALUES("R59d75b3173ae85.55755163","2","GS59ac0e5ff287b4.76031010","9","2017-10-06 16:30:09");
INSERT INTO review VALUES("R59de1036ed5f79.13120565","3","GS59bbb65c73c4b5.52301226","10","2017-10-11 18:36:06");
INSERT INTO review VALUES("R59de1036ed5f38.84187912","2","GS59bbb65c73c4b5.52301226","10","2017-10-11 18:36:06");
INSERT INTO review VALUES("R59d75b3173af49.42383878","3","GS59ac0e5ff287b4.76031010","9","2017-10-06 16:30:09");
INSERT INTO review VALUES("R59d75b3173af85.12968790","4","GS59ac0e5ff287b4.76031010","10","2017-10-06 16:30:09");
INSERT INTO review VALUES("R59d75b3173da92.44401064","5","GS59ac0e5ff287b4.76031010","","2017-10-06 16:30:09");
INSERT INTO review VALUES("R59d75b4ff05df7.75802671","1","GS59ad514ba67eb1.00905385","9","2017-10-06 16:30:39");
INSERT INTO review VALUES("R59d75b4ff05f19.11120359","2","GS59ad514ba67eb1.00905385","9","2017-10-06 16:30:39");
INSERT INTO review VALUES("R59de1036ed5e39.14534251","1","GS59bbb65c73c4b5.52301226","10","2017-10-11 18:36:06");
INSERT INTO review VALUES("R59de102dbce470.32630450","5","GS599d1bd13232b4.32866205","","2017-10-11 18:35:57");
INSERT INTO review VALUES("R59d75b4ff05fc6.97781671","3","GS59ad514ba67eb1.00905385","7","2017-10-06 16:30:39");
INSERT INTO review VALUES("R59d75b4ff06008.09356583","4","GS59ad514ba67eb1.00905385","10","2017-10-06 16:30:39");
INSERT INTO review VALUES("R59d75b4ff08904.85216086","5","GS59ad514ba67eb1.00905385","","2017-10-06 16:30:39");
INSERT INTO review VALUES("R59d75b678d1ed9.27125519","1","GS59aeaaba7e25a8.31344850","8","2017-10-06 16:31:03");
INSERT INTO review VALUES("R59d75b678d20a2.55696318","2","GS59aeaaba7e25a8.31344850","8","2017-10-06 16:31:03");
INSERT INTO review VALUES("R59de102dbcc616.52313894","4","GS599d1bd13232b4.32866205","10","2017-10-11 18:35:57");
INSERT INTO review VALUES("R59de102dbcc5e0.07046268","3","GS599d1bd13232b4.32866205","9","2017-10-11 18:35:57");
INSERT INTO review VALUES("R59d75b678d21d6.62275029","3","GS59aeaaba7e25a8.31344850","7","2017-10-06 16:31:03");
INSERT INTO review VALUES("R59d75b678d2226.04152690","4","GS59aeaaba7e25a8.31344850","10","2017-10-06 16:31:03");
INSERT INTO review VALUES("R59d75b678d6fd0.32389352","5","GS59aeaaba7e25a8.31344850","","2017-10-06 16:31:03");
INSERT INTO review VALUES("R59d87808bcf1b2.11127302","1","GS59ac10dd19ad90.79559148","10","2017-10-07 12:45:28");
INSERT INTO review VALUES("R59d87808bcf355.35040107","2","GS59ac10dd19ad90.79559148","10","2017-10-07 12:45:28");
INSERT INTO review VALUES("R59de102dbcc5a6.74832005","2","GS599d1bd13232b4.32866205","9","2017-10-11 18:35:57");
INSERT INTO review VALUES("R59de102dbcc492.65700543","1","GS599d1bd13232b4.32866205","9","2017-10-11 18:35:57");
INSERT INTO review VALUES("R59d87808bcf479.20571908","3","GS59ac10dd19ad90.79559148","10","2017-10-07 12:45:28");
INSERT INTO review VALUES("R59d87808bcf4e3.63841275","4","GS59ac10dd19ad90.79559148","10","2017-10-07 12:45:28");
INSERT INTO review VALUES("R59d87808bd2320.69050174","5","GS59ac10dd19ad90.79559148","","2017-10-07 12:45:28");
INSERT INTO review VALUES("R59d8781c63d510.48822834","1","GS59ac10d6ef94f2.50491182","10","2017-10-07 12:45:48");
INSERT INTO review VALUES("R59d8781c63d6e5.55776016","2","GS59ac10d6ef94f2.50491182","10","2017-10-07 12:45:48");
INSERT INTO review VALUES("R59de1023935689.12153753","5","GS599140d74f7528.17004812","","2017-10-11 18:35:47");
INSERT INTO review VALUES("R59de1023932b09.30430642","4","GS599140d74f7528.17004812","10","2017-10-11 18:35:47");
INSERT INTO review VALUES("R59d8781c63d846.16376392","3","GS59ac10d6ef94f2.50491182","10","2017-10-07 12:45:48");
INSERT INTO review VALUES("R59d8781c63d897.07942030","4","GS59ac10d6ef94f2.50491182","10","2017-10-07 12:45:48");
INSERT INTO review VALUES("R59d8781c6433b2.79733885","5","GS59ac10d6ef94f2.50491182","","2017-10-07 12:45:48");
INSERT INTO review VALUES("R59d87836d28616.27029500","1","GS59ad50eee77624.88249840","6","2017-10-07 12:46:14");
INSERT INTO review VALUES("R59d87836d287f6.88843464","2","GS59ad50eee77624.88249840","7","2017-10-07 12:46:14");
INSERT INTO review VALUES("R59de1023932ab8.82339083","3","GS599140d74f7528.17004812","9","2017-10-11 18:35:47");
INSERT INTO review VALUES("R59de1023932a30.74079654","2","GS599140d74f7528.17004812","9","2017-10-11 18:35:47");
INSERT INTO review VALUES("R59d87836d28a90.13932502","3","GS59ad50eee77624.88249840","5","2017-10-07 12:46:14");
INSERT INTO review VALUES("R59d87836d28af0.71516639","4","GS59ad50eee77624.88249840","10","2017-10-07 12:46:14");
INSERT INTO review VALUES("R59d87836d2aef7.39259391","5","GS59ad50eee77624.88249840","","2017-10-07 12:46:14");
INSERT INTO review VALUES("R59d878538b64f6.64340148","1","GS59ae8991335eb3.67489563","9","2017-10-07 12:46:43");
INSERT INTO review VALUES("R59d878538b6627.33474968","2","GS59ae8991335eb3.67489563","9","2017-10-07 12:46:43");
INSERT INTO review VALUES("R59de10239328e4.88980824","1","GS599140d74f7528.17004812","9","2017-10-11 18:35:47");
INSERT INTO review VALUES("R59de101618a5c5.71282055","5","GS599140cf1ca4f4.12306747","","2017-10-11 18:35:34");
INSERT INTO review VALUES("R59d878538b6765.63933360","3","GS59ae8991335eb3.67489563","9","2017-10-07 12:46:43");
INSERT INTO review VALUES("R59d878538b67a3.31329378","4","GS59ae8991335eb3.67489563","10","2017-10-07 12:46:43");
INSERT INTO review VALUES("R59d878538b8fe3.36238025","5","GS59ae8991335eb3.67489563","","2017-10-07 12:46:43");
INSERT INTO review VALUES("R59d8788c0cc922.79223130","1","GS59d21f6916d8f8.66065845","9","2017-10-07 12:47:40");
INSERT INTO review VALUES("R59d8788c0cca72.37994057","2","GS59d21f6916d8f8.66065845","8","2017-10-07 12:47:40");
INSERT INTO review VALUES("R59de1016187fe1.01838976","4","GS599140cf1ca4f4.12306747","10","2017-10-11 18:35:34");
INSERT INTO review VALUES("R59de1016187fb7.32015327","3","GS599140cf1ca4f4.12306747","7","2017-10-11 18:35:34");
INSERT INTO review VALUES("R59d8788c0ccb25.35499876","3","GS59d21f6916d8f8.66065845","9","2017-10-07 12:47:40");
INSERT INTO review VALUES("R59d8788c0ccb62.56304707","4","GS59d21f6916d8f8.66065845","10","2017-10-07 12:47:40");
INSERT INTO review VALUES("R59d8788c0cefb6.94482909","5","GS59d21f6916d8f8.66065845","","2017-10-07 12:47:40");
INSERT INTO review VALUES("R59d878baad0bf2.97653522","1","GS59afdcffcbba22.96808471","10","2017-10-07 12:48:26");
INSERT INTO review VALUES("R59d878baad0d85.17549555","2","GS59afdcffcbba22.96808471","10","2017-10-07 12:48:26");
INSERT INTO review VALUES("R59de1016187f71.74500828","2","GS599140cf1ca4f4.12306747","8","2017-10-11 18:35:34");
INSERT INTO review VALUES("R59de1016187e66.08679979","1","GS599140cf1ca4f4.12306747","8","2017-10-11 18:35:34");
INSERT INTO review VALUES("R59d878baad0ee5.24967519","3","GS59afdcffcbba22.96808471","10","2017-10-07 12:48:26");
INSERT INTO review VALUES("R59d878baad0f67.75695943","4","GS59afdcffcbba22.96808471","10","2017-10-07 12:48:26");
INSERT INTO review VALUES("R59d878baad3194.80811172","5","GS59afdcffcbba22.96808471","","2017-10-07 12:48:26");
INSERT INTO review VALUES("R59d878dbe66526.38185871","1","GS59afdd07c33977.02870946","9","2017-10-07 12:48:59");
INSERT INTO review VALUES("R59d878dbe66771.32648383","2","GS59afdd07c33977.02870946","9","2017-10-07 12:48:59");
INSERT INTO review VALUES("R59de1008a683d2.99464755","5","GS599140c0f2cea8.04655514","","2017-10-11 18:35:20");
INSERT INTO review VALUES("R59de1008a65ba9.30937075","4","GS599140c0f2cea8.04655514","10","2017-10-11 18:35:20");
INSERT INTO review VALUES("R59d878dbe66865.16034969","3","GS59afdd07c33977.02870946","9","2017-10-07 12:48:59");
INSERT INTO review VALUES("R59d878dbe668a2.38227344","4","GS59afdd07c33977.02870946","10","2017-10-07 12:48:59");
INSERT INTO review VALUES("R59d878dbe69f85.72111986","5","GS59afdd07c33977.02870946","","2017-10-07 12:48:59");
INSERT INTO review VALUES("R59d879856902b8.86378664","1","GS59c3d30bd96d69.83634472","10","2017-10-07 12:51:49");
INSERT INTO review VALUES("R59d879856904c1.04543304","2","GS59c3d30bd96d69.83634472","10","2017-10-07 12:51:49");
INSERT INTO review VALUES("R59de1008a65b73.97594967","3","GS599140c0f2cea8.04655514","6","2017-10-11 18:35:20");
INSERT INTO review VALUES("R59de1008a65b42.86927114","2","GS599140c0f2cea8.04655514","7","2017-10-11 18:35:20");
INSERT INTO review VALUES("R59d87985690579.35443008","3","GS59c3d30bd96d69.83634472","10","2017-10-07 12:51:49");
INSERT INTO review VALUES("R59d879856905b6.96453244","4","GS59c3d30bd96d69.83634472","10","2017-10-07 12:51:49");
INSERT INTO review VALUES("R59d87985692e32.32875469","5","GS59c3d30bd96d69.83634472","","2017-10-07 12:51:49");
INSERT INTO review VALUES("R59d879a201a760.94836782","1","GS59ca49bb289357.16774633","8","2017-10-07 12:52:18");
INSERT INTO review VALUES("R59d879a201a8c4.84636587","2","GS59ca49bb289357.16774633","8","2017-10-07 12:52:18");
INSERT INTO review VALUES("R59de1008a65a31.43870074","1","GS599140c0f2cea8.04655514","7","2017-10-11 18:35:20");
INSERT INTO review VALUES("R59de0ff861aab1.69844655","5","GS59afec7c744ee5.02664279","","2017-10-11 18:35:04");
INSERT INTO review VALUES("R59d879a201a986.20220936","3","GS59ca49bb289357.16774633","7","2017-10-07 12:52:18");
INSERT INTO review VALUES("R59d879a201a9d9.54657610","4","GS59ca49bb289357.16774633","10","2017-10-07 12:52:18");
INSERT INTO review VALUES("R59d879a201d155.71857371","5","GS59ca49bb289357.16774633","","2017-10-07 12:52:18");
INSERT INTO review VALUES("R59d879b913b627.07254838","1","GS59ca4e49ee7178.39905989","9","2017-10-07 12:52:41");
INSERT INTO review VALUES("R59d879b913b856.34678012","2","GS59ca4e49ee7178.39905989","9","2017-10-07 12:52:41");
INSERT INTO review VALUES("R59de0ff8618795.45841627","4","GS59afec7c744ee5.02664279","10","2017-10-11 18:35:04");
INSERT INTO review VALUES("R59de0ff8618758.80556647","3","GS59afec7c744ee5.02664279","4","2017-10-11 18:35:04");
INSERT INTO review VALUES("R59d879b913b920.38243454","3","GS59ca4e49ee7178.39905989","9","2017-10-07 12:52:41");
INSERT INTO review VALUES("R59d879b913b970.43044193","4","GS59ca4e49ee7178.39905989","10","2017-10-07 12:52:41");
INSERT INTO review VALUES("R59d879b913df59.33015423","5","GS59ca4e49ee7178.39905989","","2017-10-07 12:52:41");
INSERT INTO review VALUES("R59d879e22737a6.65029176","1","GS59ce46b3e2cd64.22567043","7","2017-10-07 12:53:22");
INSERT INTO review VALUES("R59d879e2273974.08510101","2","GS59ce46b3e2cd64.22567043","7","2017-10-07 12:53:22");
INSERT INTO review VALUES("R59de0ff8618702.99929454","2","GS59afec7c744ee5.02664279","6","2017-10-11 18:35:04");
INSERT INTO review VALUES("R59de0ff86185d5.32298311","1","GS59afec7c744ee5.02664279","6","2017-10-11 18:35:04");
INSERT INTO review VALUES("R59d879e2273a89.64581155","3","GS59ce46b3e2cd64.22567043","8","2017-10-07 12:53:22");
INSERT INTO review VALUES("R59d879e2273ae3.62550431","4","GS59ce46b3e2cd64.22567043","10","2017-10-07 12:53:22");
INSERT INTO review VALUES("R59d879e2276018.92668446","5","GS59ce46b3e2cd64.22567043","","2017-10-07 12:53:22");



DROP TABLE review_info;

CREATE TABLE `review_info` (
  `review_info_num` varchar(30) COLLATE utf8_unicode_ci NOT NULL,
  `review_text` text COLLATE utf8_unicode_ci NOT NULL,
  `description` varchar(7) COLLATE utf8_unicode_ci NOT NULL DEFAULT 'review',
  PRIMARY KEY (`review_info_num`)
) ENGINE=MyISAM DEFAULT CHARSET=utf8 COLLATE=utf8_unicode_ci;

INSERT INTO review_info VALUES("5","","comment");
INSERT INTO review_info VALUES("1","1 Оқушының жалпы үлгерімі","review");
INSERT INTO review_info VALUES("3","2 Сынып жұмысын шығаруы","review");
INSERT INTO review_info VALUES("2","3 Өткен тақырыпты есте сақтауы","review");
INSERT INTO review_info VALUES("4","4 Тәртібі","review");



DROP TABLE schedule;

CREATE TABLE `schedule` (
  `schedule_id` int(5) NOT NULL AUTO_INCREMENT,
  `group_info_num` varchar(30) CHARACTER SET utf8 COLLATE utf8_unicode_ci NOT NULL,
  `week_id` int(1) NOT NULL,
  PRIMARY KEY (`schedule_id`)
) ENGINE=InnoDB AUTO_INCREMENT=67 DEFAULT CHARSET=utf8;

INSERT INTO schedule VALUES("1","GI59d22323a91bc7.30981035","1");
INSERT INTO schedule VALUES("2","GI59d22323a91bc7.30981035","3");
INSERT INTO schedule VALUES("3","GI59d22323a91bc7.30981035","5");
INSERT INTO schedule VALUES("21","GI599062c1f1eaa7.71288858","2");
INSERT INTO schedule VALUES("22","GI599062c1f1eaa7.71288858","4");
INSERT INTO schedule VALUES("23","GI599062c1f1eaa7.71288858","6");
INSERT INTO schedule VALUES("27","GI59929456b851f5.53292245","2");
INSERT INTO schedule VALUES("28","GI59929456b851f5.53292245","4");
INSERT INTO schedule VALUES("29","GI59929456b851f5.53292245","6");
INSERT INTO schedule VALUES("33","GI59ac0e57dddae8.55362566","1");
INSERT INTO schedule VALUES("34","GI59ac0e57dddae8.55362566","3");
INSERT INTO schedule VALUES("35","GI59ac0e57dddae8.55362566","5");
INSERT INTO schedule VALUES("36","GI59d62296621754.81072183","1");
INSERT INTO schedule VALUES("37","GI59d62296621754.81072183","3");
INSERT INTO schedule VALUES("38","GI59d62296621754.81072183","5");
INSERT INTO schedule VALUES("39","GI59ba8faf6fb892.37597314","1");
INSERT INTO schedule VALUES("40","GI59ba8faf6fb892.37597314","3");
INSERT INTO schedule VALUES("41","GI59ba8faf6fb892.37597314","5");
INSERT INTO schedule VALUES("42","GI599070f6370c53.49668433","1");
INSERT INTO schedule VALUES("43","GI599070f6370c53.49668433","3");
INSERT INTO schedule VALUES("44","GI599070f6370c53.49668433","5");
INSERT INTO schedule VALUES("45","GI599111e3c166f2.01361657","2");
INSERT INTO schedule VALUES("46","GI599111e3c166f2.01361657","4");
INSERT INTO schedule VALUES("47","GI599111e3c166f2.01361657","6");
INSERT INTO schedule VALUES("48","GI5991404e040b49.10827847","1");
INSERT INTO schedule VALUES("49","GI5991404e040b49.10827847","3");
INSERT INTO schedule VALUES("50","GI5991404e040b49.10827847","5");
INSERT INTO schedule VALUES("51","GI59929368d03be3.09827377","2");
INSERT INTO schedule VALUES("52","GI59929368d03be3.09827377","4");
INSERT INTO schedule VALUES("53","GI59929368d03be3.09827377","6");
INSERT INTO schedule VALUES("54","GI599140ad882859.70165903","1");
INSERT INTO schedule VALUES("55","GI599140ad882859.70165903","3");
INSERT INTO schedule VALUES("56","GI599140ad882859.70165903","5");
INSERT INTO schedule VALUES("57","GI599140f185f2b1.01415981","1");
INSERT INTO schedule VALUES("58","GI599140f185f2b1.01415981","3");
INSERT INTO schedule VALUES("59","GI599140f185f2b1.01415981","5");
INSERT INTO schedule VALUES("60","GI59ac10cc74e388.13221334","2");
INSERT INTO schedule VALUES("61","GI59ac10cc74e388.13221334","4");
INSERT INTO schedule VALUES("62","GI59afdc794a86c8.76368013","2");
INSERT INTO schedule VALUES("63","GI59afdc794a86c8.76368013","4");
INSERT INTO schedule VALUES("64","GI59e4b31283bf20.15448085","2");
INSERT INTO schedule VALUES("65","GI59e4b31283bf20.15448085","4");
INSERT INTO schedule VALUES("66","GI59e4b31283bf20.15448085","6");



DROP TABLE student;

CREATE TABLE `student` (
  `id` int(3) NOT NULL AUTO_INCREMENT,
  `student_num` varchar(30) COLLATE utf8_unicode_ci NOT NULL,
  `name` varchar(40) COLLATE utf8_unicode_ci NOT NULL,
  `surname` varchar(40) COLLATE utf8_unicode_ci NOT NULL,
  `gender` varchar(1) COLLATE utf8_unicode_ci NOT NULL DEFAULT '1',
  `phone` varchar(20) COLLATE utf8_unicode_ci DEFAULT NULL,
  `username` varchar(100) COLLATE utf8_unicode_ci NOT NULL,
  `password` varchar(50) COLLATE utf8_unicode_ci NOT NULL,
  `img_profile` varchar(30) COLLATE utf8_unicode_ci DEFAULT NULL,
  `dob` date DEFAULT NULL,
  `password_type` varchar(10) COLLATE utf8_unicode_ci NOT NULL,
  `block` int(1) NOT NULL DEFAULT '0',
  PRIMARY KEY (`id`),
  UNIQUE KEY `student_num` (`student_num`)
) ENGINE=MyISAM AUTO_INCREMENT=124 DEFAULT CHARSET=utf8 COLLATE=utf8_unicode_ci;

INSERT INTO student VALUES("32","US5985be0737ecf867117823","Алуа","Қосайдарова","0","","alua.k","dcd4fe846329c288ac597f9f273e8216","","","notDefault","0");
INSERT INTO student VALUES("89","US59b7aa305bd0e5.73964541","Сұлтан","Қанатханов","1","","sultan.kanatkhanov","212875ec21512657fccf885709455c69","","","notDefault","1");
INSERT INTO student VALUES("34","US5985c03ababcf003612666","Аружан","Досаева","0","","aruzhan.d","eec0e220c751f2eb879d36aa4ee055e9","","","notDefault","0");
INSERT INTO student VALUES("35","US5985c05993e14209919366","Анар","Балтабек","1","","anar.b","ad0e960bf836535ca334a4dff9bcd47d","","","notDefault","0");
INSERT INTO student VALUES("37","US5985c0986fb60310314303","Сара","Қуанышбаева","0","","sara.k","912cfe6c340593e7c95a1bea813192ef","","","notDefault","0");
INSERT INTO student VALUES("38","US5985c0b84aff1682766928","Рамазан","Маутканов","1","","ramazan.m","5736666d62cc3c041b6b04251202596f","","","notDefault","0");
INSERT INTO student VALUES("39","US5985c0d8a6582773333184","Дана","Ерғали","0","","dana.e","cb1dda787ff254c35934b2c96c41fabc","","","notDefault","0");
INSERT INTO student VALUES("40","US5985c101deba4237296265","Ақерке","Дауренбек","0","","akerke.d","868023565af12709423b071e21ae8e2e","","","notDefault","0");
INSERT INTO student VALUES("41","US5985c12ec0a62122183433","Даулет","Айдарханов","1","","daulet.a","110cf7839089b8b2ce55ca047f823fb6","","","notDefault","0");
INSERT INTO student VALUES("63","US598c22660735d888327545","Әріп","Әуез","1","","auez.arip","d26b35131aecab6bac3206fa204d1c0e","","","notDefault","0");
INSERT INTO student VALUES("73","US59ac0488e33bb9.79658980","Ширина","Зайнутдинова","0","","shirina.z","64ce5ce697b4f6ea8deccd29b02e54ef","","","notDefault","0");
INSERT INTO student VALUES("44","US5985c180bf2b9391395197","Дінмұхамед","Байғонус","1","","dinmukhamed.b","857bcce2fb4460e5e1fc537317777f2c","","","notDefault","0");
INSERT INTO student VALUES("45","US5985c1947a60f020154533","Диас","Акишев","1","","dias.a","fce10c44524f41acd820360119856817","","","notDefault","0");
INSERT INTO student VALUES("46","US5985c1aa5d16e488712303","Айнұр","Қуанышбаева","0","","ainur.k","0639ba018d680575465dc4074292a210","","","notDefault","0");
INSERT INTO student VALUES("47","US5985c1bf5965a032311598","Дана","Нарбаева","0","","dana.n","d62c79fdec36880ea04e1912ca1f2620","","","notDefault","1");
INSERT INTO student VALUES("48","US5985c1d356320316320740","Мадина","Талапкалиева","0","","madina.t","42d1df3b9d75e575b7c656b0812e7a86","","","notDefault","0");
INSERT INTO student VALUES("49","US5985c1f583a17705459810","Нұржан","Серғазы","1","","nurzhan.s","0866a625645b4226d339881ad7fa4d17","","","notDefault","0");
INSERT INTO student VALUES("50","US5985c2133318e292390635","Азат","Қадырбаев","1","","azat.k","92b779600e1c4ef8a433a594abf2d101","","","notDefault","0");
INSERT INTO student VALUES("51","US5985c2b68edfc766823396","Еркежан","Қожахмет","0","","erkezhan.k","d39ad1dd398243813fee075b94d75fd5","","","notDefault","0");
INSERT INTO student VALUES("52","US5985c2cff290c469198689","Мадина","Кенжебек","0","","madina.k","a95d2e94f415f9e07cdad9b72a9ffb92","","","notDefault","0");
INSERT INTO student VALUES("53","US5985c30558ce4589866616","Бекзат","Нұрғали","1","","bekzat.n","76999b8001bcae63a223f453db262750","","","notDefault","0");
INSERT INTO student VALUES("54","US5985c3898ae59122109569","Айбар","Шынарбеков","1","","aibar.sh","d8578edf8458ce06fbc5bb76a58c5ca4","","","notDefault","0");
INSERT INTO student VALUES("55","US5985c3ac6234d022515588","Альбина","Шарипова","0","","albina.sh","e5aa808b5234426d948a4b168cd12192","","","notDefault","0");
INSERT INTO student VALUES("58","US5985cba14b8d3100168809","Жамбыл","Самат","1","","zhambyl.samat","827ccb0eea8a706c4c34a16891f84e7b","","","notDefault","0");
INSERT INTO student VALUES("59","US598830cb51480379466684","Елнұры","Нүрпейіс","1","","elnury.n","057c48c9e5a403e9a0ac523d0d655d61","","","notDefault","0");
INSERT INTO student VALUES("61","US598841aac259a707466705","Камила","Ардаққызы","0","","kamila.a","7a4a64c7b4f82bf9b5d7e09125ec5f1a","","","notDefault","0");
INSERT INTO student VALUES("64","US598c228136211031368108","Дамир","Викторов","1","","damir.v","62fd24a710624ca160dc1589579928df","","","notDefault","0");
INSERT INTO student VALUES("65","US598c22b60c4d9814871020","Сая","Өмірова","1","","saya.o","fc592969978c31ad32df7816e6eaa300","","","notDefault","1");
INSERT INTO student VALUES("66","US598c22dc762ba836756417","Мирас","Жеңіс","1","","miras.zh","9925369055de2de893e8b296dab474d6","","","notDefault","0");
INSERT INTO student VALUES("67","US598c22f281ebe771825491","Айым","Тлеберды","1","","aiym.t","6f69d87ca2f066496a21aafd903e8936","","","notDefault","1");
INSERT INTO student VALUES("116","US59d640b3e0d2c1.24882148","Әділет","Аманғалиұлы ","1","","adilet.amangaliuly","827ccb0eea8a706c4c34a16891f84e7b","","","notDefault","0");
INSERT INTO student VALUES("72","US599fb3c76a2705.37462250","Еркебұлан","Бекмухаев","1","","yerkebulan.b","adb19eabb52028a170f2e650dfb95635","","","notDefault","1");
INSERT INTO student VALUES("76","US59ac0739cea3f3.41924627","Ақтоты","Толықбаева","0","","aktoty.t","22784aca457b4669f0841a6e58e370e6","","","default","0");
INSERT INTO student VALUES("75","US59ac05f716e0d5.43146483","Аружан","Алдаберген","0","","aruzhan.a","3bf1602d79bd3ba1e8c393786b618b6e","","","notDefault","0");
INSERT INTO student VALUES("77","US59ac0a2f0b6623.14189239","Әлішер","Әлсейіт","1","","alisher.a","168cd479e75d647ed781a3539673ff02","","","notDefault","0");
INSERT INTO student VALUES("78","US59ac0a3f3ccca6.39254141","Нұржан","Абдикапаров","1","","nurzhan.a","8d9ebebae970b40222e1a9a3afadf0df","","","notDefault","0");
INSERT INTO student VALUES("79","US59ac0df47c33f2.32375704","Аружан","Даусенова","0","","aruzhan.daussenova","4e0c51965152189ec0f927426fe9a7e1","","","notDefault","0");
INSERT INTO student VALUES("80","US59ac111453e868.28015852","Айман","Ануарбекова","1","","aiman.a","22784aca457b4669f0841a6e58e370e6","","","default","0");
INSERT INTO student VALUES("81","US59ad50dd140745.24244826","Меруерт","Абишева","1","","meruert.abisheva","22784aca457b4669f0841a6e58e370e6","","","default","0");
INSERT INTO student VALUES("82","US59ad5134a6bb18.10632279","Аружан","Суннат","1","","aruzhan.sunnat","4f3e971032e2db48c186e8a6441a1c26","","","notDefault","0");
INSERT INTO student VALUES("83","US59aeaa94525328.23579708","Әлішер","Нұрқасым","1","","alisher.nurkassym","62df63c5b79bbf0372b11550fba89c3d","","","notDefault","0");
INSERT INTO student VALUES("86","US59afde10c892b8.75175782","Берік","Секенов","1","","berik.sekenov","2d3cd373c96741e1a675b3a2bab1fdcc","","","notDefault","0");
INSERT INTO student VALUES("121","US59e497085388c4.01523988","Бекжан","Исақ","1","","bekzhan.isak","dfdc63271f6f54106451c029b29c9bad","","","notDefault","0");
INSERT INTO student VALUES("88","US59b122b8431c99.19083022","Меруерт","Бекен","0","","meruert.beken","1e82407ef1ebb240de61f1f1e5914387","","","notDefault","0");
INSERT INTO student VALUES("117","US59d768a5a1e7e6.22991662","Мирас","Асубай ","1","","miras.asubai","6d013259e45d6f62ac29f03f353e9404","","","notDefault","0");
INSERT INTO student VALUES("91","US59ba8fe289c189.39406651","Әнет","Әлімжан","1","","anet.alimzhan","1f608a144347f5f991adc7fedeb20b41","","","notDefault","0");
INSERT INTO student VALUES("93","US59ba900d0c54e5.85148704","Тамерлан","Түгелбаев","1","","tamerlan.tugelbayev","65f3a12d1dc82d6cd205f62101ee521c","","","notDefault","0");
INSERT INTO student VALUES("94","US59ba901e7be934.68232321","Рахат","Сайлаубек","1","","rakhat.sailaubek","523c591bb628d73cc90732d7b9e578cf","","","notDefault","0");
INSERT INTO student VALUES("95","US59bd1018c3c961.30793094","Мирас","Рахат","1","","miras.rakhat","0484cc36d3df9239925a9db2d50f6eab","","","notDefault","0");
INSERT INTO student VALUES("96","US59bd1157ec5292.26421405","Ляйля","Смагулова","0","","lyailya.smagulova","f30618ed64655812746272636a992b95","","","notDefault","0");
INSERT INTO student VALUES("98","US59bf7e29a90a18.55755906","Шұғыла","Табысбекқызы","0","","shugyla.tabysbekkyzy","9e8464e1a2a42a52f0957c72c5c03445","","","notDefault","0");
INSERT INTO student VALUES("99","US59bf8381092e81.83889127","Айдана","Серікқызы","0","","aidana.serikkyzy","09f5053652f37135a610b67c71b99b46","","","notDefault","0");
INSERT INTO student VALUES("100","US59bf9ce149c5b2.90105243","Әділбек","Альнасиров","1","","adilbek.alnassirov","c631f6ccb012438c147a04118f3a0e22","","","notDefault","0");
INSERT INTO student VALUES("101","US59c276ec8cbd96.54459379","Алпамыс","Садыков","1","","alpamys.sadykov","6a757b36c57f3e52fabe388264068d5b","","","notDefault","0");
INSERT INTO student VALUES("103","US59c3b6ffb2a223.12795377","Елдос","Асқар","1","","yeldos.askar","e44d2645b04205efc03e83eb61c31ab5","","","notDefault","0");
INSERT INTO student VALUES("113","US59ce469edd8536.42325542","Ақмарал","Мұхитова ","0","","akmaral.mukhitova","4a1cb3b3eff7787b5f55d2ecaa5257af","","","notDefault","0");
INSERT INTO student VALUES("105","US59c901d4d38b76.07743701","Әсем","Жаңбыршы","0","","asem.zhanbyrshy","cf9ee5bcb36b4936dd7064ee9b2f139e","","","notDefault","0");
INSERT INTO student VALUES("108","US59ca49990fcca2.56136050","Карима","Ерсултанова ","0","","karima.ersultanova","22784aca457b4669f0841a6e58e370e6","","","default","0");
INSERT INTO student VALUES("109","US59ca4e2a2bbdb6.54878826","Қойшыкен ","Анеля","1","","anelya.koishyken","22784aca457b4669f0841a6e58e370e6","","","default","0");
INSERT INTO student VALUES("123","US59ca3ecc324b28.16592911","Темірлан","Төлегенов","1","","temirlan.tolegenov","78bc10a9138314c9593ebd2d5d21e8b7","","","notDefault","0");
INSERT INTO student VALUES("112","US59ca508fa8b0a5.38524281","Әділ","Князбай","1","","adil.knyazbai","2d9f65aa0e88080081b03b8e1b894db4","","","notDefault","0");



DROP TABLE student_permission;

CREATE TABLE `student_permission` (
  `student_permission_num` varchar(30) COLLATE utf8_unicode_ci NOT NULL,
  `student_num` varchar(30) COLLATE utf8_unicode_ci NOT NULL,
  PRIMARY KEY (`student_permission_num`),
  UNIQUE KEY `student_test_permission` (`student_permission_num`),
  UNIQUE KEY `student_num` (`student_num`)
) ENGINE=MyISAM DEFAULT CHARSET=utf8 COLLATE=utf8_unicode_ci;

INSERT INTO student_permission VALUES("S_P59a50518090b05.55110060","US5985c0b84aff1682766928");
INSERT INTO student_permission VALUES("S_P59d75dd2555260.64060253","US59c901d4d38b76.07743701");
INSERT INTO student_permission VALUES("S_P59b3b0e50104d2.20980597","US5985c05993e14209919366");
INSERT INTO student_permission VALUES("S_P5986c26d73134444221203","US5985c1bf5965a032311598");
INSERT INTO student_permission VALUES("S_P599a9a60c86b08.18927637","US5985c1947a60f020154533");
INSERT INTO student_permission VALUES("S_P59e6fcc1c978f2.77611669","US5985cba14b8d3100168809");
INSERT INTO student_permission VALUES("S_P59ae912f0a8dd7.11181369","US5985c2133318e292390635");
INSERT INTO student_permission VALUES("S_P59bfc445634852.54225428","US59ba901e7be934.68232321");
INSERT INTO student_permission VALUES("S_P59880a053a423103438621","US5985c2b68edfc766823396");
INSERT INTO student_permission VALUES("S_P59880f46bba64320677510","US5985c1d356320316320740");
INSERT INTO student_permission VALUES("S_P59880f9c6f030011973151","US5985c1aa5d16e488712303");
INSERT INTO student_permission VALUES("S_P59882dea40334091957110","US5985c0986fb60310314303");
INSERT INTO student_permission VALUES("S_P59882e186be2e666125397","US5985c30558ce4589866616");
INSERT INTO student_permission VALUES("S_P59882e8bc284f325289323","US5985c101deba4237296265");
INSERT INTO student_permission VALUES("S_P5988311f20c66273047287","US598830cb51480379466684");
INSERT INTO student_permission VALUES("S_P5989578fa2c45588769643","US5985c3ac6234d022515588");
INSERT INTO student_permission VALUES("S_P59b3bb7bd68ee0.57518171","US59ac05f716e0d5.43146483");
INSERT INTO student_permission VALUES("S_P59b26476cbb1a8.63399219","US59b122b8431c99.19083022");
INSERT INTO student_permission VALUES("S_P59895eb5f0961729354576","US5985c0d8a6582773333184");
INSERT INTO student_permission VALUES("S_P5989631c5760a483387858","US5985c3898ae59122109569");
INSERT INTO student_permission VALUES("S_P599d1c8fa545d3.53072101","US5985c03ababcf003612666");
INSERT INTO student_permission VALUES("S_P5989810b0e703259233209","US5985c1f583a17705459810");
INSERT INTO student_permission VALUES("S_P598aaa1125a87003705928","US5985be0737ecf867117823");
INSERT INTO student_permission VALUES("S_P59dcba2c64ec91.89437901","US59d768a5a1e7e6.22991662");
INSERT INTO student_permission VALUES("S_P59d8a166081f10.99018260","US5985c12ec0a62122183433");
INSERT INTO student_permission VALUES("S_P598c242e180b5705170298","US598c22f281ebe771825491");
INSERT INTO student_permission VALUES("S_P598c243987b8e433883284","US598c22dc762ba836756417");
INSERT INTO student_permission VALUES("S_P598c244728e43061975405","US598c22b60c4d9814871020");
INSERT INTO student_permission VALUES("S_P598c24546f359690386661","US598c228136211031368108");
INSERT INTO student_permission VALUES("S_P598c2463efc0d589529535","US598c22660735d888327545");
INSERT INTO student_permission VALUES("S_P59a11aaab115e8.02277346","US599fb3c76a2705.37462250");
INSERT INTO student_permission VALUES("S_P59b10be8152784.89668364","US598841aac259a707466705");
INSERT INTO student_permission VALUES("S_P59ad209eb91406.58390098","US59ac0488e33bb9.79658980");
INSERT INTO student_permission VALUES("S_P59ad2584d26bf2.47041974","US59ac0a2f0b6623.14189239");
INSERT INTO student_permission VALUES("S_P59ad2cfeae8e89.43854372","US59ac0a3f3ccca6.39254141");
INSERT INTO student_permission VALUES("S_P59e0856b669b69.29460451","US59ac0df47c33f2.32375704");
INSERT INTO student_permission VALUES("S_P59afc84c86aaa4.16197509","US59ad5134a6bb18.10632279");
INSERT INTO student_permission VALUES("S_P59afc853ac0521.36502357","US59aeaa94525328.23579708");
INSERT INTO student_permission VALUES("S_P59b13856879910.66456336","US59afde10c892b8.75175782");
INSERT INTO student_permission VALUES("S_P59e4a28f261549.69770042","US59ce469edd8536.42325542");
INSERT INTO student_permission VALUES("S_P59b8fa6d7c57c5.62001039","US59b7aa305bd0e5.73964541");
INSERT INTO student_permission VALUES("S_P59c0fd9db641f7.39181901","US5985c2cff290c469198689");
INSERT INTO student_permission VALUES("S_P59bf9642e22b09.26824372","US59bf8381092e81.83889127");
INSERT INTO student_permission VALUES("S_P59bf9d97ace008.97691695","US59bf9ce149c5b2.90105243");
INSERT INTO student_permission VALUES("S_P59bfb87b04d3a5.24844351","US59bd1018c3c961.30793094");
INSERT INTO student_permission VALUES("S_P59bfbed5771fc2.61676051","US59ba8fe289c189.39406651");
INSERT INTO student_permission VALUES("S_P59d4d50181c8c0.56226846","US59ba900d0c54e5.85148704");
INSERT INTO student_permission VALUES("S_P59e4a9eb4e8fb9.33924896","US59e497085388c4.01523988");
INSERT INTO student_permission VALUES("S_P59c23880ee0221.24095751","US59bf7e29a90a18.55755906");
INSERT INTO student_permission VALUES("S_P59c238ee4aef01.85983214","US59bd1157ec5292.26421405");
INSERT INTO student_permission VALUES("S_P59c4dd515ead57.32803551","US59c276ec8cbd96.54459379");
INSERT INTO student_permission VALUES("S_P59c64f321de116.06737442","US59c3b6ffb2a223.12795377");
INSERT INTO student_permission VALUES("S_P59d8d176d75a65.88236416","US59ca508fa8b0a5.38524281");
INSERT INTO student_permission VALUES("S_P59d8aa6d9ecfb2.04376733","US5985c180bf2b9391395197");



DROP TABLE student_test_permission;

CREATE TABLE `student_test_permission` (
  `id` int(6) NOT NULL AUTO_INCREMENT,
  `student_permission_num` varchar(30) COLLATE utf8_unicode_ci NOT NULL,
  `subtopic_num` varchar(30) COLLATE utf8_unicode_ci NOT NULL,
  `video_permission` varchar(1) COLLATE utf8_unicode_ci DEFAULT NULL,
  `test_permission` varchar(1) COLLATE utf8_unicode_ci DEFAULT NULL,
  `done` varchar(1) COLLATE utf8_unicode_ci NOT NULL DEFAULT 'n',
  PRIMARY KEY (`id`)
) ENGINE=MyISAM AUTO_INCREMENT=996 DEFAULT CHARSET=utf8 COLLATE=utf8_unicode_ci;

INSERT INTO student_test_permission VALUES("865","S_P598c24546f359690386661","S_T597af3c0cbd92854436171","f","f","n");
INSERT INTO student_test_permission VALUES("864","S_P598c243987b8e433883284","S_T597af3ae36af7858948972","f","f","n");
INSERT INTO student_test_permission VALUES("303","S_P599a9a60c86b08.18927637","S_T5984861e3c4c7294716721","f","f","n");
INSERT INTO student_test_permission VALUES("302","S_P5989810b0e703259233209","S_T5984857943c95733721955","f","f","n");
INSERT INTO student_test_permission VALUES("946","S_P59e4a28f261549.69770042","S_T598482ddd1b86287199901","f","f","n");
INSERT INTO student_test_permission VALUES("863","S_P59b10be8152784.89668364","S_T5984869e2a88d155421935","f","f","n");
INSERT INTO student_test_permission VALUES("289","S_P59895eb5f0961729354576","S_T5985a910c43bf570235999","f","f","n");
INSERT INTO student_test_permission VALUES("862","S_P5989631c5760a483387858","S_T597af62c57e71857027062","f","f","n");
INSERT INTO student_test_permission VALUES("288","S_P59880a053a423103438621","S_T598485f08b0d4851838470","f","f","n");
INSERT INTO student_test_permission VALUES("33","S_P5986c26d73134444221203","S_T59848b784a564404406969","f","f","n");
INSERT INTO student_test_permission VALUES("34","S_P5986c26d73134444221203","S_T59848b9d2ffb1198022694","f","f","n");
INSERT INTO student_test_permission VALUES("800","S_P59880a053a423103438621","S_T5984875a5ddc6750075915","f","f","n");
INSERT INTO student_test_permission VALUES("861","S_P59d4d50181c8c0.56226846","S_T598483a388c05605524856","f","f","n");
INSERT INTO student_test_permission VALUES("284","S_P59882e186be2e666125397","S_T597af0f7e45a9535106369","f","f","n");
INSERT INTO student_test_permission VALUES("285","S_P5988311f20c66273047287","S_T597af0f7e45a9535106369","f","f","n");
INSERT INTO student_test_permission VALUES("286","S_P598aaa1125a87003705928","S_T5985a86b314be565978240","f","f","n");
INSERT INTO student_test_permission VALUES("257","S_P599a9a60c86b08.18927637","S_T5984861392571493030674","f","f","n");
INSERT INTO student_test_permission VALUES("369","S_P599a9a60c86b08.18927637","S_T597af1c98ad88346642175","f","f","n");
INSERT INTO student_test_permission VALUES("561","S_P59880a053a423103438621","S_T598486b8c5699511856798","f","f","n");
INSERT INTO student_test_permission VALUES("560","S_P59ae912f0a8dd7.11181369","S_T598484bdd39a6327809628","f","f","n");
INSERT INTO student_test_permission VALUES("44","S_P59880a053a423103438621","S_T597af05c2d59f811954122","f","f","n");
INSERT INTO student_test_permission VALUES("45","S_P59880a053a423103438621","S_T597af044ee34d167951217","f","f","n");
INSERT INTO student_test_permission VALUES("860","S_P59bf9642e22b09.26824372","S_T598486b8c5699511856798","f","f","n");
INSERT INTO student_test_permission VALUES("48","S_P59880f46bba64320677510","S_T59848334a0e9f898309273","f","f","n");
INSERT INTO student_test_permission VALUES("49","S_P5986c26d73134444221203","S_T59848bdf91713445647242","f","f","n");
INSERT INTO student_test_permission VALUES("50","S_P59880f9c6f030011973151","S_T598484bdd39a6327809628","f","f","n");
INSERT INTO student_test_permission VALUES("51","S_P59880f9c6f030011973151","S_T598484d46b37e151221217","f","f","n");
INSERT INTO student_test_permission VALUES("859","S_P5989810b0e703259233209","S_T5984875a5ddc6750075915","f","f","n");
INSERT INTO student_test_permission VALUES("283","S_P5989810b0e703259233209","S_T5984855708a5c201282800","f","f","n");
INSERT INTO student_test_permission VALUES("54","S_P59880f46bba64320677510","S_T59848483a3efd134771721","f","f","n");
INSERT INTO student_test_permission VALUES("55","S_P59882dea40334091957110","S_T597af350809a2630467285","f","f","n");
INSERT INTO student_test_permission VALUES("56","S_P59882e186be2e666125397","S_T5974a88b5fdbc928116956","f","f","n");
INSERT INTO student_test_permission VALUES("57","S_P59882e8bc284f325289323","S_T597af0f7e45a9535106369","f","f","n");
INSERT INTO student_test_permission VALUES("58","S_P5988311f20c66273047287","S_T5974a88b5fdbc928116956","f","f","n");
INSERT INTO student_test_permission VALUES("59","S_P5989578fa2c45588769643","S_T5974a88b5fdbc928116956","f","f","n");
INSERT INTO student_test_permission VALUES("417","S_P5989810b0e703259233209","S_T59848334a0e9f898309273","f","f","n");
INSERT INTO student_test_permission VALUES("416","S_P59afc853ac0521.36502357","S_T59848334a0e9f898309273","f","f","n");
INSERT INTO student_test_permission VALUES("767","S_P59bfc445634852.54225428","S_T598482ee90055815583343","f","f","n");
INSERT INTO student_test_permission VALUES("274","S_P598aaa1125a87003705928","S_T597af05c2d59f811954122","f","f","n");
INSERT INTO student_test_permission VALUES("968","S_P59e6fcc1c978f2.77611669","S_T597afd625fe6b069934126","f","f","n");
INSERT INTO student_test_permission VALUES("407","S_P59882e8bc284f325289323","S_T597af3ae36af7858948972","f","f","n");
INSERT INTO student_test_permission VALUES("799","S_P598c24546f359690386661","S_T597af392a9d60684202099","f","f","n");
INSERT INTO student_test_permission VALUES("798","S_P598aaa1125a87003705928","S_T5985a910c43bf570235999","f","f","n");
INSERT INTO student_test_permission VALUES("68","S_P59882dea40334091957110","S_T598484bdd39a6327809628","f","f","n");
INSERT INTO student_test_permission VALUES("69","S_P59895eb5f0961729354576","S_T598485f08b0d4851838470","f","f","n");
INSERT INTO student_test_permission VALUES("70","S_P59895eb5f0961729354576","S_T598485fd45da3513853162","f","f","n");
INSERT INTO student_test_permission VALUES("71","S_P59882e8bc284f325289323","S_T5984858544177302134342","f","f","n");
INSERT INTO student_test_permission VALUES("72","S_P59882e8bc284f325289323","S_T5984859d5a76e718112208","f","f","n");
INSERT INTO student_test_permission VALUES("857","S_P59bfc445634852.54225428","S_T598483021c5af119272192","f","f","n");
INSERT INTO student_test_permission VALUES("856","S_P599a9a60c86b08.18927637","S_T598488cadc052584940995","f","f","n");
INSERT INTO student_test_permission VALUES("855","S_P59d8aa6d9ecfb2.04376733","S_T5984887bccc22815823180","f","f","n");
INSERT INTO student_test_permission VALUES("300","S_P59882e8bc284f325289323","S_T597af350809a2630467285","f","f","n");
INSERT INTO student_test_permission VALUES("299","S_P599d1c8fa545d3.53072101","S_T597af98629a9e664320378","f","f","n");
INSERT INTO student_test_permission VALUES("78","S_P59880a053a423103438621","S_T598484bdd39a6327809628","f","f","n");
INSERT INTO student_test_permission VALUES("79","S_P59880a053a423103438621","S_T598484c9cecd2246247143","f","f","n");
INSERT INTO student_test_permission VALUES("80","S_P5989631c5760a483387858","S_T597af1a43f00a482267202","f","f","n");
INSERT INTO student_test_permission VALUES("81","S_P5989631c5760a483387858","S_T597af140772c7240779811","f","f","n");
INSERT INTO student_test_permission VALUES("854","S_P59afc853ac0521.36502357","S_T597af118ec5e9496652730","f","f","n");
INSERT INTO student_test_permission VALUES("266","S_P598c242e180b5705170298","S_T5974ab95697f7767898025","f","f","n");
INSERT INTO student_test_permission VALUES("84","S_P5989810b0e703259233209","S_T5974a88b5fdbc928116956","f","f","n");
INSERT INTO student_test_permission VALUES("219","S_P59880a053a423103438621","S_T5974ab95697f7767898025","f","f","n");
INSERT INTO student_test_permission VALUES("86","S_P598aaa1125a87003705928","S_T5974a88b5fdbc928116956","f","f","n");
INSERT INTO student_test_permission VALUES("392","S_P599d1c8fa545d3.53072101","S_T5985a91c73f7a387381879","f","f","n");
INSERT INTO student_test_permission VALUES("559","S_P59c0fd9db641f7.39181901","S_T5984869e2a88d155421935","f","f","n");
INSERT INTO student_test_permission VALUES("252","S_P59882e8bc284f325289323","S_T597af1e0ada7c458237043","f","f","n");
INSERT INTO student_test_permission VALUES("90","S_P5988311f20c66273047287","S_T5974a89f0d366690049916","f","f","n");
INSERT INTO student_test_permission VALUES("91","S_P59882e8bc284f325289323","S_T597af118ec5e9496652730","f","f","n");
INSERT INTO student_test_permission VALUES("92","S_P59882e186be2e666125397","S_T5974a89f0d366690049916","f","f","n");
INSERT INTO student_test_permission VALUES("93","S_P59880f9c6f030011973151","S_T5985a83ae69d1355328733","f","f","n");
INSERT INTO student_test_permission VALUES("94","S_P59880f46bba64320677510","S_T598484bdd39a6327809628","f","f","n");
INSERT INTO student_test_permission VALUES("853","S_P59afc84c86aaa4.16197509","S_T597af118ec5e9496652730","f","f","n");
INSERT INTO student_test_permission VALUES("412","S_P59880f9c6f030011973151","S_T5985a93f7420b047608793","f","f","n");
INSERT INTO student_test_permission VALUES("97","S_P5989810b0e703259233209","S_T598484bdd39a6327809628","f","f","n");
INSERT INTO student_test_permission VALUES("98","S_P5989810b0e703259233209","S_T598484e0d4aae069415108","f","f","n");
INSERT INTO student_test_permission VALUES("99","S_P59880f9c6f030011973151","S_T5985a94e73e16716325430","f","f","n");
INSERT INTO student_test_permission VALUES("852","S_P59d75dd2555260.64060253","S_T598482ee90055815583343","f","f","n");
INSERT INTO student_test_permission VALUES("264","S_P5989631c5760a483387858","S_T597af392a9d60684202099","f","f","n");
INSERT INTO student_test_permission VALUES("851","S_P59ad2584d26bf2.47041974","S_T597af118ec5e9496652730","f","f","n");
INSERT INTO student_test_permission VALUES("103","S_P5989578fa2c45588769643","S_T5974a89f0d366690049916","f","f","n");
INSERT INTO student_test_permission VALUES("104","S_P5989810b0e703259233209","S_T5974a89f0d366690049916","f","f","n");
INSERT INTO student_test_permission VALUES("850","S_P59ad2cfeae8e89.43854372","S_T597af62c57e71857027062","f","f","n");
INSERT INTO student_test_permission VALUES("106","S_P598aaa1125a87003705928","S_T59848d52a3afe198167969","f","f","n");
INSERT INTO student_test_permission VALUES("107","S_P598aaa1125a87003705928","S_T59848dcb968d2540303040","f","f","n");
INSERT INTO student_test_permission VALUES("415","S_P59ad209eb91406.58390098","S_T598482ee90055815583343","f","f","n");
INSERT INTO student_test_permission VALUES("109","S_P59895eb5f0961729354576","S_T5985a86b314be565978240","f","f","n");
INSERT INTO student_test_permission VALUES("110","S_P59895eb5f0961729354576","S_T5985a8aa20cc6983328965","f","f","n");
INSERT INTO student_test_permission VALUES("251","S_P59882e186be2e666125397","S_T597af05c2d59f811954122","f","f","n");
INSERT INTO student_test_permission VALUES("250","S_P5988311f20c66273047287","S_T597af05c2d59f811954122","f","f","n");
INSERT INTO student_test_permission VALUES("249","S_P59880a053a423103438621","S_T597af140772c7240779811","f","f","n");
INSERT INTO student_test_permission VALUES("114","S_P598aaa1125a87003705928","S_T5985a83ae69d1355328733","f","f","n");
INSERT INTO student_test_permission VALUES("115","S_P598aaa1125a87003705928","S_T5985a84f1181c873057155","f","f","n");
INSERT INTO student_test_permission VALUES("761","S_P59a50518090b05.55110060","S_T597af05c2d59f811954122","f","f","n");
INSERT INTO student_test_permission VALUES("756","S_P59b26476cbb1a8.63399219","S_T5984875a5ddc6750075915","f","f","n");
INSERT INTO student_test_permission VALUES("118","S_P598c242e180b5705170298","S_T5974a88b5fdbc928116956","f","f","n");
INSERT INTO student_test_permission VALUES("119","S_P598c243987b8e433883284","S_T5974a88b5fdbc928116956","f","f","n");
INSERT INTO student_test_permission VALUES("120","S_P598c244728e43061975405","S_T5974a88b5fdbc928116956","f","f","n");
INSERT INTO student_test_permission VALUES("121","S_P598c24546f359690386661","S_T5974a88b5fdbc928116956","f","f","n");
INSERT INTO student_test_permission VALUES("122","S_P598c2463efc0d589529535","S_T5974a88b5fdbc928116956","f","f","n");
INSERT INTO student_test_permission VALUES("123","S_P59895eb5f0961729354576","S_T5985a8b3d82da036891904","f","f","n");
INSERT INTO student_test_permission VALUES("868","S_P59dcba2c64ec91.89437901","S_T5974a88b5fdbc928116956","f","f","n");
INSERT INTO student_test_permission VALUES("125","S_P59880f9c6f030011973151","S_T5984855708a5c201282800","f","f","n");
INSERT INTO student_test_permission VALUES("126","S_P5986c26d73134444221203","S_T59848bd519cb5713753008","f","f","n");
INSERT INTO student_test_permission VALUES("795","S_P59bfbed5771fc2.61676051","S_T598483a388c05605524856","f","f","n");
INSERT INTO student_test_permission VALUES("128","S_P598aaa1125a87003705928","S_T5974a89f0d366690049916","f","f","n");
INSERT INTO student_test_permission VALUES("262","S_P5989578fa2c45588769643","S_T597af05c2d59f811954122","f","f","n");
INSERT INTO student_test_permission VALUES("760","S_P599d1c8fa545d3.53072101","S_T597af05c2d59f811954122","f","f","n");
INSERT INTO student_test_permission VALUES("248","S_P598aaa1125a87003705928","S_T597af044ee34d167951217","f","f","n");
INSERT INTO student_test_permission VALUES("132","S_P59880a053a423103438621","S_T597af0f7e45a9535106369","f","f","n");
INSERT INTO student_test_permission VALUES("133","S_P59882e8bc284f325289323","S_T597af140772c7240779811","f","f","n");
INSERT INTO student_test_permission VALUES("134","S_P59882e186be2e666125397","S_T5974a8b186ea1040365676","f","f","n");
INSERT INTO student_test_permission VALUES("789","S_P599d1c8fa545d3.53072101","S_T597afc8327886079396583","f","f","n");
INSERT INTO student_test_permission VALUES("849","S_P59b26476cbb1a8.63399219","S_T59848784927a5760622963","f","f","n");
INSERT INTO student_test_permission VALUES("848","S_P59d8aa6d9ecfb2.04376733","S_T5984886f4c1e3106848183","f","f","n");
INSERT INTO student_test_permission VALUES("138","S_P5988311f20c66273047287","S_T5974a8b186ea1040365676","f","f","n");
INSERT INTO student_test_permission VALUES("139","S_P5989631c5760a483387858","S_T597af1e0ada7c458237043","f","f","n");
INSERT INTO student_test_permission VALUES("847","S_P59d8a166081f10.99018260","S_T597af73890237310164005","f","f","n");
INSERT INTO student_test_permission VALUES("846","S_P59ae912f0a8dd7.11181369","S_T597af5911ee71174454085","f","f","n");
INSERT INTO student_test_permission VALUES("943","S_P599d1c8fa545d3.53072101","S_T597afd144259f651376109","f","f","n");
INSERT INTO student_test_permission VALUES("143","S_P59882e8bc284f325289323","S_T598485f08b0d4851838470","f","f","n");
INSERT INTO student_test_permission VALUES("144","S_P59882e8bc284f325289323","S_T598485fd45da3513853162","f","f","n");
INSERT INTO student_test_permission VALUES("145","S_P59895eb5f0961729354576","S_T5984861e3c4c7294716721","f","f","n");
INSERT INTO student_test_permission VALUES("794","S_P59d4d50181c8c0.56226846","S_T59848334a0e9f898309273","f","f","n");
INSERT INTO student_test_permission VALUES("147","S_P59895eb5f0961729354576","S_T5984869e2a88d155421935","f","f","n");
INSERT INTO student_test_permission VALUES("148","S_P598c242e180b5705170298","S_T5974a89f0d366690049916","f","f","n");
INSERT INTO student_test_permission VALUES("149","S_P598c243987b8e433883284","S_T5974a89f0d366690049916","f","f","n");
INSERT INTO student_test_permission VALUES("150","S_P598c244728e43061975405","S_T5974a89f0d366690049916","f","f","n");
INSERT INTO student_test_permission VALUES("151","S_P598c2463efc0d589529535","S_T5974a89f0d366690049916","f","f","n");
INSERT INTO student_test_permission VALUES("558","S_P598c243987b8e433883284","S_T597af140772c7240779811","f","f","n");
INSERT INTO student_test_permission VALUES("793","S_P59c23880ee0221.24095751","S_T5984830dc63a9624010871","f","f","n");
INSERT INTO student_test_permission VALUES("297","S_P598c242e180b5705170298","S_T597af044ee34d167951217","f","f","n");
INSERT INTO student_test_permission VALUES("845","S_P59882e8bc284f325289323","S_T597af73890237310164005","f","f","n");
INSERT INTO student_test_permission VALUES("844","S_P59c4dd515ead57.32803551","S_T597af0f7e45a9535106369","f","f","n");
INSERT INTO student_test_permission VALUES("843","S_P59bf9d97ace008.97691695","S_T597af118ec5e9496652730","f","f","n");
INSERT INTO student_test_permission VALUES("296","S_P59882dea40334091957110","S_T5984857943c95733721955","f","f","n");
INSERT INTO student_test_permission VALUES("842","S_P599d1c8fa545d3.53072101","S_T597afc95d40a8807890446","f","f","n");
INSERT INTO student_test_permission VALUES("278","S_P59882dea40334091957110","S_T597af3c0cbd92854436171","f","f","n");
INSERT INTO student_test_permission VALUES("792","S_P59bfb87b04d3a5.24844351","S_T59848327a45c2166944909","f","f","n");
INSERT INTO student_test_permission VALUES("162","S_P59880f9c6f030011973151","S_T5984857943c95733721955","f","f","n");
INSERT INTO student_test_permission VALUES("163","S_P598aaa1125a87003705928","S_T5974a8b186ea1040365676","f","f","n");
INSERT INTO student_test_permission VALUES("165","S_P59882dea40334091957110","S_T597af392a9d60684202099","f","f","n");
INSERT INTO student_test_permission VALUES("769","S_P59afc853ac0521.36502357","S_T598484bdd39a6327809628","f","f","n");
INSERT INTO student_test_permission VALUES("167","S_P59882e186be2e666125397","S_T5974ab95697f7767898025","f","f","n");
INSERT INTO student_test_permission VALUES("168","S_P5988311f20c66273047287","S_T5974ab95697f7767898025","f","f","n");
INSERT INTO student_test_permission VALUES("295","S_P59882dea40334091957110","S_T598488e08dfaa772457157","f","f","n");
INSERT INTO student_test_permission VALUES("260","S_P598c24546f359690386661","S_T5974ab95697f7767898025","f","f","n");
INSERT INTO student_test_permission VALUES("171","S_P598c24546f359690386661","S_T5974a89f0d366690049916","f","f","n");
INSERT INTO student_test_permission VALUES("172","S_P5989578fa2c45588769643","S_T5974a8b186ea1040365676","f","f","n");
INSERT INTO student_test_permission VALUES("276","S_P599d1c8fa545d3.53072101","S_T597af96a700b5974001147","f","f","n");
INSERT INTO student_test_permission VALUES("841","S_P59880a053a423103438621","S_T597af58514c7f614530255","f","f","n");
INSERT INTO student_test_permission VALUES("414","S_P599a9a60c86b08.18927637","S_T598487217197d359120789","f","f","n");
INSERT INTO student_test_permission VALUES("413","S_P59a50518090b05.55110060","S_T5974a89f0d366690049916","f","f","n");
INSERT INTO student_test_permission VALUES("405","S_P599d1c8fa545d3.53072101","S_T597afa5aa4504812345365","f","f","n");
INSERT INTO student_test_permission VALUES("404","S_P598aaa1125a87003705928","S_T597af140772c7240779811","f","f","n");
INSERT INTO student_test_permission VALUES("866","S_P59c64f321de116.06737442","S_T5984831b3d6c7457569875","f","f","n");
INSERT INTO student_test_permission VALUES("764","S_P599a9a60c86b08.18927637","S_T5984886f4c1e3106848183","f","f","n");
INSERT INTO student_test_permission VALUES("294","S_P599d1c8fa545d3.53072101","S_T5985a910c43bf570235999","f","f","n");
INSERT INTO student_test_permission VALUES("293","S_P598c24546f359690386661","S_T597af044ee34d167951217","f","f","n");
INSERT INTO student_test_permission VALUES("183","S_P5989810b0e703259233209","S_T5974a8b186ea1040365676","f","f","n");
INSERT INTO student_test_permission VALUES("259","S_P59882e8bc284f325289323","S_T5984861e3c4c7294716721","f","f","n");
INSERT INTO student_test_permission VALUES("557","S_P599a9a60c86b08.18927637","S_T597af58514c7f614530255","f","f","n");
INSERT INTO student_test_permission VALUES("186","S_P598aaa1125a87003705928","S_T5974ab95697f7767898025","f","f","n");
INSERT INTO student_test_permission VALUES("187","S_P59882e8bc284f325289323","S_T597af1a43f00a482267202","f","f","n");
INSERT INTO student_test_permission VALUES("188","S_P59882dea40334091957110","S_T597af3ae36af7858948972","f","f","n");
INSERT INTO student_test_permission VALUES("762","S_P59ad2cfeae8e89.43854372","S_T597af5911ee71174454085","f","f","n");
INSERT INTO student_test_permission VALUES("840","S_P59882e8bc284f325289323","S_T5984879356f9a574413827","f","f","n");
INSERT INTO student_test_permission VALUES("191","S_P5986c26d73134444221203","S_T59848c02a65f3201132252","f","f","n");
INSERT INTO student_test_permission VALUES("192","S_P59880f9c6f030011973151","S_T5985a97d195cd082443710","f","f","n");
INSERT INTO student_test_permission VALUES("839","S_P59d8d176d75a65.88236416","S_T5974ab95697f7767898025","f","f","n");
INSERT INTO student_test_permission VALUES("218","S_P59880a053a423103438621","S_T597af118ec5e9496652730","f","f","n");
INSERT INTO student_test_permission VALUES("270","S_P598c2463efc0d589529535","S_T597af044ee34d167951217","f","f","n");
INSERT INTO student_test_permission VALUES("196","S_P59895eb5f0961729354576","S_T5985a8bdf055e467487649","f","f","n");
INSERT INTO student_test_permission VALUES("197","S_P59882dea40334091957110","S_T5985a84f1181c873057155","f","f","n");
INSERT INTO student_test_permission VALUES("198","S_P59882dea40334091957110","S_T5985a85e0b254193617009","f","f","n");
INSERT INTO student_test_permission VALUES("199","S_P598aaa1125a87003705928","S_T5985a85e0b254193617009","f","f","n");
INSERT INTO student_test_permission VALUES("838","S_P598c2463efc0d589529535","S_T597af1e0ada7c458237043","f","f","n");
INSERT INTO student_test_permission VALUES("201","S_P5989631c5760a483387858","S_T597af350809a2630467285","f","f","n");
INSERT INTO student_test_permission VALUES("269","S_P598c243987b8e433883284","S_T597af044ee34d167951217","f","f","n");
INSERT INTO student_test_permission VALUES("203","S_P5989578fa2c45588769643","S_T5974ab95697f7767898025","f","f","n");
INSERT INTO student_test_permission VALUES("758","S_P5989810b0e703259233209","S_T59848747e85d0347474156","f","f","n");
INSERT INTO student_test_permission VALUES("205","S_P598c24546f359690386661","S_T5974a8b186ea1040365676","f","f","n");
INSERT INTO student_test_permission VALUES("754","S_P59882e8bc284f325289323","S_T597af62c57e71857027062","f","f","n");
INSERT INTO student_test_permission VALUES("207","S_P598c244728e43061975405","S_T5974a8b186ea1040365676","f","f","n");
INSERT INTO student_test_permission VALUES("208","S_P598c243987b8e433883284","S_T5974a8b186ea1040365676","f","f","n");
INSERT INTO student_test_permission VALUES("209","S_P598c2463efc0d589529535","S_T5974a8b186ea1040365676","f","f","n");
INSERT INTO student_test_permission VALUES("210","S_P59882dea40334091957110","S_T5985a83ae69d1355328733","f","f","n");
INSERT INTO student_test_permission VALUES("280","S_P599a9a60c86b08.18927637","S_T5985a85e0b254193617009","f","f","n");
INSERT INTO student_test_permission VALUES("268","S_P598c244728e43061975405","S_T597af044ee34d167951217","f","f","n");
INSERT INTO student_test_permission VALUES("837","S_P59bfb87b04d3a5.24844351","S_T598483986f127075693423","f","f","n");
INSERT INTO student_test_permission VALUES("757","S_P59880f9c6f030011973151","S_T598487217197d359120789","f","f","n");
INSERT INTO student_test_permission VALUES("215","S_P59880a053a423103438621","S_T5984855708a5c201282800","f","f","n");
INSERT INTO student_test_permission VALUES("556","S_P59a11aaab115e8.02277346","S_T5985ab9252b8d532537953","f","f","n");
INSERT INTO student_test_permission VALUES("221","S_P59882e8bc284f325289323","S_T597af1c98ad88346642175","f","f","n");
INSERT INTO student_test_permission VALUES("836","S_P59d8aa6d9ecfb2.04376733","S_T597af7b033a6f135114226","f","f","n");
INSERT INTO student_test_permission VALUES("223","S_P5988311f20c66273047287","S_T597af044ee34d167951217","f","f","n");
INSERT INTO student_test_permission VALUES("835","S_P598c243987b8e433883284","S_T597af392a9d60684202099","f","f","n");
INSERT INTO student_test_permission VALUES("272","S_P599a9a60c86b08.18927637","S_T597af0f7e45a9535106369","f","f","n");
INSERT INTO student_test_permission VALUES("229","S_P59882e186be2e666125397","S_T597af044ee34d167951217","f","f","n");
INSERT INTO student_test_permission VALUES("230","S_P598aaa1125a87003705928","S_T59848e7c9e85e606471149","f","f","n");
INSERT INTO student_test_permission VALUES("291","S_P599a9a60c86b08.18927637","S_T597af118ec5e9496652730","f","f","n");
INSERT INTO student_test_permission VALUES("232","S_P59880a053a423103438621","S_T5984857943c95733721955","f","f","n");
INSERT INTO student_test_permission VALUES("233","S_P59882e8bc284f325289323","S_T5984861392571493030674","f","f","n");
INSERT INTO student_test_permission VALUES("234","S_P59895eb5f0961729354576","S_T59848b27b1a45387129667","f","f","n");
INSERT INTO student_test_permission VALUES("753","S_P5988311f20c66273047287","S_T597af3c0cbd92854436171","f","f","n");
INSERT INTO student_test_permission VALUES("834","S_P599a9a60c86b08.18927637","S_T597af7b033a6f135114226","f","f","n");
INSERT INTO student_test_permission VALUES("833","S_P59b3bb7bd68ee0.57518171","S_T597af392a9d60684202099","f","f","n");
INSERT INTO student_test_permission VALUES("238","S_P59882dea40334091957110","S_T598488cadc052584940995","f","f","n");
INSERT INTO student_test_permission VALUES("239","S_P5989578fa2c45588769643","S_T597af044ee34d167951217","f","f","n");
INSERT INTO student_test_permission VALUES("240","S_P598c242e180b5705170298","S_T5974a8b186ea1040365676","f","f","n");
INSERT INTO student_test_permission VALUES("967","S_P59e6fcc1c978f2.77611669","S_T597afd144259f651376109","f","f","n");
INSERT INTO student_test_permission VALUES("242","S_P598c244728e43061975405","S_T5974ab95697f7767898025","f","f","n");
INSERT INTO student_test_permission VALUES("243","S_P598c243987b8e433883284","S_T5974ab95697f7767898025","f","f","n");
INSERT INTO student_test_permission VALUES("244","S_P598c2463efc0d589529535","S_T5974ab95697f7767898025","f","f","n");
INSERT INTO student_test_permission VALUES("245","S_P5989810b0e703259233209","S_T5974ab95697f7767898025","f","f","n");
INSERT INTO student_test_permission VALUES("258","S_P59895eb5f0961729354576","S_T59848b3288285811465511","f","f","n");
INSERT INTO student_test_permission VALUES("304","S_P599a9a60c86b08.18927637","S_T598485f08b0d4851838470","f","f","n");
INSERT INTO student_test_permission VALUES("305","S_P59880f9c6f030011973151","S_T598485f08b0d4851838470","f","f","n");
INSERT INTO student_test_permission VALUES("397","S_P598c24546f359690386661","S_T597af118ec5e9496652730","f","f","n");
INSERT INTO student_test_permission VALUES("966","S_P59dcba2c64ec91.89437901","S_T5974ab95697f7767898025","f","f","n");
INSERT INTO student_test_permission VALUES("965","S_P59bfb87b04d3a5.24844351","S_T598483a388c05605524856","f","f","n");
INSERT INTO student_test_permission VALUES("309","S_P599a9a60c86b08.18927637","S_T5984869e2a88d155421935","f","f","n");
INSERT INTO student_test_permission VALUES("310","S_P59880f9c6f030011973151","S_T598485fd45da3513853162","f","f","n");
INSERT INTO student_test_permission VALUES("396","S_P59a11aaab115e8.02277346","S_T5985ab1d5a645306110168","f","f","n");
INSERT INTO student_test_permission VALUES("945","S_P5989810b0e703259233209","S_T59848784927a5760622963","f","f","n");
INSERT INTO student_test_permission VALUES("313","S_P59880a053a423103438621","S_T598485fd45da3513853162","f","f","n");
INSERT INTO student_test_permission VALUES("791","S_P59880f46bba64320677510","S_T598485f08b0d4851838470","f","f","n");
INSERT INTO student_test_permission VALUES("315","S_P59882e8bc284f325289323","S_T5984869e2a88d155421935","f","f","n");
INSERT INTO student_test_permission VALUES("316","S_P59a11aaab115e8.02277346","S_T5985aaf475b2c152217261","f","f","n");
INSERT INTO student_test_permission VALUES("317","S_P598c24546f359690386661","S_T597af05c2d59f811954122","f","f","n");
INSERT INTO student_test_permission VALUES("318","S_P599a9a60c86b08.18927637","S_T597af140772c7240779811","f","f","n");
INSERT INTO student_test_permission VALUES("319","S_P598c2463efc0d589529535","S_T597af05c2d59f811954122","f","f","n");
INSERT INTO student_test_permission VALUES("320","S_P598c242e180b5705170298","S_T597af05c2d59f811954122","f","f","n");
INSERT INTO student_test_permission VALUES("321","S_P598c243987b8e433883284","S_T597af05c2d59f811954122","f","f","n");
INSERT INTO student_test_permission VALUES("751","S_P59c4dd515ead57.32803551","S_T597af044ee34d167951217","f","f","n");
INSERT INTO student_test_permission VALUES("323","S_P598c244728e43061975405","S_T597af05c2d59f811954122","f","f","n");
INSERT INTO student_test_permission VALUES("832","S_P598c24546f359690386661","S_T597af3ae36af7858948972","f","f","n");
INSERT INTO student_test_permission VALUES("325","S_P5989810b0e703259233209","S_T597af044ee34d167951217","f","f","n");
INSERT INTO student_test_permission VALUES("326","S_P59880a053a423103438621","S_T597af1c98ad88346642175","f","f","n");
INSERT INTO student_test_permission VALUES("327","S_P598aaa1125a87003705928","S_T597af0f7e45a9535106369","f","f","n");
INSERT INTO student_test_permission VALUES("328","S_P59882dea40334091957110","S_T597af58514c7f614530255","f","f","n");
INSERT INTO student_test_permission VALUES("329","S_P59880f9c6f030011973151","S_T5984861392571493030674","f","f","n");
INSERT INTO student_test_permission VALUES("330","S_P5986c26d73134444221203","S_T59848cf456bee665180972","f","f","n");
INSERT INTO student_test_permission VALUES("831","S_P59d8aa6d9ecfb2.04376733","S_T597af7a537ec2446009353","f","f","n");
INSERT INTO student_test_permission VALUES("332","S_P59a11aaab115e8.02277346","S_T5985aaff404e7688541480","f","f","n");
INSERT INTO student_test_permission VALUES("333","S_P59895eb5f0961729354576","S_T59848b47abfbf109900696","f","f","n");
INSERT INTO student_test_permission VALUES("334","S_P59880a053a423103438621","S_T5984861392571493030674","f","f","n");
INSERT INTO student_test_permission VALUES("335","S_P59a50518090b05.55110060","S_T5984847974ba3368576118","f","f","n");
INSERT INTO student_test_permission VALUES("830","S_P59c64f321de116.06737442","S_T5984830dc63a9624010871","f","f","n");
INSERT INTO student_test_permission VALUES("337","S_P59a11aaab115e8.02277346","S_T5985ab09194f6422534754","f","f","n");
INSERT INTO student_test_permission VALUES("808","S_P59bfb87b04d3a5.24844351","S_T59848334a0e9f898309273","f","f","n");
INSERT INTO student_test_permission VALUES("829","S_P59895eb5f0961729354576","S_T5985ab09194f6422534754","f","f","n");
INSERT INTO student_test_permission VALUES("340","S_P598c24546f359690386661","S_T597af0f7e45a9535106369","f","f","n");
INSERT INTO student_test_permission VALUES("341","S_P5989578fa2c45588769643","S_T597af0f7e45a9535106369","f","f","n");
INSERT INTO student_test_permission VALUES("342","S_P5989631c5760a483387858","S_T597af3ae36af7858948972","f","f","n");
INSERT INTO student_test_permission VALUES("343","S_P5989810b0e703259233209","S_T597af05c2d59f811954122","f","f","n");
INSERT INTO student_test_permission VALUES("394","S_P599a9a60c86b08.18927637","S_T597af1e0ada7c458237043","f","f","n");
INSERT INTO student_test_permission VALUES("345","S_P59895eb5f0961729354576","S_T5985a91c73f7a387381879","f","f","n");
INSERT INTO student_test_permission VALUES("346","S_P59880a053a423103438621","S_T597af1e0ada7c458237043","f","f","n");
INSERT INTO student_test_permission VALUES("555","S_P5989578fa2c45588769643","S_T597af140772c7240779811","f","f","n");
INSERT INTO student_test_permission VALUES("348","S_P5988311f20c66273047287","S_T597af118ec5e9496652730","f","f","n");
INSERT INTO student_test_permission VALUES("411","S_P59ad2584d26bf2.47041974","S_T5974a89f0d366690049916","f","f","n");
INSERT INTO student_test_permission VALUES("391","S_P59b10be8152784.89668364","S_T5984847974ba3368576118","f","f","n");
INSERT INTO student_test_permission VALUES("351","S_P59ad209eb91406.58390098","S_T598482c3cad74080853104","f","f","n");
INSERT INTO student_test_permission VALUES("352","S_P59ad2584d26bf2.47041974","S_T5974a88b5fdbc928116956","f","f","n");
INSERT INTO student_test_permission VALUES("353","S_P59a50518090b05.55110060","S_T5974a88b5fdbc928116956","f","f","n");
INSERT INTO student_test_permission VALUES("354","S_P59ad2cfeae8e89.43854372","S_T597af350809a2630467285","f","f","n");
INSERT INTO student_test_permission VALUES("355","S_P599a9a60c86b08.18927637","S_T598486b8c5699511856798","f","f","n");
INSERT INTO student_test_permission VALUES("356","S_P5989810b0e703259233209","S_T598485f08b0d4851838470","f","f","n");
INSERT INTO student_test_permission VALUES("782","S_P598c2463efc0d589529535","S_T597af1c98ad88346642175","f","f","n");
INSERT INTO student_test_permission VALUES("358","S_P59882e8bc284f325289323","S_T597af392a9d60684202099","f","f","n");
INSERT INTO student_test_permission VALUES("455","S_P598c24546f359690386661","S_T597af140772c7240779811","f","f","n");
INSERT INTO student_test_permission VALUES("454","S_P598c243987b8e433883284","S_T597af0f7e45a9535106369","f","f","n");
INSERT INTO student_test_permission VALUES("453","S_P59ad2584d26bf2.47041974","S_T59848327a45c2166944909","f","f","n");
INSERT INTO student_test_permission VALUES("944","S_P59bf9642e22b09.26824372","S_T598487217197d359120789","f","f","n");
INSERT INTO student_test_permission VALUES("372","S_P59ae912f0a8dd7.11181369","S_T5984831b3d6c7457569875","f","f","n");
INSERT INTO student_test_permission VALUES("373","S_P598c2463efc0d589529535","S_T597af0f7e45a9535106369","f","f","n");
INSERT INTO student_test_permission VALUES("374","S_P59ae912f0a8dd7.11181369","S_T59848327a45c2166944909","f","f","n");
INSERT INTO student_test_permission VALUES("867","S_P59b3b0e50104d2.20980597","S_T59848e7c9e85e606471149","f","f","n");
INSERT INTO student_test_permission VALUES("376","S_P59ae912f0a8dd7.11181369","S_T597af140772c7240779811","f","f","n");
INSERT INTO student_test_permission VALUES("377","S_P5988311f20c66273047287","S_T597af140772c7240779811","f","f","n");
INSERT INTO student_test_permission VALUES("378","S_P59882e186be2e666125397","S_T597af118ec5e9496652730","f","f","n");
INSERT INTO student_test_permission VALUES("964","S_P5989810b0e703259233209","S_T597af1c98ad88346642175","f","f","n");
INSERT INTO student_test_permission VALUES("963","S_P59e4a9eb4e8fb9.33924896","S_T598482c3cad74080853104","f","f","n");
INSERT INTO student_test_permission VALUES("828","S_P59880a053a423103438621","S_T5985a85e0b254193617009","f","f","n");
INSERT INTO student_test_permission VALUES("382","S_P59ad209eb91406.58390098","S_T598482d2d9eb8134827782","f","f","n");
INSERT INTO student_test_permission VALUES("383","S_P59afc84c86aaa4.16197509","S_T5974a88b5fdbc928116956","f","f","n");
INSERT INTO student_test_permission VALUES("384","S_P59afc853ac0521.36502357","S_T5974a88b5fdbc928116956","f","f","n");
INSERT INTO student_test_permission VALUES("385","S_P599a9a60c86b08.18927637","S_T5985a86b314be565978240","f","f","n");
INSERT INTO student_test_permission VALUES("386","S_P598aaa1125a87003705928","S_T597af118ec5e9496652730","f","f","n");
INSERT INTO student_test_permission VALUES("827","S_P59d8a166081f10.99018260","S_T5985a8b3d82da036891904","f","f","n");
INSERT INTO student_test_permission VALUES("826","S_P59882e8bc284f325289323","S_T5985a86b314be565978240","f","f","n");
INSERT INTO student_test_permission VALUES("389","S_P59afc853ac0521.36502357","S_T59848327a45c2166944909","f","f","n");
INSERT INTO student_test_permission VALUES("390","S_P5989810b0e703259233209","S_T5984869e2a88d155421935","f","f","n");
INSERT INTO student_test_permission VALUES("399","S_P59ae912f0a8dd7.11181369","S_T59848334a0e9f898309273","f","f","n");
INSERT INTO student_test_permission VALUES("400","S_P59b13856879910.66456336","S_T5974a88b5fdbc928116956","f","f","n");
INSERT INTO student_test_permission VALUES("401","S_P59882e8bc284f325289323","S_T598486b8c5699511856798","f","f","n");
INSERT INTO student_test_permission VALUES("402","S_P598c2463efc0d589529535","S_T597af118ec5e9496652730","f","f","n");
INSERT INTO student_test_permission VALUES("403","S_P59895eb5f0961729354576","S_T5985a928f20db295395376","f","f","n");
INSERT INTO student_test_permission VALUES("409","S_P59ad209eb91406.58390098","S_T598482ddd1b86287199901","f","f","n");
INSERT INTO student_test_permission VALUES("410","S_P59b26476cbb1a8.63399219","S_T598484bdd39a6327809628","f","f","n");
INSERT INTO student_test_permission VALUES("962","S_P59d8aa6d9ecfb2.04376733","S_T597af7cb32b3c885077927","f","f","n");
INSERT INTO student_test_permission VALUES("419","S_P59a11aaab115e8.02277346","S_T5985ab277b4d5869622659","f","f","n");
INSERT INTO student_test_permission VALUES("420","S_P598aaa1125a87003705928","S_T59848ec17ad66405988234","f","f","n");
INSERT INTO student_test_permission VALUES("421","S_P59b3b0e50104d2.20980597","S_T59848cf456bee665180972","f","f","n");
INSERT INTO student_test_permission VALUES("452","S_P59ad2584d26bf2.47041974","S_T5984831b3d6c7457569875","f","f","n");
INSERT INTO student_test_permission VALUES("423","S_P59895eb5f0961729354576","S_T59848b9d2ffb1198022694","f","f","n");
INSERT INTO student_test_permission VALUES("424","S_P59880a053a423103438621","S_T5984869e2a88d155421935","f","f","n");
INSERT INTO student_test_permission VALUES("781","S_P59882e8bc284f325289323","S_T5985a85e0b254193617009","f","f","n");
INSERT INTO student_test_permission VALUES("426","S_P599d1c8fa545d3.53072101","S_T59848cf456bee665180972","f","f","n");
INSERT INTO student_test_permission VALUES("427","S_P598aaa1125a87003705928","S_T59848eb5a72b6914627066","f","f","n");
INSERT INTO student_test_permission VALUES("428","S_P59b3bb7bd68ee0.57518171","S_T5974a8b186ea1040365676","f","f","n");
INSERT INTO student_test_permission VALUES("429","S_P599a9a60c86b08.18927637","S_T597af350809a2630467285","f","f","n");
INSERT INTO student_test_permission VALUES("430","S_P59b3bb7bd68ee0.57518171","S_T5974ab95697f7767898025","f","f","n");
INSERT INTO student_test_permission VALUES("749","S_P59c64f321de116.06737442","S_T598482ddd1b86287199901","f","f","n");
INSERT INTO student_test_permission VALUES("432","S_P59895eb5f0961729354576","S_T5985a933c561d246603459","f","f","n");
INSERT INTO student_test_permission VALUES("912","S_P598aaa1125a87003705928","S_T5985a928f20db295395376","f","f","n");
INSERT INTO student_test_permission VALUES("824","S_P5988311f20c66273047287","S_T597af58514c7f614530255","f","f","n");
INSERT INTO student_test_permission VALUES("435","S_P599a9a60c86b08.18927637","S_T5984875a5ddc6750075915","f","f","n");
INSERT INTO student_test_permission VALUES("436","S_P599a9a60c86b08.18927637","S_T598487691244f251184095","f","f","n");
INSERT INTO student_test_permission VALUES("437","S_P59afc853ac0521.36502357","S_T598483986f127075693423","f","f","n");
INSERT INTO student_test_permission VALUES("438","S_P59a50518090b05.55110060","S_T598484bdd39a6327809628","f","f","n");
INSERT INTO student_test_permission VALUES("552","S_P59b8fa6d7c57c5.62001039","S_T598483986f127075693423","f","f","n");
INSERT INTO student_test_permission VALUES("440","S_P599d1c8fa545d3.53072101","S_T597afa68f36b5532061841","f","f","n");
INSERT INTO student_test_permission VALUES("780","S_P59882e8bc284f325289323","S_T598487766d60c135641776","f","f","n");
INSERT INTO student_test_permission VALUES("442","S_P59ae912f0a8dd7.11181369","S_T597af1c98ad88346642175","f","f","n");
INSERT INTO student_test_permission VALUES("443","S_P59882e186be2e666125397","S_T597af140772c7240779811","f","f","n");
INSERT INTO student_test_permission VALUES("444","S_P59ad2584d26bf2.47041974","S_T5974a8b186ea1040365676","f","f","n");
INSERT INTO student_test_permission VALUES("445","S_P59afc853ac0521.36502357","S_T5974a89f0d366690049916","f","f","n");
INSERT INTO student_test_permission VALUES("446","S_P59afc84c86aaa4.16197509","S_T5974a89f0d366690049916","f","f","n");
INSERT INTO student_test_permission VALUES("447","S_P5986c26d73134444221203","S_T59848e7c9e85e606471149","f","f","n");
INSERT INTO student_test_permission VALUES("448","S_P59a50518090b05.55110060","S_T5974a8b186ea1040365676","f","f","n");
INSERT INTO student_test_permission VALUES("449","S_P59880f46bba64320677510","S_T5984855708a5c201282800","f","f","n");
INSERT INTO student_test_permission VALUES("450","S_P59ae912f0a8dd7.11181369","S_T597af118ec5e9496652730","f","f","n");
INSERT INTO student_test_permission VALUES("451","S_P59a11aaab115e8.02277346","S_T5985ab3a65db2959758705","f","f","n");
INSERT INTO student_test_permission VALUES("456","S_P59b3bb7bd68ee0.57518171","S_T597af044ee34d167951217","f","f","n");
INSERT INTO student_test_permission VALUES("457","S_P5989631c5760a483387858","S_T597af3c0cbd92854436171","f","f","n");
INSERT INTO student_test_permission VALUES("458","S_P59ad2584d26bf2.47041974","S_T59848334a0e9f898309273","f","f","n");
INSERT INTO student_test_permission VALUES("459","S_P599a9a60c86b08.18927637","S_T597af392a9d60684202099","f","f","n");
INSERT INTO student_test_permission VALUES("460","S_P5989578fa2c45588769643","S_T597af118ec5e9496652730","f","f","n");
INSERT INTO student_test_permission VALUES("461","S_P59ae912f0a8dd7.11181369","S_T5984847974ba3368576118","f","f","n");
INSERT INTO student_test_permission VALUES("823","S_P59bf9642e22b09.26824372","S_T5984869e2a88d155421935","f","f","n");
INSERT INTO student_test_permission VALUES("779","S_P59ae912f0a8dd7.11181369","S_T5984869e2a88d155421935","f","f","n");
INSERT INTO student_test_permission VALUES("464","S_P59882e8bc284f325289323","S_T598487217197d359120789","f","f","n");
INSERT INTO student_test_permission VALUES("551","S_P59bf9642e22b09.26824372","S_T59848334a0e9f898309273","f","f","n");
INSERT INTO student_test_permission VALUES("466","S_P598c242e180b5705170298","S_T597af0f7e45a9535106369","f","f","n");
INSERT INTO student_test_permission VALUES("467","S_P598c244728e43061975405","S_T597af0f7e45a9535106369","f","f","n");
INSERT INTO student_test_permission VALUES("468","S_P59b13856879910.66456336","S_T5974a89f0d366690049916","f","f","n");
INSERT INTO student_test_permission VALUES("822","S_P59d4d50181c8c0.56226846","S_T598483986f127075693423","f","f","n");
INSERT INTO student_test_permission VALUES("470","S_P59ad209eb91406.58390098","S_T5984830dc63a9624010871","f","f","n");
INSERT INTO student_test_permission VALUES("471","S_P59b26476cbb1a8.63399219","S_T5984855708a5c201282800","f","f","n");
INSERT INTO student_test_permission VALUES("472","S_P599a9a60c86b08.18927637","S_T5985a8aa20cc6983328965","f","f","n");
INSERT INTO student_test_permission VALUES("905","S_P59b26476cbb1a8.63399219","S_T598487a5cfab9872005293","f","f","n");
INSERT INTO student_test_permission VALUES("474","S_P59afc853ac0521.36502357","S_T598483a388c05605524856","f","f","n");
INSERT INTO student_test_permission VALUES("961","S_P599a9a60c86b08.18927637","S_T597af7d512b3f735315651","f","f","n");
INSERT INTO student_test_permission VALUES("476","S_P59b8fa6d7c57c5.62001039","S_T598482c3cad74080853104","f","f","n");
INSERT INTO student_test_permission VALUES("477","S_P59880a053a423103438621","S_T597af350809a2630467285","f","f","n");
INSERT INTO student_test_permission VALUES("478","S_P598aaa1125a87003705928","S_T597af1c98ad88346642175","f","f","n");
INSERT INTO student_test_permission VALUES("479","S_P599d1c8fa545d3.53072101","S_T597afa7506da3809149255","f","f","n");
INSERT INTO student_test_permission VALUES("480","S_P59afc84c86aaa4.16197509","S_T5974a8b186ea1040365676","f","f","n");
INSERT INTO student_test_permission VALUES("481","S_P599a9a60c86b08.18927637","S_T598487766d60c135641776","f","f","n");
INSERT INTO student_test_permission VALUES("482","S_P59afc853ac0521.36502357","S_T5974a8b186ea1040365676","f","f","n");
INSERT INTO student_test_permission VALUES("483","S_P59ae912f0a8dd7.11181369","S_T597af1e0ada7c458237043","f","f","n");
INSERT INTO student_test_permission VALUES("484","S_P59ad209eb91406.58390098","S_T5984831b3d6c7457569875","f","f","n");
INSERT INTO student_test_permission VALUES("485","S_P59882e8bc284f325289323","S_T597af3c0cbd92854436171","f","f","n");
INSERT INTO student_test_permission VALUES("486","S_P5988311f20c66273047287","S_T597af1c98ad88346642175","f","f","n");
INSERT INTO student_test_permission VALUES("919","S_P59ae912f0a8dd7.11181369","S_T59848747e85d0347474156","f","f","n");
INSERT INTO student_test_permission VALUES("488","S_P599d1c8fa545d3.53072101","S_T5985a928f20db295395376","f","f","n");
INSERT INTO student_test_permission VALUES("489","S_P59ad2584d26bf2.47041974","S_T598483986f127075693423","f","f","n");
INSERT INTO student_test_permission VALUES("490","S_P59ad2584d26bf2.47041974","S_T598483a388c05605524856","f","f","n");
INSERT INTO student_test_permission VALUES("491","S_P59882dea40334091957110","S_T5984869e2a88d155421935","f","f","n");
INSERT INTO student_test_permission VALUES("492","S_P59a11aaab115e8.02277346","S_T5985ab44e6240834895417","f","f","n");
INSERT INTO student_test_permission VALUES("493","S_P598aaa1125a87003705928","S_T5985a8aa20cc6983328965","f","f","n");
INSERT INTO student_test_permission VALUES("494","S_P59b3b0e50104d2.20980597","S_T5985a83ae69d1355328733","f","f","n");
INSERT INTO student_test_permission VALUES("495","S_P598c243987b8e433883284","S_T597af118ec5e9496652730","f","f","n");
INSERT INTO student_test_permission VALUES("496","S_P59b3bb7bd68ee0.57518171","S_T597af05c2d59f811954122","f","f","n");
INSERT INTO student_test_permission VALUES("821","S_P59a50518090b05.55110060","S_T5984857943c95733721955","f","f","n");
INSERT INTO student_test_permission VALUES("498","S_P599a9a60c86b08.18927637","S_T597af3ae36af7858948972","f","f","n");
INSERT INTO student_test_permission VALUES("904","S_P59d8a166081f10.99018260","S_T597af796a1d3f969122831","f","f","n");
INSERT INTO student_test_permission VALUES("500","S_P598c244728e43061975405","S_T597af118ec5e9496652730","f","f","n");
INSERT INTO student_test_permission VALUES("501","S_P598c242e180b5705170298","S_T597af118ec5e9496652730","f","f","n");
INSERT INTO student_test_permission VALUES("502","S_P59895eb5f0961729354576","S_T5985a93f7420b047608793","f","f","n");
INSERT INTO student_test_permission VALUES("503","S_P59b13856879910.66456336","S_T5974a8b186ea1040365676","f","f","n");
INSERT INTO student_test_permission VALUES("778","S_P59c64f321de116.06737442","S_T598482ee90055815583343","f","f","n");
INSERT INTO student_test_permission VALUES("505","S_P59ad209eb91406.58390098","S_T59848327a45c2166944909","f","f","n");
INSERT INTO student_test_permission VALUES("506","S_P59880f9c6f030011973151","S_T5984869e2a88d155421935","f","f","n");
INSERT INTO student_test_permission VALUES("507","S_P59b26476cbb1a8.63399219","S_T5984857943c95733721955","f","f","n");
INSERT INTO student_test_permission VALUES("940","S_P599a9a60c86b08.18927637","S_T5984891ced86e161465937","f","f","n");
INSERT INTO student_test_permission VALUES("918","S_P59c64f321de116.06737442","S_T59848334a0e9f898309273","f","f","n");
INSERT INTO student_test_permission VALUES("510","S_P59b8fa6d7c57c5.62001039","S_T598482d2d9eb8134827782","f","f","n");
INSERT INTO student_test_permission VALUES("511","S_P599d1c8fa545d3.53072101","S_T597afa889cb64710056525","f","f","n");
INSERT INTO student_test_permission VALUES("549","S_P59bfc445634852.54225428","S_T598482c3cad74080853104","f","f","n");
INSERT INTO student_test_permission VALUES("960","S_P598c243987b8e433883284","S_T597af58514c7f614530255","f","f","n");
INSERT INTO student_test_permission VALUES("514","S_P5988311f20c66273047287","S_T597af1e0ada7c458237043","f","f","n");
INSERT INTO student_test_permission VALUES("515","S_P59b8fa6d7c57c5.62001039","S_T598482ddd1b86287199901","f","f","n");
INSERT INTO student_test_permission VALUES("959","S_P59d8aa6d9ecfb2.04376733","S_T597af7bc1d2a0964449593","f","f","n");
INSERT INTO student_test_permission VALUES("517","S_P59a11aaab115e8.02277346","S_T5985ab514dd0a473448659","f","f","n");
INSERT INTO student_test_permission VALUES("518","S_P59b10be8152784.89668364","S_T598484bdd39a6327809628","f","f","n");
INSERT INTO student_test_permission VALUES("519","S_P59882dea40334091957110","S_T5985a86b314be565978240","f","f","n");
INSERT INTO student_test_permission VALUES("520","S_P59b3bb7bd68ee0.57518171","S_T597af0f7e45a9535106369","f","f","n");
INSERT INTO student_test_permission VALUES("521","S_P599a9a60c86b08.18927637","S_T597af3c0cbd92854436171","f","f","n");
INSERT INTO student_test_permission VALUES("958","S_P598aaa1125a87003705928","S_T5985a933c561d246603459","f","f","n");
INSERT INTO student_test_permission VALUES("554","S_P598aaa1125a87003705928","S_T59848efb56812805853705","f","f","n");
INSERT INTO student_test_permission VALUES("524","S_P59880a053a423103438621","S_T5985a83ae69d1355328733","f","f","n");
INSERT INTO student_test_permission VALUES("525","S_P59895eb5f0961729354576","S_T5985a97d195cd082443710","f","f","n");
INSERT INTO student_test_permission VALUES("526","S_P599d1c8fa545d3.53072101","S_T597afa9e9267b324034914","f","f","n");
INSERT INTO student_test_permission VALUES("527","S_P598aaa1125a87003705928","S_T597af1e0ada7c458237043","f","f","n");
INSERT INTO student_test_permission VALUES("818","S_P59ae912f0a8dd7.11181369","S_T597af58514c7f614530255","f","f","n");
INSERT INTO student_test_permission VALUES("529","S_P599a9a60c86b08.18927637","S_T59848784927a5760622963","f","f","n");
INSERT INTO student_test_permission VALUES("530","S_P5986c26d73134444221203","S_T59848eb5a72b6914627066","f","f","n");
INSERT INTO student_test_permission VALUES("531","S_P59880f46bba64320677510","S_T59848327a45c2166944909","f","f","n");
INSERT INTO student_test_permission VALUES("532","S_P59bf9642e22b09.26824372","S_T5984831b3d6c7457569875","f","f","n");
INSERT INTO student_test_permission VALUES("903","S_P59882e186be2e666125397","S_T597af392a9d60684202099","f","f","n");
INSERT INTO student_test_permission VALUES("917","S_P5989578fa2c45588769643","S_T597af3ae36af7858948972","f","f","n");
INSERT INTO student_test_permission VALUES("535","S_P59b8fa6d7c57c5.62001039","S_T598482ee90055815583343","f","f","n");
INSERT INTO student_test_permission VALUES("536","S_P5989810b0e703259233209","S_T598486b8c5699511856798","f","f","n");
INSERT INTO student_test_permission VALUES("537","S_P59afc84c86aaa4.16197509","S_T5974ab95697f7767898025","f","f","n");
INSERT INTO student_test_permission VALUES("538","S_P59ad2cfeae8e89.43854372","S_T597af392a9d60684202099","f","f","n");
INSERT INTO student_test_permission VALUES("539","S_P59880f9c6f030011973151","S_T598486b8c5699511856798","f","f","n");
INSERT INTO student_test_permission VALUES("540","S_P59afc853ac0521.36502357","S_T5974ab95697f7767898025","f","f","n");
INSERT INTO student_test_permission VALUES("541","S_P59bf9d97ace008.97691695","S_T5974a88b5fdbc928116956","f","f","n");
INSERT INTO student_test_permission VALUES("542","S_P59ad2584d26bf2.47041974","S_T5974ab95697f7767898025","f","f","n");
INSERT INTO student_test_permission VALUES("543","S_P59ad209eb91406.58390098","S_T59848334a0e9f898309273","f","f","n");
INSERT INTO student_test_permission VALUES("544","S_P59a50518090b05.55110060","S_T5974ab95697f7767898025","f","f","n");
INSERT INTO student_test_permission VALUES("957","S_P598c24546f359690386661","S_T597af5911ee71174454085","f","f","n");
INSERT INTO student_test_permission VALUES("546","S_P59bfb87b04d3a5.24844351","S_T598482c3cad74080853104","f","f","n");
INSERT INTO student_test_permission VALUES("547","S_P59bfbed5771fc2.61676051","S_T598483021c5af119272192","f","f","n");
INSERT INTO student_test_permission VALUES("548","S_P59bf9642e22b09.26824372","S_T59848327a45c2166944909","f","f","n");
INSERT INTO student_test_permission VALUES("562","S_P59b3bb7bd68ee0.57518171","S_T597af118ec5e9496652730","f","f","n");
INSERT INTO student_test_permission VALUES("563","S_P59882e8bc284f325289323","S_T5985a83ae69d1355328733","f","f","n");
INSERT INTO student_test_permission VALUES("564","S_P59895eb5f0961729354576","S_T59848bd519cb5713753008","f","f","n");
INSERT INTO student_test_permission VALUES("565","S_P59bfb87b04d3a5.24844351","S_T598482d2d9eb8134827782","f","f","n");
INSERT INTO student_test_permission VALUES("566","S_P59882dea40334091957110","S_T597af5911ee71174454085","f","f","n");
INSERT INTO student_test_permission VALUES("567","S_P59bf9d97ace008.97691695","S_T5974a89f0d366690049916","f","f","n");
INSERT INTO student_test_permission VALUES("777","S_P59b3bb7bd68ee0.57518171","S_T597af1e0ada7c458237043","f","f","n");
INSERT INTO student_test_permission VALUES("569","S_P59882e8bc284f325289323","S_T597af58514c7f614530255","f","f","n");
INSERT INTO student_test_permission VALUES("570","S_P59a50518090b05.55110060","S_T597af044ee34d167951217","f","f","n");
INSERT INTO student_test_permission VALUES("571","S_P59ad2584d26bf2.47041974","S_T597af044ee34d167951217","f","f","n");
INSERT INTO student_test_permission VALUES("572","S_P59ad2cfeae8e89.43854372","S_T597af3ae36af7858948972","f","f","n");
INSERT INTO student_test_permission VALUES("573","S_P59afc84c86aaa4.16197509","S_T597af044ee34d167951217","f","f","n");
INSERT INTO student_test_permission VALUES("574","S_P59afc853ac0521.36502357","S_T597af044ee34d167951217","f","f","n");
INSERT INTO student_test_permission VALUES("575","S_P59bfb87b04d3a5.24844351","S_T598482ddd1b86287199901","f","f","n");
INSERT INTO student_test_permission VALUES("576","S_P59c23880ee0221.24095751","S_T598482c3cad74080853104","f","f","n");
INSERT INTO student_test_permission VALUES("787","S_P59c0fd9db641f7.39181901","S_T597af58514c7f614530255","f","f","n");
INSERT INTO student_test_permission VALUES("578","S_P59bfbed5771fc2.61676051","S_T5984830dc63a9624010871","f","f","n");
INSERT INTO student_test_permission VALUES("579","S_P59c238ee4aef01.85983214","S_T598483021c5af119272192","f","f","n");
INSERT INTO student_test_permission VALUES("580","S_P59c238ee4aef01.85983214","S_T5984830dc63a9624010871","f","f","n");
INSERT INTO student_test_permission VALUES("817","S_P59d75dd2555260.64060253","S_T598482ddd1b86287199901","f","f","n");
INSERT INTO student_test_permission VALUES("582","S_P59ad209eb91406.58390098","S_T598483986f127075693423","f","f","n");
INSERT INTO student_test_permission VALUES("986","S_P59e6fcc1c978f2.77611669","S_T597af58514c7f614530255","f","f","n");
INSERT INTO student_test_permission VALUES("584","S_P59880a053a423103438621","S_T597af392a9d60684202099","f","f","n");
INSERT INTO student_test_permission VALUES("585","S_P59bf9642e22b09.26824372","S_T598483986f127075693423","f","f","n");
INSERT INTO student_test_permission VALUES("586","S_P59c23880ee0221.24095751","S_T5984831b3d6c7457569875","f","f","n");
INSERT INTO student_test_permission VALUES("587","S_P59c238ee4aef01.85983214","S_T5984831b3d6c7457569875","f","f","n");
INSERT INTO student_test_permission VALUES("916","S_P598c24546f359690386661","S_T597af58514c7f614530255","f","f","n");
INSERT INTO student_test_permission VALUES("589","S_P59bf9642e22b09.26824372","S_T598483a388c05605524856","f","f","n");
INSERT INTO student_test_permission VALUES("590","S_P59b8fa6d7c57c5.62001039","S_T598483a388c05605524856","f","f","n");
INSERT INTO student_test_permission VALUES("591","S_P59ad2584d26bf2.47041974","S_T5984847974ba3368576118","f","f","n");
INSERT INTO student_test_permission VALUES("592","S_P59a11aaab115e8.02277346","S_T5985aba3a7334296163868","f","f","n");
INSERT INTO student_test_permission VALUES("593","S_P599d1c8fa545d3.53072101","S_T5985a933c561d246603459","f","f","n");
INSERT INTO student_test_permission VALUES("594","S_P59b3b0e50104d2.20980597","S_T5985a84f1181c873057155","f","f","n");
INSERT INTO student_test_permission VALUES("595","S_P598aaa1125a87003705928","S_T5985a8b3d82da036891904","f","f","n");
INSERT INTO student_test_permission VALUES("596","S_P5989631c5760a483387858","S_T597af58514c7f614530255","f","f","n");
INSERT INTO student_test_permission VALUES("597","S_P599a9a60c86b08.18927637","S_T597af5911ee71174454085","f","f","n");
INSERT INTO student_test_permission VALUES("598","S_P598c244728e43061975405","S_T597af140772c7240779811","f","f","n");
INSERT INTO student_test_permission VALUES("599","S_P598c242e180b5705170298","S_T597af140772c7240779811","f","f","n");
INSERT INTO student_test_permission VALUES("600","S_P59b13856879910.66456336","S_T5974ab95697f7767898025","f","f","n");
INSERT INTO student_test_permission VALUES("601","S_P5989810b0e703259233209","S_T597af0f7e45a9535106369","f","f","n");
INSERT INTO student_test_permission VALUES("602","S_P598c24546f359690386661","S_T597af1c98ad88346642175","f","f","n");
INSERT INTO student_test_permission VALUES("603","S_P59bfb87b04d3a5.24844351","S_T598482ee90055815583343","f","f","n");
INSERT INTO student_test_permission VALUES("604","S_P59882e8bc284f325289323","S_T59848747e85d0347474156","f","f","n");
INSERT INTO student_test_permission VALUES("605","S_P59bf9d97ace008.97691695","S_T5974a8b186ea1040365676","f","f","n");
INSERT INTO student_test_permission VALUES("606","S_P598aaa1125a87003705928","S_T597af350809a2630467285","f","f","n");
INSERT INTO student_test_permission VALUES("955","S_P59880a053a423103438621","S_T59848784927a5760622963","f","f","n");
INSERT INTO student_test_permission VALUES("816","S_P59afc853ac0521.36502357","S_T597af0f7e45a9535106369","f","f","n");
INSERT INTO student_test_permission VALUES("609","S_P59b26476cbb1a8.63399219","S_T5984869e2a88d155421935","f","f","n");
INSERT INTO student_test_permission VALUES("610","S_P599a9a60c86b08.18927637","S_T5984879356f9a574413827","f","f","n");
INSERT INTO student_test_permission VALUES("611","S_P599a9a60c86b08.18927637","S_T598487a5cfab9872005293","f","f","n");
INSERT INTO student_test_permission VALUES("612","S_P5986c26d73134444221203","S_T59848ec17ad66405988234","f","f","n");
INSERT INTO student_test_permission VALUES("613","S_P59b8fa6d7c57c5.62001039","S_T5984830dc63a9624010871","f","f","n");
INSERT INTO student_test_permission VALUES("614","S_P59c4dd515ead57.32803551","S_T5974a88b5fdbc928116956","f","f","n");
INSERT INTO student_test_permission VALUES("615","S_P59ad2cfeae8e89.43854372","S_T597af3c0cbd92854436171","f","f","n");
INSERT INTO student_test_permission VALUES("616","S_P59bfbed5771fc2.61676051","S_T5984831b3d6c7457569875","f","f","n");
INSERT INTO student_test_permission VALUES("786","S_P599d1c8fa545d3.53072101","S_T597afc6f75aa6219099524","f","f","n");
INSERT INTO student_test_permission VALUES("618","S_P59bfc445634852.54225428","S_T598482d2d9eb8134827782","f","f","n");
INSERT INTO student_test_permission VALUES("619","S_P59bfb87b04d3a5.24844351","S_T598483021c5af119272192","f","f","n");
INSERT INTO student_test_permission VALUES("620","S_P59c238ee4aef01.85983214","S_T59848327a45c2166944909","f","f","n");
INSERT INTO student_test_permission VALUES("621","S_P59c23880ee0221.24095751","S_T598482d2d9eb8134827782","f","f","n");
INSERT INTO student_test_permission VALUES("622","S_P59ad209eb91406.58390098","S_T598483a388c05605524856","f","f","n");
INSERT INTO student_test_permission VALUES("623","S_P59ae912f0a8dd7.11181369","S_T597af350809a2630467285","f","f","n");
INSERT INTO student_test_permission VALUES("624","S_P5988311f20c66273047287","S_T597af350809a2630467285","f","f","n");
INSERT INTO student_test_permission VALUES("625","S_P59c0fd9db641f7.39181901","S_T597af3ae36af7858948972","f","f","n");
INSERT INTO student_test_permission VALUES("626","S_P59882e8bc284f325289323","S_T597af5911ee71174454085","f","f","n");
INSERT INTO student_test_permission VALUES("627","S_P59882e186be2e666125397","S_T597af1c98ad88346642175","f","f","n");
INSERT INTO student_test_permission VALUES("628","S_P59b8fa6d7c57c5.62001039","S_T5984831b3d6c7457569875","f","f","n");
INSERT INTO student_test_permission VALUES("629","S_P59b8fa6d7c57c5.62001039","S_T59848327a45c2166944909","f","f","n");
INSERT INTO student_test_permission VALUES("630","S_P598aaa1125a87003705928","S_T59848f0bc1ddb547754568","f","f","n");
INSERT INTO student_test_permission VALUES("631","S_P59b3bb7bd68ee0.57518171","S_T597af140772c7240779811","f","f","n");
INSERT INTO student_test_permission VALUES("815","S_P59882e186be2e666125397","S_T597af350809a2630467285","f","f","n");
INSERT INTO student_test_permission VALUES("633","S_P59c0fd9db641f7.39181901","S_T598486b8c5699511856798","f","f","n");
INSERT INTO student_test_permission VALUES("776","S_P599a9a60c86b08.18927637","S_T597af747b40c1090888003","f","f","n");
INSERT INTO student_test_permission VALUES("635","S_P598c24546f359690386661","S_T597af1e0ada7c458237043","f","f","n");
INSERT INTO student_test_permission VALUES("721","S_P59c4dd515ead57.32803551","S_T5974ab95697f7767898025","f","f","n");
INSERT INTO student_test_permission VALUES("637","S_P59c64f321de116.06737442","S_T598482ad5d265873736405","f","f","n");
INSERT INTO student_test_permission VALUES("638","S_P59c64f321de116.06737442","S_T598482c3cad74080853104","f","f","n");
INSERT INTO student_test_permission VALUES("639","S_P59b13856879910.66456336","S_T597af044ee34d167951217","f","f","n");
INSERT INTO student_test_permission VALUES("640","S_P599d1c8fa545d3.53072101","S_T597afb489626e685779222","f","f","n");
INSERT INTO student_test_permission VALUES("641","S_P59880a053a423103438621","S_T597af3ae36af7858948972","f","f","n");
INSERT INTO student_test_permission VALUES("642","S_P59c4dd515ead57.32803551","S_T5974a89f0d366690049916","f","f","n");
INSERT INTO student_test_permission VALUES("643","S_P59882dea40334091957110","S_T597af62c57e71857027062","f","f","n");
INSERT INTO student_test_permission VALUES("644","S_P59bf9d97ace008.97691695","S_T5974ab95697f7767898025","f","f","n");
INSERT INTO student_test_permission VALUES("645","S_P59c0fd9db641f7.39181901","S_T597af3c0cbd92854436171","f","f","n");
INSERT INTO student_test_permission VALUES("775","S_P599d1c8fa545d3.53072101","S_T59848e7c9e85e606471149","f","f","n");
INSERT INTO student_test_permission VALUES("647","S_P5986c26d73134444221203","S_T59848efb56812805853705","f","f","n");
INSERT INTO student_test_permission VALUES("648","S_P5986c26d73134444221203","S_T59848f0bc1ddb547754568","f","f","n");
INSERT INTO student_test_permission VALUES("649","S_P59b8fa6d7c57c5.62001039","S_T59848334a0e9f898309273","f","f","n");
INSERT INTO student_test_permission VALUES("650","S_P59bf9642e22b09.26824372","S_T5984847974ba3368576118","f","f","n");
INSERT INTO student_test_permission VALUES("651","S_P59b26476cbb1a8.63399219","S_T598486b8c5699511856798","f","f","n");
INSERT INTO student_test_permission VALUES("652","S_P59ad2584d26bf2.47041974","S_T597af05c2d59f811954122","f","f","n");
INSERT INTO student_test_permission VALUES("653","S_P598aaa1125a87003705928","S_T597af392a9d60684202099","f","f","n");
INSERT INTO student_test_permission VALUES("654","S_P59afc84c86aaa4.16197509","S_T597af05c2d59f811954122","f","f","n");
INSERT INTO student_test_permission VALUES("655","S_P59bfb87b04d3a5.24844351","S_T5984830dc63a9624010871","f","f","n");
INSERT INTO student_test_permission VALUES("656","S_P59ae912f0a8dd7.11181369","S_T597af392a9d60684202099","f","f","n");
INSERT INTO student_test_permission VALUES("657","S_P59bfbed5771fc2.61676051","S_T59848327a45c2166944909","f","f","n");
INSERT INTO student_test_permission VALUES("785","S_P59c4dd515ead57.32803551","S_T597af05c2d59f811954122","f","f","n");
INSERT INTO student_test_permission VALUES("659","S_P59c238ee4aef01.85983214","S_T59848334a0e9f898309273","f","f","n");
INSERT INTO student_test_permission VALUES("660","S_P59c23880ee0221.24095751","S_T598482ddd1b86287199901","f","f","n");
INSERT INTO student_test_permission VALUES("661","S_P5988311f20c66273047287","S_T597af392a9d60684202099","f","f","n");
INSERT INTO student_test_permission VALUES("662","S_P59bfbed5771fc2.61676051","S_T59848334a0e9f898309273","f","f","n");
INSERT INTO student_test_permission VALUES("663","S_P59ad2584d26bf2.47041974","S_T598484bdd39a6327809628","f","f","n");
INSERT INTO student_test_permission VALUES("664","S_P598aaa1125a87003705928","S_T59848f15c520b337852345","f","f","n");
INSERT INTO student_test_permission VALUES("665","S_P598c243987b8e433883284","S_T597af1c98ad88346642175","f","f","n");
INSERT INTO student_test_permission VALUES("666","S_P599a9a60c86b08.18927637","S_T597af62c57e71857027062","f","f","n");
INSERT INTO student_test_permission VALUES("667","S_P59895eb5f0961729354576","S_T59848bdf91713445647242","f","f","n");
INSERT INTO student_test_permission VALUES("720","S_P59880a053a423103438621","S_T597af3c0cbd92854436171","f","f","n");
INSERT INTO student_test_permission VALUES("669","S_P5989810b0e703259233209","S_T597af118ec5e9496652730","f","f","n");
INSERT INTO student_test_permission VALUES("774","S_P59ad2584d26bf2.47041974","S_T5984857943c95733721955","f","f","n");
INSERT INTO student_test_permission VALUES("671","S_P59b13856879910.66456336","S_T597af05c2d59f811954122","f","f","n");
INSERT INTO student_test_permission VALUES("672","S_P59ae912f0a8dd7.11181369","S_T5984857943c95733721955","f","f","n");
INSERT INTO student_test_permission VALUES("673","S_P59895eb5f0961729354576","S_T59848c02a65f3201132252","f","f","n");
INSERT INTO student_test_permission VALUES("674","S_P59ae912f0a8dd7.11181369","S_T5984855708a5c201282800","f","f","n");
INSERT INTO student_test_permission VALUES("954","S_P59ae912f0a8dd7.11181369","S_T598487691244f251184095","f","f","n");
INSERT INTO student_test_permission VALUES("953","S_P59895eb5f0961729354576","S_T59848c3d28fcf508200874","f","f","n");
INSERT INTO student_test_permission VALUES("952","S_P59b10be8152784.89668364","S_T598486b8c5699511856798","f","f","n");
INSERT INTO student_test_permission VALUES("678","S_P59c4dd515ead57.32803551","S_T5974a8b186ea1040365676","f","f","n");
INSERT INTO student_test_permission VALUES("679","S_P59bf9d97ace008.97691695","S_T597af044ee34d167951217","f","f","n");
INSERT INTO student_test_permission VALUES("680","S_P598aaa1125a87003705928","S_T597af3ae36af7858948972","f","f","n");
INSERT INTO student_test_permission VALUES("681","S_P59880f46bba64320677510","S_T5984857943c95733721955","f","f","n");
INSERT INTO student_test_permission VALUES("902","S_P59882e8bc284f325289323","S_T597af796a1d3f969122831","f","f","n");
INSERT INTO student_test_permission VALUES("923","S_P59dcba2c64ec91.89437901","S_T5974a8b186ea1040365676","f","f","n");
INSERT INTO student_test_permission VALUES("684","S_P59afc853ac0521.36502357","S_T5984847974ba3368576118","f","f","n");
INSERT INTO student_test_permission VALUES("685","S_P59bf9642e22b09.26824372","S_T598484bdd39a6327809628","f","f","n");
INSERT INTO student_test_permission VALUES("686","S_P59ae912f0a8dd7.11181369","S_T597af3ae36af7858948972","f","f","n");
INSERT INTO student_test_permission VALUES("771","S_P59a50518090b05.55110060","S_T5984855708a5c201282800","f","f","n");
INSERT INTO student_test_permission VALUES("688","S_P59880f9c6f030011973151","S_T5985a85e0b254193617009","f","f","n");
INSERT INTO student_test_permission VALUES("689","S_P599a9a60c86b08.18927637","S_T5985a8b3d82da036891904","f","f","n");
INSERT INTO student_test_permission VALUES("690","S_P599a9a60c86b08.18927637","S_T5974a88b5fdbc928116956","f","f","n");
INSERT INTO student_test_permission VALUES("691","S_P59a11aaab115e8.02277346","S_T5985a83ae69d1355328733","f","f","n");
INSERT INTO student_test_permission VALUES("692","S_P59afc853ac0521.36502357","S_T597af05c2d59f811954122","f","f","n");
INSERT INTO student_test_permission VALUES("693","S_P59ad2cfeae8e89.43854372","S_T597af58514c7f614530255","f","f","n");
INSERT INTO student_test_permission VALUES("694","S_P59882e186be2e666125397","S_T597af1e0ada7c458237043","f","f","n");
INSERT INTO student_test_permission VALUES("695","S_P59ae912f0a8dd7.11181369","S_T597af3c0cbd92854436171","f","f","n");
INSERT INTO student_test_permission VALUES("696","S_P59b26476cbb1a8.63399219","S_T598487217197d359120789","f","f","n");
INSERT INTO student_test_permission VALUES("951","S_P599d1c8fa545d3.53072101","S_T59848eb5a72b6914627066","f","f","n");
INSERT INTO student_test_permission VALUES("698","S_P59c23880ee0221.24095751","S_T598482ee90055815583343","f","f","n");
INSERT INTO student_test_permission VALUES("699","S_P59c238ee4aef01.85983214","S_T598483986f127075693423","f","f","n");
INSERT INTO student_test_permission VALUES("784","S_P598aaa1125a87003705928","S_T597af3c0cbd92854436171","f","f","n");
INSERT INTO student_test_permission VALUES("701","S_P5989810b0e703259233209","S_T598487217197d359120789","f","f","n");
INSERT INTO student_test_permission VALUES("901","S_P599d1c8fa545d3.53072101","S_T597afd049ff74048005042","f","f","n");
INSERT INTO student_test_permission VALUES("703","S_P59b3b0e50104d2.20980597","S_T5985a85e0b254193617009","f","f","n");
INSERT INTO student_test_permission VALUES("704","S_P599d1c8fa545d3.53072101","S_T5985a93f7420b047608793","f","f","n");
INSERT INTO student_test_permission VALUES("773","S_P59b10be8152784.89668364","S_T5984857943c95733721955","f","f","n");
INSERT INTO student_test_permission VALUES("706","S_P59882e8bc284f325289323","S_T5984875a5ddc6750075915","f","f","n");
INSERT INTO student_test_permission VALUES("707","S_P59880a053a423103438621","S_T598487217197d359120789","f","f","n");
INSERT INTO student_test_permission VALUES("709","S_P59b3bb7bd68ee0.57518171","S_T597af1c98ad88346642175","f","f","n");
INSERT INTO student_test_permission VALUES("710","S_P5989578fa2c45588769643","S_T597af1c98ad88346642175","f","f","n");
INSERT INTO student_test_permission VALUES("711","S_P598c24546f359690386661","S_T597af350809a2630467285","f","f","n");
INSERT INTO student_test_permission VALUES("712","S_P598c24546f359690386661","S_T597af747b40c1090888003","f","f","n");
INSERT INTO student_test_permission VALUES("812","S_P59880f46bba64320677510","S_T598485fd45da3513853162","f","f","n");
INSERT INTO student_test_permission VALUES("813","S_P59bf9d97ace008.97691695","S_T597af0f7e45a9535106369","f","f","n");
INSERT INTO student_test_permission VALUES("715","S_P59c64f321de116.06737442","S_T598482d2d9eb8134827782","f","f","n");
INSERT INTO student_test_permission VALUES("716","S_P59bfb87b04d3a5.24844351","S_T5984831b3d6c7457569875","f","f","n");
INSERT INTO student_test_permission VALUES("717","S_P598c244728e43061975405","S_T597af1c98ad88346642175","f","f","n");
INSERT INTO student_test_permission VALUES("718","S_P598c242e180b5705170298","S_T597af1c98ad88346642175","f","f","n");
INSERT INTO student_test_permission VALUES("719","S_P59895eb5f0961729354576","S_T5985aaf475b2c152217261","f","f","n");
INSERT INTO student_test_permission VALUES("722","S_P5988311f20c66273047287","S_T597af3ae36af7858948972","f","f","n");
INSERT INTO student_test_permission VALUES("811","S_P59b26476cbb1a8.63399219","S_T598487766d60c135641776","f","f","n");
INSERT INTO student_test_permission VALUES("724","S_P59b26476cbb1a8.63399219","S_T59848747e85d0347474156","f","f","n");
INSERT INTO student_test_permission VALUES("914","S_P599a9a60c86b08.18927637","S_T597af7cb32b3c885077927","f","f","n");
INSERT INTO student_test_permission VALUES("900","S_P59c4dd515ead57.32803551","S_T597af140772c7240779811","f","f","n");
INSERT INTO student_test_permission VALUES("770","S_P59c238ee4aef01.85983214","S_T598483add6c0f129466897","f","f","n");
INSERT INTO student_test_permission VALUES("728","S_P59afc84c86aaa4.16197509","S_T597af0f7e45a9535106369","f","f","n");
INSERT INTO student_test_permission VALUES("729","S_P59ad2584d26bf2.47041974","S_T597af0f7e45a9535106369","f","f","n");
INSERT INTO student_test_permission VALUES("730","S_P5986c26d73134444221203","S_T598486b8c5699511856798","f","f","n");
INSERT INTO student_test_permission VALUES("731","S_P59bfbed5771fc2.61676051","S_T598483986f127075693423","f","f","n");
INSERT INTO student_test_permission VALUES("810","S_P59895eb5f0961729354576","S_T5985aaff404e7688541480","f","f","n");
INSERT INTO student_test_permission VALUES("733","S_P59c238ee4aef01.85983214","S_T598483a388c05605524856","f","f","n");
INSERT INTO student_test_permission VALUES("734","S_P59bf9642e22b09.26824372","S_T5984855708a5c201282800","f","f","n");
INSERT INTO student_test_permission VALUES("735","S_P59bfc445634852.54225428","S_T598482ddd1b86287199901","f","f","n");
INSERT INTO student_test_permission VALUES("736","S_P59c23880ee0221.24095751","S_T598483021c5af119272192","f","f","n");
INSERT INTO student_test_permission VALUES("913","S_P59b3bb7bd68ee0.57518171","S_T597af3c0cbd92854436171","f","f","n");
INSERT INTO student_test_permission VALUES("738","S_P59bf9642e22b09.26824372","S_T5984857943c95733721955","f","f","n");
INSERT INTO student_test_permission VALUES("739","S_P59ad2584d26bf2.47041974","S_T5984855708a5c201282800","f","f","n");
INSERT INTO student_test_permission VALUES("740","S_P59882dea40334091957110","S_T598486b8c5699511856798","f","f","n");
INSERT INTO student_test_permission VALUES("741","S_P59c0fd9db641f7.39181901","S_T598487217197d359120789","f","f","n");
INSERT INTO student_test_permission VALUES("911","S_P59ad2584d26bf2.47041974","S_T5984869e2a88d155421935","f","f","n");
INSERT INTO student_test_permission VALUES("743","S_P59880a053a423103438621","S_T59848747e85d0347474156","f","f","n");
INSERT INTO student_test_permission VALUES("744","S_P599a9a60c86b08.18927637","S_T597af73890237310164005","f","f","n");
INSERT INTO student_test_permission VALUES("745","S_P598c243987b8e433883284","S_T597af1e0ada7c458237043","f","f","n");
INSERT INTO student_test_permission VALUES("746","S_P5989631c5760a483387858","S_T597af5911ee71174454085","f","f","n");
INSERT INTO student_test_permission VALUES("747","S_P5989578fa2c45588769643","S_T597af1e0ada7c458237043","f","f","n");
INSERT INTO student_test_permission VALUES("748","S_P59b10be8152784.89668364","S_T5984855708a5c201282800","f","f","n");
INSERT INTO student_test_permission VALUES("801","S_P59ae912f0a8dd7.11181369","S_T598486b8c5699511856798","f","f","n");
INSERT INTO student_test_permission VALUES("802","S_P598c243987b8e433883284","S_T597af350809a2630467285","f","f","n");
INSERT INTO student_test_permission VALUES("803","S_P59b3bb7bd68ee0.57518171","S_T597af350809a2630467285","f","f","n");
INSERT INTO student_test_permission VALUES("804","S_P599a9a60c86b08.18927637","S_T597af7a537ec2446009353","f","f","n");
INSERT INTO student_test_permission VALUES("805","S_P5989578fa2c45588769643","S_T597af350809a2630467285","f","f","n");
INSERT INTO student_test_permission VALUES("806","S_P59b13856879910.66456336","S_T597af0f7e45a9535106369","f","f","n");
INSERT INTO student_test_permission VALUES("807","S_P5989810b0e703259233209","S_T597af140772c7240779811","f","f","n");
INSERT INTO student_test_permission VALUES("869","S_P59bf9d97ace008.97691695","S_T597af140772c7240779811","f","f","n");
INSERT INTO student_test_permission VALUES("870","S_P598aaa1125a87003705928","S_T597af58514c7f614530255","f","f","n");
INSERT INTO student_test_permission VALUES("871","S_P599d1c8fa545d3.53072101","S_T597afcf5ed461537093719","f","f","n");
INSERT INTO student_test_permission VALUES("872","S_P59c4dd515ead57.32803551","S_T597af118ec5e9496652730","f","f","n");
INSERT INTO student_test_permission VALUES("873","S_P59880a053a423103438621","S_T597af5911ee71174454085","f","f","n");
INSERT INTO student_test_permission VALUES("874","S_P59d8a166081f10.99018260","S_T597af747b40c1090888003","f","f","n");
INSERT INTO student_test_permission VALUES("875","S_P5988311f20c66273047287","S_T597af5911ee71174454085","f","f","n");
INSERT INTO student_test_permission VALUES("876","S_P59c0fd9db641f7.39181901","S_T597af5911ee71174454085","f","f","n");
INSERT INTO student_test_permission VALUES("877","S_P59882e8bc284f325289323","S_T597af747b40c1090888003","f","f","n");
INSERT INTO student_test_permission VALUES("878","S_P59880f46bba64320677510","S_T5984861392571493030674","f","f","n");
INSERT INTO student_test_permission VALUES("879","S_P59b26476cbb1a8.63399219","S_T5984879356f9a574413827","f","f","n");
INSERT INTO student_test_permission VALUES("880","S_P59880f9c6f030011973151","S_T5985a86b314be565978240","f","f","n");
INSERT INTO student_test_permission VALUES("881","S_P599a9a60c86b08.18927637","S_T5985a910c43bf570235999","f","f","n");
INSERT INTO student_test_permission VALUES("899","S_P598aaa1125a87003705928","S_T597af5911ee71174454085","f","f","n");
INSERT INTO student_test_permission VALUES("883","S_P59d8aa6d9ecfb2.04376733","S_T5985a97d195cd082443710","f","f","n");
INSERT INTO student_test_permission VALUES("884","S_P599a9a60c86b08.18927637","S_T5985a91c73f7a387381879","f","f","n");
INSERT INTO student_test_permission VALUES("950","S_P59882dea40334091957110","S_T598487217197d359120789","f","f","n");
INSERT INTO student_test_permission VALUES("886","S_P599a9a60c86b08.18927637","S_T597af7bc1d2a0964449593","f","f","n");
INSERT INTO student_test_permission VALUES("887","S_P59b3bb7bd68ee0.57518171","S_T597af3ae36af7858948972","f","f","n");
INSERT INTO student_test_permission VALUES("888","S_P5989578fa2c45588769643","S_T597af392a9d60684202099","f","f","n");
INSERT INTO student_test_permission VALUES("910","S_P59c23880ee0221.24095751","S_T59848327a45c2166944909","f","f","n");
INSERT INTO student_test_permission VALUES("890","S_P59b3b0e50104d2.20980597","S_T5985a86b314be565978240","f","f","n");
INSERT INTO student_test_permission VALUES("891","S_P598aaa1125a87003705928","S_T5985a91c73f7a387381879","f","f","n");
INSERT INTO student_test_permission VALUES("892","S_P59880a053a423103438621","S_T598487766d60c135641776","f","f","n");
INSERT INTO student_test_permission VALUES("893","S_P59d8a166081f10.99018260","S_T598488cadc052584940995","f","f","n");
INSERT INTO student_test_permission VALUES("894","S_P59c64f321de116.06737442","S_T59848327a45c2166944909","f","f","n");
INSERT INTO student_test_permission VALUES("895","S_P59c0fd9db641f7.39181901","S_T59848747e85d0347474156","f","f","n");
INSERT INTO student_test_permission VALUES("896","S_P598c243987b8e433883284","S_T597af3c0cbd92854436171","f","f","n");
INSERT INTO student_test_permission VALUES("897","S_P59ae912f0a8dd7.11181369","S_T598487217197d359120789","f","f","n");
INSERT INTO student_test_permission VALUES("898","S_P59dcba2c64ec91.89437901","S_T5974a89f0d366690049916","f","f","n");
INSERT INTO student_test_permission VALUES("906","S_P5989810b0e703259233209","S_T598487766d60c135641776","f","f","n");
INSERT INTO student_test_permission VALUES("907","S_P59e0856b669b69.29460451","S_T598487766d60c135641776","f","f","n");
INSERT INTO student_test_permission VALUES("908","S_P59880f9c6f030011973151","S_T59848b27b1a45387129667","f","f","n");
INSERT INTO student_test_permission VALUES("909","S_P599a9a60c86b08.18927637","S_T59848894c4cf7081108836","f","f","n");
INSERT INTO student_test_permission VALUES("941","S_P59d75dd2555260.64060253","S_T598483021c5af119272192","f","f","n");
INSERT INTO student_test_permission VALUES("924","S_P598c2463efc0d589529535","S_T597af350809a2630467285","f","f","n");
INSERT INTO student_test_permission VALUES("925","S_P59895eb5f0961729354576","S_T5985ab1d5a645306110168","f","f","n");
INSERT INTO student_test_permission VALUES("926","S_P59882e8bc284f325289323","S_T598487a5cfab9872005293","f","f","n");
INSERT INTO student_test_permission VALUES("927","S_P59c0fd9db641f7.39181901","S_T5984875a5ddc6750075915","f","f","n");
INSERT INTO student_test_permission VALUES("928","S_P59d8d176d75a65.88236416","S_T597af044ee34d167951217","f","f","n");
INSERT INTO student_test_permission VALUES("929","S_P59ae912f0a8dd7.11181369","S_T597af62c57e71857027062","f","f","n");
INSERT INTO student_test_permission VALUES("930","S_P59882e8bc284f325289323","S_T597af7a537ec2446009353","f","f","n");
INSERT INTO student_test_permission VALUES("931","S_P59ad2584d26bf2.47041974","S_T597af140772c7240779811","f","f","n");
INSERT INTO student_test_permission VALUES("932","S_P59880f46bba64320677510","S_T5984861e3c4c7294716721","f","f","n");
INSERT INTO student_test_permission VALUES("933","S_P59afc84c86aaa4.16197509","S_T597af140772c7240779811","f","f","n");
INSERT INTO student_test_permission VALUES("934","S_P59d8d176d75a65.88236416","S_T5984855708a5c201282800","f","f","n");
INSERT INTO student_test_permission VALUES("935","S_P59880f9c6f030011973151","S_T59848b3288285811465511","f","f","n");
INSERT INTO student_test_permission VALUES("936","S_P599a9a60c86b08.18927637","S_T598489124cedb209880814","f","f","n");
INSERT INTO student_test_permission VALUES("937","S_P59d8aa6d9ecfb2.04376733","S_T598488cadc052584940995","f","f","n");
INSERT INTO student_test_permission VALUES("938","S_P59ad2cfeae8e89.43854372","S_T597af73890237310164005","f","f","n");
INSERT INTO student_test_permission VALUES("939","S_P599a9a60c86b08.18927637","S_T598482c3cad74080853104","f","f","n");
INSERT INTO student_test_permission VALUES("947","S_P59e4a9eb4e8fb9.33924896","S_T5974a88b5fdbc928116956","f","f","n");
INSERT INTO student_test_permission VALUES("948","S_P59c23880ee0221.24095751","S_T59848334a0e9f898309273","f","f","n");
INSERT INTO student_test_permission VALUES("949","S_P59bf9642e22b09.26824372","S_T59848747e85d0347474156","f","f","n");
INSERT INTO student_test_permission VALUES("969","S_P59bf9d97ace008.97691695","S_T597af1c98ad88346642175","f","f","n");
INSERT INTO student_test_permission VALUES("970","S_P599d1c8fa545d3.53072101","S_T597afd625fe6b069934126","f","f","n");
INSERT INTO student_test_permission VALUES("971","S_P59c4dd515ead57.32803551","S_T597af1c98ad88346642175","f","f","n");
INSERT INTO student_test_permission VALUES("972","S_P59882e8bc284f325289323","S_T597af7b033a6f135114226","f","f","n");
INSERT INTO student_test_permission VALUES("973","S_P59882e186be2e666125397","S_T597af3ae36af7858948972","f","f","n");
INSERT INTO student_test_permission VALUES("974","S_P59e4a9eb4e8fb9.33924896","S_T5974a89f0d366690049916","f","f","n");
INSERT INTO student_test_permission VALUES("975","S_P59b26476cbb1a8.63399219","S_T5984886f4c1e3106848183","f","f","n");
INSERT INTO student_test_permission VALUES("976","S_P599a9a60c86b08.18927637","S_T5985a928f20db295395376","f","f","n");
INSERT INTO student_test_permission VALUES("977","S_P599a9a60c86b08.18927637","S_T5985a97d195cd082443710","f","f","n");
INSERT INTO student_test_permission VALUES("978","S_P59ad209eb91406.58390098","S_T5984846901e17371504292","f","f","n");
INSERT INTO student_test_permission VALUES("979","S_P59880f46bba64320677510","S_T5984869e2a88d155421935","f","f","n");
INSERT INTO student_test_permission VALUES("992","S_P59e4a28f261549.69770042","S_T5984831b3d6c7457569875","f","f","n");
INSERT INTO student_test_permission VALUES("981","S_P59ad2cfeae8e89.43854372","S_T597af747b40c1090888003","f","f","n");
INSERT INTO student_test_permission VALUES("982","S_P59d75dd2555260.64060253","S_T5984830dc63a9624010871","f","f","n");
INSERT INTO student_test_permission VALUES("983","S_P59a50518090b05.55110060","S_T597af0f7e45a9535106369","f","f","n");
INSERT INTO student_test_permission VALUES("984","S_P59d8d176d75a65.88236416","S_T5984857943c95733721955","f","f","n");
INSERT INTO student_test_permission VALUES("985","S_P59880f9c6f030011973151","S_T59848b47abfbf109900696","f","f","n");
INSERT INTO student_test_permission VALUES("987","S_P59afc853ac0521.36502357","S_T597af140772c7240779811","f","f","n");
INSERT INTO student_test_permission VALUES("988","S_P59d8aa6d9ecfb2.04376733","S_T598488e08dfaa772457157","f","f","n");
INSERT INTO student_test_permission VALUES("989","S_P59bf9642e22b09.26824372","S_T5984875a5ddc6750075915","f","f","n");
INSERT INTO student_test_permission VALUES("990","S_P59a50518090b05.55110060","S_T5984869e2a88d155421935","f","f","n");
INSERT INTO student_test_permission VALUES("991","S_P59e0856b669b69.29460451","S_T5985a85e0b254193617009","f","f","n");
INSERT INTO student_test_permission VALUES("993","S_P59bfc445634852.54225428","S_T5984830dc63a9624010871","f","f","n");
INSERT INTO student_test_permission VALUES("994","S_P59afc853ac0521.36502357","S_T5984855708a5c201282800","f","f","n");
INSERT INTO student_test_permission VALUES("995","S_P59e4a28f261549.69770042","S_T59848327a45c2166944909","f","f","n");



DROP TABLE subject;

CREATE TABLE `subject` (
  `id` int(3) NOT NULL AUTO_INCREMENT,
  `subject_num` varchar(30) COLLATE utf8_unicode_ci NOT NULL,
  `subject_name` varchar(100) COLLATE utf8_unicode_ci NOT NULL,
  `description` text COLLATE utf8_unicode_ci,
  `created_date` timestamp NOT NULL DEFAULT CURRENT_TIMESTAMP,
  PRIMARY KEY (`id`),
  UNIQUE KEY `subject_num` (`subject_num`)
) ENGINE=MyISAM AUTO_INCREMENT=22 DEFAULT CHARSET=utf8 COLLATE=utf8_unicode_ci;

INSERT INTO subject VALUES("17","S5974a847cca75077885355","Физика","","2017-07-23 19:44:39");
INSERT INTO subject VALUES("21","S59ac10750a4075.24932992","Математикалық сауаттылық","","2017-09-03 20:23:49");
INSERT INTO subject VALUES("19","S59848243b8350348070654","Алгебра","","2017-08-04 20:18:43");
INSERT INTO subject VALUES("20","S5985a7ea3d0ae721486338","Геометрия","","2017-08-05 17:11:38");



DROP TABLE subtopic;

CREATE TABLE `subtopic` (
  `id` int(4) NOT NULL AUTO_INCREMENT,
  `subtopic_num` varchar(30) COLLATE utf8_unicode_ci NOT NULL,
  `topic_num` varchar(30) COLLATE utf8_unicode_ci NOT NULL,
  `subtopic_name` varchar(100) COLLATE utf8_unicode_ci NOT NULL,
  `created_date` timestamp NOT NULL DEFAULT CURRENT_TIMESTAMP,
  `subtopic_order` int(2) NOT NULL,
  PRIMARY KEY (`id`),
  UNIQUE KEY `subtopic_num` (`subtopic_num`)
) ENGINE=MyISAM AUTO_INCREMENT=234 DEFAULT CHARSET=utf8 COLLATE=utf8_unicode_ci;

INSERT INTO subtopic VALUES("11","S_T5974a88b5fdbc928116956","T5974a8660af66038645720","Бірқалыпты қозғалыс","2017-07-23 19:45:47","1");
INSERT INTO subtopic VALUES("12","S_T5974a89f0d366690049916","T5974a8660af66038645720","Орташа жылдамдық","2017-07-23 19:46:07","2");
INSERT INTO subtopic VALUES("13","S_T5974a8b186ea1040365676","T5974a8660af66038645720","Үдемелі қозғалыс","2017-07-23 19:46:25","3");
INSERT INTO subtopic VALUES("14","S_T5974ab95697f7767898025","T5974a8660af66038645720","Еркін құлаған дене қозғалысы","2017-07-23 19:58:45","4");
INSERT INTO subtopic VALUES("15","S_T597af044ee34d167951217","T5974a8660af66038645720","Шеңбер бойымен қозғалыс","2017-07-28 14:05:24","5");
INSERT INTO subtopic VALUES("16","S_T597af05c2d59f811954122","T5974a8660af66038645720","Горизонтқа бұрыш жасай лақтырылған дене қозғалысы","2017-07-28 14:05:48","6");
INSERT INTO subtopic VALUES("17","S_T597af0f7e45a9535106369","T597af0c8eec91565243552","Динамика бастауы","2017-07-28 14:08:23","1");
INSERT INTO subtopic VALUES("18","S_T597af118ec5e9496652730","T597af0c8eec91565243552","Динамикадағы күштердің түрлері","2017-07-28 14:08:56","2");
INSERT INTO subtopic VALUES("19","S_T597af140772c7240779811","T597af0c8eec91565243552","Денелер жүйесінің динамикасы","2017-07-28 14:09:36","3");
INSERT INTO subtopic VALUES("20","S_T597af1a43f00a482267202","T597af0c8eec91565243552","Өткен тақырыптарды қайталау есептері","2017-07-28 14:11:16","4");
INSERT INTO subtopic VALUES("21","S_T597af1c98ad88346642175","T597af0c8eec91565243552","Көлбеу жазықтықтағы қозғалыс динамикасы","2017-07-28 14:11:53","5");
INSERT INTO subtopic VALUES("22","S_T597af1e0ada7c458237043","T597af0c8eec91565243552","Статика","2017-07-28 14:12:16","6");
INSERT INTO subtopic VALUES("23","S_T597af2122fbfa012037559","T5974a8660af66038645720","Аралық бақылау. Кинематика","2017-07-28 14:13:06","7");
INSERT INTO subtopic VALUES("24","S_T597af2237cc22630697409","T597af0c8eec91565243552","Аралық бақылау. Динамика","2017-07-28 14:13:23","7");
INSERT INTO subtopic VALUES("26","S_T597af350809a2630467285","T597af33ee1a34906948282","Импульс. Импульстің сақталу за","2017-07-28 14:18:24","1");
INSERT INTO subtopic VALUES("27","S_T597af392a9d60684202099","T597af33ee1a34906948282","Жұмыс. Энергия","2017-07-28 14:19:30","3");
INSERT INTO subtopic VALUES("28","S_T597af3ae36af7858948972","T597af33ee1a34906948282","Энергияның сақталу заңы","2017-07-28 14:19:58","4");
INSERT INTO subtopic VALUES("29","S_T597af3c0cbd92854436171","T597af33ee1a34906948282","Қуат. ПӘК","2017-07-28 14:20:16","5");
INSERT INTO subtopic VALUES("30","S_T597af5191e3b1294372863","T597af33ee1a34906948282","Сақталу заңдары бөлімін қайталау есептері","2017-07-28 14:26:01","6");
INSERT INTO subtopic VALUES("32","S_T597af58514c7f614530255","T597af5678e993510857558","Механикалық тербелістер","2017-07-28 14:27:49","1");
INSERT INTO subtopic VALUES("33","S_T597af5911ee71174454085","T597af5678e993510857558","Механикалық толқындар","2017-07-28 14:28:01","2");
INSERT INTO subtopic VALUES("226","S_T5999503dee321745853246","T597af702e6285935016128","Бақылауға дайындық есептері 2","2017-08-20 15:02:53","10");
INSERT INTO subtopic VALUES("35","S_T597af62c57e71857027062","T597af6186caa5646055511","Гидростатика. Гидродинамика","2017-07-28 14:30:36","1");
INSERT INTO subtopic VALUES("36","S_T597af73890237310164005","T597af702e6285935016128","Молекулалық физика бастамасы","2017-07-28 14:35:04","1");
INSERT INTO subtopic VALUES("37","S_T597af747b40c1090888003","T597af702e6285935016128","МКТ-ның негізгі теңдеуі","2017-07-28 14:35:19","2");
INSERT INTO subtopic VALUES("39","S_T597af796a1d3f969122831","T597af702e6285935016128","Менделеев-Клапейрон теңдеуі","2017-07-28 14:36:38","3");
INSERT INTO subtopic VALUES("40","S_T597af7a537ec2446009353","T597af702e6285935016128","Изопроцестер","2017-07-28 14:36:53","4");
INSERT INTO subtopic VALUES("41","S_T597af7b033a6f135114226","T597af702e6285935016128","Термодинамика","2017-07-28 14:37:04","5");
INSERT INTO subtopic VALUES("42","S_T597af7bc1d2a0964449593","T597af702e6285935016128","Жылу машиналары","2017-07-28 14:37:16","6");
INSERT INTO subtopic VALUES("43","S_T597af7cb32b3c885077927","T597af702e6285935016128","Жылу алмасу","2017-07-28 14:37:31","7");
INSERT INTO subtopic VALUES("44","S_T597af7d512b3f735315651","T597af702e6285935016128","Ылғалдылық","2017-07-28 14:37:41","8");
INSERT INTO subtopic VALUES("45","S_T597af7e10d004788884424","T597af702e6285935016128","Бақылауға дайындық есептері 1","2017-07-28 14:37:53","9");
INSERT INTO subtopic VALUES("46","S_T597af7f0972e3900150478","T597af702e6285935016128","Аралық бақылау. Молекулалық физика","2017-07-28 14:38:08","11");
INSERT INTO subtopic VALUES("47","S_T597af951a3765956334187","T597af93cdfe46893364804","Электр өрісі. Кулон заңы","2017-07-28 14:44:01","1");
INSERT INTO subtopic VALUES("48","S_T597af96a700b5974001147","T597af93cdfe46893364804","Электр өрісінің жұмысы. Потенциалдық энергия","2017-07-28 14:44:26","2");
INSERT INTO subtopic VALUES("49","S_T597af98629a9e664320378","T597af93cdfe46893364804","Конденсатор","2017-07-28 14:44:54","3");
INSERT INTO subtopic VALUES("50","S_T597afa5aa4504812345365","T597afa4b32d8c579081448","Тұрақты электр тогы. Ток күші. Кедергі. Жұмыс. Қуат","2017-07-28 14:48:26","1");
INSERT INTO subtopic VALUES("51","S_T597afa68f36b5532061841","T597afa4b32d8c579081448","Тізбектерді қосу","2017-07-28 14:48:40","2");
INSERT INTO subtopic VALUES("52","S_T597afa7506da3809149255","T597afa4b32d8c579081448","ЭҚК","2017-07-28 14:48:53","3");
INSERT INTO subtopic VALUES("53","S_T597afa889cb64710056525","T597afa4b32d8c579081448","Әр түрлі ортадағы электр тогы","2017-07-28 14:49:12","4");
INSERT INTO subtopic VALUES("54","S_T597afa9e9267b324034914","T597afa4b32d8c579081448","Диод және транзистор","2017-07-28 14:49:34","5");
INSERT INTO subtopic VALUES("55","S_T597afada7f929550675413","T597afa4b32d8c579081448","Бақылауға дайындық есептері. Электр өрісі","2017-07-28 14:50:34","6");
INSERT INTO subtopic VALUES("56","S_T597afaf16ef7e765052054","T597afa4b32d8c579081448","Аралық бақылау. Электр өрісі. Тұрақты ток","2017-07-28 14:50:57","8");
INSERT INTO subtopic VALUES("57","S_T597afb489626e685779222","T597afb3abd6aa004316396","Магнит өрісі басы","2017-07-28 14:52:24","1");
INSERT INTO subtopic VALUES("58","S_T597afc6f75aa6219099524","T597afb3abd6aa004316396","Заттардағы магнит өрісі","2017-07-28 14:57:19","2");
INSERT INTO subtopic VALUES("59","S_T597afc8327886079396583","T597afb3abd6aa004316396","Электромагниттік индукция. Магнит ағыны","2017-07-28 14:57:39","3");
INSERT INTO subtopic VALUES("60","S_T597afc95d40a8807890446","T597afb3abd6aa004316396","Өздік индукция","2017-07-28 14:57:57","4");
INSERT INTO subtopic VALUES("61","S_T597afcf5ed461537093719","T597afce0b5f75559440065","Еркін электромагниттік тербелістер","2017-07-28 14:59:33","1");
INSERT INTO subtopic VALUES("62","S_T597afd049ff74048005042","T597afce0b5f75559440065","Еріксіз электромагниттік тербелістер","2017-07-28 14:59:48","2");
INSERT INTO subtopic VALUES("63","S_T597afd144259f651376109","T597afce0b5f75559440065","Трансформатор","2017-07-28 15:00:04","3");
INSERT INTO subtopic VALUES("64","S_T597afd625fe6b069934126","T597afce0b5f75559440065","Электромагниттік толқындар","2017-07-28 15:01:22","4");
INSERT INTO subtopic VALUES("65","S_T597afd88a2dae826862050","T597afce0b5f75559440065","Бақылауға дайындық есептері. Магнит өрісі","2017-07-28 15:02:00","5");
INSERT INTO subtopic VALUES("66","S_T597afdb50a394927132248","T597afce0b5f75559440065","Аралық бақылау. Магнит өрісі. Электромагниттік тербелістер мен толқындар ","2017-07-28 15:02:45","7");
INSERT INTO subtopic VALUES("67","S_T597afdf9930b4413444955","T597afde4522d6255891662","Геометриялық оптика","2017-07-28 15:03:53","1");
INSERT INTO subtopic VALUES("68","S_T597afe05e654c861805957","T597afde4522d6255891662","Толқындық оптика","2017-07-28 15:04:05","3");
INSERT INTO subtopic VALUES("69","S_T597afe12db261350248148","T597afde4522d6255891662","Спектральді анализ","2017-07-28 15:04:18","4");
INSERT INTO subtopic VALUES("70","S_T597afe20452c1806520362","T597afde4522d6255891662","Люминисценция","2017-07-28 15:04:32","5");
INSERT INTO subtopic VALUES("71","S_T597afeac02471696383867","T597afe942fcb8333019837","Фотоэффект","2017-07-28 15:06:52","1");
INSERT INTO subtopic VALUES("72","S_T597afec670fc9063783927","T597afe942fcb8333019837","Бақылауға дайындық есептері. Оптика және фотоэффект","2017-07-28 15:07:18","3");
INSERT INTO subtopic VALUES("73","S_T597afedc25e3c573244571","T597afe942fcb8333019837","Аралық бақылау. Опитка. Фотоэффект.","2017-07-28 15:07:40","4");
INSERT INTO subtopic VALUES("74","S_T597aff1be6c3f094484954","T597afef16ecca296999537","Атом және оның құрылысы","2017-07-28 15:08:43","1");
INSERT INTO subtopic VALUES("75","S_T597aff28df20b905972295","T597afef16ecca296999537","Радиоактивтілік","2017-07-28 15:08:56","2");
INSERT INTO subtopic VALUES("76","S_T597aff3a703b5891913394","T597afef16ecca296999537","Зарядталған бөлшектерді тіркегіштер","2017-07-28 15:09:14","3");
INSERT INTO subtopic VALUES("77","S_T597aff5149c17276932124","T597afef16ecca296999537","Ядролық реакция","2017-07-28 15:09:37","4");
INSERT INTO subtopic VALUES("78","S_T597affa545af1501120761","T597aff91498d1207572569","Эйнштейннің салыстырмалылық теориясы","2017-07-28 15:11:01","1");
INSERT INTO subtopic VALUES("79","S_T597affd514517303764053","T597aff91498d1207572569","Бақылауға дайындық есептері. Ядролық физика. Салыстырмалылық теория","2017-07-28 15:11:49","2");
INSERT INTO subtopic VALUES("80","S_T597b00058357d074846102","T597aff91498d1207572569","Аралық бақылау. Ядролық физика. Салыстырмалылық теория","2017-07-28 15:12:37","3");
INSERT INTO subtopic VALUES("82","S_T598482ad5d265873736405","T5984828e0e5e0268692403","Амалдар","2017-08-04 20:20:29","1");
INSERT INTO subtopic VALUES("83","S_T598482c3cad74080853104","T5984828e0e5e0268692403","Жай бөлшектерді қосу және азайту","2017-08-04 20:20:51","2");
INSERT INTO subtopic VALUES("84","S_T598482d2d9eb8134827782","T5984828e0e5e0268692403","Жай бөлшектерді көбейту және бөлу","2017-08-04 20:21:06","3");
INSERT INTO subtopic VALUES("85","S_T598482ddd1b86287199901","T5984828e0e5e0268692403","Ондық бөлшектер","2017-08-04 20:21:17","4");
INSERT INTO subtopic VALUES("86","S_T598482ee90055815583343","T5984828e0e5e0268692403","Теріс сандар","2017-08-04 20:21:34","5");
INSERT INTO subtopic VALUES("87","S_T598483021c5af119272192","T5984828e0e5e0268692403","Амаларды қайталау","2017-08-04 20:21:54","6");
INSERT INTO subtopic VALUES("88","S_T5984830dc63a9624010871","T5984828e0e5e0268692403","Теңдеулер","2017-08-04 20:22:05","7");
INSERT INTO subtopic VALUES("89","S_T5984831b3d6c7457569875","T5984828e0e5e0268692403","Дәреже","2017-08-04 20:22:19","8");
INSERT INTO subtopic VALUES("90","S_T59848327a45c2166944909","T5984828e0e5e0268692403","Теріс дәреже","2017-08-04 20:22:31","9");
INSERT INTO subtopic VALUES("91","S_T59848334a0e9f898309273","T5984828e0e5e0268692403","Түбір","2017-08-04 20:22:44","10");
INSERT INTO subtopic VALUES("93","S_T5984834c4748d135419826","T5984828e0e5e0268692403","Аралық бақылау. Фундамент ","2017-08-04 20:23:08","11");
INSERT INTO subtopic VALUES("94","S_T598483986f127075693423","T59848389d9b06740245269","Көпмүшелер","2017-08-04 20:24:24","1");
INSERT INTO subtopic VALUES("95","S_T598483a388c05605524856","T59848389d9b06740245269","Ортақ көбейткішті жақша сыртына шығару","2017-08-04 20:24:35","2");
INSERT INTO subtopic VALUES("96","S_T598483add6c0f129466897","T59848389d9b06740245269","(a+-b)^2","2017-08-04 20:24:45","3");
INSERT INTO subtopic VALUES("97","S_T598483b90b01a416681079","T59848389d9b06740245269","a^2-b^2","2017-08-04 20:24:57","4");
INSERT INTO subtopic VALUES("98","S_T598483c31d86e445277169","T59848389d9b06740245269","a^3+-b^3","2017-08-04 20:25:07","5");
INSERT INTO subtopic VALUES("99","S_T598483cd0f4cf208248698","T59848389d9b06740245269","(a+-b)^3","2017-08-04 20:25:17","6");
INSERT INTO subtopic VALUES("100","S_T598483eb91ba1231818395","T59848389d9b06740245269","Бөлшектерді қысқарту","2017-08-04 20:25:47","7");
INSERT INTO subtopic VALUES("101","S_T598483f71670f304080688","T59848389d9b06740245269","Рационал бөлшектерді қосу/азайту 1","2017-08-04 20:25:59","8");
INSERT INTO subtopic VALUES("102","S_T5984840101302097945537","T59848389d9b06740245269","Рационал бөлшектерді қосу/азайту 2","2017-08-04 20:26:09","9");
INSERT INTO subtopic VALUES("103","S_T5984840c99537117061133","T59848389d9b06740245269","Рационал бөлшектерді көбейту/бөлу","2017-08-04 20:26:20","10");
INSERT INTO subtopic VALUES("104","S_T5984841dbd448262894857","T59848389d9b06740245269","Өрнектерді ықшамдау","2017-08-04 20:26:37","11");
INSERT INTO subtopic VALUES("105","S_T5984846901e17371504292","T5984845cb6864595112195","Квадрат теңдеулер","2017-08-04 20:27:53","1");
INSERT INTO subtopic VALUES("106","S_T5984847974ba3368576118","T5984845cb6864595112195","Квадрат теңдеу арқылы көбейткіштерге жіктеу","2017-08-04 20:28:09","2");
INSERT INTO subtopic VALUES("107","S_T59848483a3efd134771721","T5984845cb6864595112195","Бөлшек рационал теңдеулер","2017-08-04 20:28:19","3");
INSERT INTO subtopic VALUES("108","S_T5984848e03fa2457958061","T5984845cb6864595112195","Теңдеулер жүйесі","2017-08-04 20:28:30","4");
INSERT INTO subtopic VALUES("109","S_T598484bdd39a6327809628","T598484ad65a7a835183429","Теңсіздіктер. Квадрат теңсіздіктер","2017-08-04 20:29:17","1");
INSERT INTO subtopic VALUES("110","S_T598484c9cecd2246247143","T598484ad65a7a835183429","Интервал әдісімен теңсіздіктерді шешу","2017-08-04 20:29:29","2");
INSERT INTO subtopic VALUES("111","S_T598484d46b37e151221217","T598484ad65a7a835183429","Бөлшек теңсіздіктер","2017-08-04 20:29:40","3");
INSERT INTO subtopic VALUES("112","S_T598484e0d4aae069415108","T598484ad65a7a835183429","Теңсіздіктер жүйесі","2017-08-04 20:29:52","4");
INSERT INTO subtopic VALUES("113","S_T5984853d32c16863688796","T598484ad65a7a835183429","Аралық бақылау: Өрнекті ықшамдау, теңдеулер, теңсіздіктер, теңсіздіктер жүйесі","2017-08-04 20:31:25","5");
INSERT INTO subtopic VALUES("114","S_T5984855708a5c201282800","T5984854cddd98815851739","Бөлшектің бөлімін иррационалдықтан арылту","2017-08-04 20:31:51","1");
INSERT INTO subtopic VALUES("115","S_T5984857943c95733721955","T59848569c04af579032954","Иррационал теңдеулер","2017-08-04 20:32:25","1");
INSERT INTO subtopic VALUES("116","S_T5984858544177302134342","T59848569c04af579032954","Жаңа айнымалы енгізу арқылы иррационалдық теңдеулерді шешу","2017-08-04 20:32:37","1");
INSERT INTO subtopic VALUES("117","S_T5984859d5a76e718112208","T59848569c04af579032954","Көбейткішке жіктеу арқылы иррационал теңдеулерді шешу","2017-08-04 20:33:01","1");
INSERT INTO subtopic VALUES("118","S_T598485f08b0d4851838470","T598485e60f01b147471121","Көрсеткіштік теңдеулер","2017-08-04 20:34:24","1");
INSERT INTO subtopic VALUES("119","S_T598485fd45da3513853162","T598485e60f01b147471121","Көбейткішке жіктеу арқылы көрсеткіштік теңдеулерді шешу","2017-08-04 20:34:37","2");
INSERT INTO subtopic VALUES("120","S_T59848609e63b4136546322","T598485e60f01b147471121","Жаңа айнымалыны енгізу арқылы көрсеткіштік теңдеулерді шешу","2017-08-04 20:34:49","3");
INSERT INTO subtopic VALUES("121","S_T5984861392571493030674","T598485e60f01b147471121","Көрсеткіштік теңсіздіктер","2017-08-04 20:34:59","4");
INSERT INTO subtopic VALUES("122","S_T5984861e3c4c7294716721","T598485e60f01b147471121","Жаңа айнымалыны енгізу арқылы көрсеткіштік теңсіздіктерді шешу","2017-08-04 20:35:10","5");
INSERT INTO subtopic VALUES("123","S_T59848676bbb9b318463555","T598485e60f01b147471121","Аралық бақылау. Бөлшек дәреже, көрсеткіштік теңдеулер мен теңсіздіктер","2017-08-04 20:36:38","6");
INSERT INTO subtopic VALUES("124","S_T5984869e2a88d155421935","T5984864405afa195133337","Арифметикалық прогрессия 1","2017-08-04 20:37:18","1");
INSERT INTO subtopic VALUES("125","S_T598486a920c07824729312","T5984864405afa195133337","Арифметикалық прогрессия 2","2017-08-04 20:37:29","2");
INSERT INTO subtopic VALUES("126","S_T598486b8c5699511856798","T5984864405afa195133337","Геометриялық прогрессия 1","2017-08-04 20:37:44","3");
INSERT INTO subtopic VALUES("127","S_T598486cd234fe732495509","T5984864405afa195133337","Геометриялық прогрессия 2","2017-08-04 20:38:05","4");
INSERT INTO subtopic VALUES("128","S_T598486d97cbbb845785311","T5984864405afa195133337","Аралас прогресия","2017-08-04 20:38:17","5");
INSERT INTO subtopic VALUES("129","S_T598487217197d359120789","T59848713b65fa134678207","Тригонометриялық өрнектің мәнін табу. Негізгі тригонометриялық формулалар","2017-08-04 20:39:29","1");
INSERT INTO subtopic VALUES("130","S_T59848747e85d0347474156","T59848713b65fa134678207","Тригонометриялық формулаларды қолдану арқылы тригонометриялық өрнекті есептеу","2017-08-04 20:40:07","2");
INSERT INTO subtopic VALUES("131","S_T5984875a5ddc6750075915","T59848713b65fa134678207","Келтіру формулалары. Функцияны периодтан арылту","2017-08-04 20:40:26","3");
INSERT INTO subtopic VALUES("132","S_T598487691244f251184095","T59848713b65fa134678207","Екі еселенген аргумент формулалары","2017-08-04 20:40:41","4");
INSERT INTO subtopic VALUES("133","S_T598487766d60c135641776","T59848713b65fa134678207","Дәрежені төмендету формулалары","2017-08-04 20:40:54","5");
INSERT INTO subtopic VALUES("134","S_T59848784927a5760622963","T59848713b65fa134678207","Аргументтерді қосу және азайту формулалары","2017-08-04 20:41:08","6");
INSERT INTO subtopic VALUES("135","S_T5984879356f9a574413827","T59848713b65fa134678207","Тригонометриялық функциялардың қосындысын көбейтіндіге және көбейтіндісін қосындыға түрлендіру","2017-08-04 20:41:23","7");
INSERT INTO subtopic VALUES("136","S_T598487a5cfab9872005293","T59848713b65fa134678207","Кері тригонометриялық функциялар","2017-08-04 20:41:41","8");
INSERT INTO subtopic VALUES("137","S_T598487b951698718379635","T59848713b65fa134678207","Қайталауға арналған есептер","2017-08-04 20:42:01","9");
INSERT INTO subtopic VALUES("138","S_T598487c5c5703972989262","T59848713b65fa134678207","Аралық бақылау. Тригонометриялық ықшамдаулар","2017-08-04 20:42:13","10");
INSERT INTO subtopic VALUES("139","S_T5984886f4c1e3106848183","T5984885eda4aa126363264","Тригонометриялық теңдеулер","2017-08-04 20:45:03","1");
INSERT INTO subtopic VALUES("140","S_T5984887bccc22815823180","T5984885eda4aa126363264","Тригонометриялық формулаларды пайдалана отырып тригонометриялық теңдеулерді шешу","2017-08-04 20:45:15","2");
INSERT INTO subtopic VALUES("141","S_T598488880d3fa575873743","T5984885eda4aa126363264","Көбейткішке жіктеу арқылы тригонометриялық теңдеулерді шешу","2017-08-04 20:45:28","3");
INSERT INTO subtopic VALUES("142","S_T59848894c4cf7081108836","T5984885eda4aa126363264","Жаңа айнымалы енгізу арқылы тригонометриялық теңдеулерді шешу","2017-08-04 20:45:40","4");
INSERT INTO subtopic VALUES("143","S_T598488a155ecf650582443","T5984885eda4aa126363264","Қосымша бұрыш енгізу арқылы тригонометриялық теңдеулерді шешу","2017-08-04 20:45:53","5");
INSERT INTO subtopic VALUES("144","S_T598488cadc052584940995","T598488be67f1a242303241","Тригонометриялық теңсіздіктер","2017-08-04 20:46:34","1");
INSERT INTO subtopic VALUES("145","S_T598488d5cc65c407915674","T598488be67f1a242303241","Тригонометриялық формулаларды пайдалана отырып тригонометриялық теңсіздіктерді шешу","2017-08-04 20:46:45","2");
INSERT INTO subtopic VALUES("146","S_T598488e08dfaa772457157","T598488be67f1a242303241","Жаңа айнымалы енгізу арқылы тригонометриялық теңсіздіктерді шешу","2017-08-04 20:46:56","3");
INSERT INTO subtopic VALUES("147","S_T598489124cedb209880814","T598489062e261693701844","Тригонометриялық теңсіздіктер жүйесі","2017-08-04 20:47:46","1");
INSERT INTO subtopic VALUES("148","S_T5984891ced86e161465937","T598489062e261693701844","Тригонометриялық теңдеулер жүйесі 1","2017-08-04 20:47:56","2");
INSERT INTO subtopic VALUES("149","S_T59848927bffef881969764","T598489062e261693701844","Тригонометриялық теңдеулер жүйесі 2","2017-08-04 20:48:07","3");
INSERT INTO subtopic VALUES("150","S_T5984893f1c2c8881896455","T598489062e261693701844","Тригонометриялық теңдеулер мен теңсіздіктерді қайталау есептері","2017-08-04 20:48:31","4");
INSERT INTO subtopic VALUES("151","S_T5984894d430d2198147836","T598489062e261693701844","Аралық бақылау. Тригонометриялық теңдеулер мен теңсіздіктер, теңдеулер мен теңсіздіктер жүйесі","2017-08-04 20:48:45","5");
INSERT INTO subtopic VALUES("152","S_T59848b27b1a45387129667","T59848b1857dd8155336710","Логарифм мәнін анықтамасы бойынша анықтау","2017-08-04 20:56:39","1");
INSERT INTO subtopic VALUES("153","S_T59848b3288285811465511","T59848b1857dd8155336710","Логарифмдерді қосу және азайту формулалары","2017-08-04 20:56:50","2");
INSERT INTO subtopic VALUES("154","S_T59848b47abfbf109900696","T59848b1857dd8155336710","Басқа негізге көшу формулаларын пайдалана отырып логарифмдерді есептеу ","2017-08-04 20:57:11","3");
INSERT INTO subtopic VALUES("155","S_T59848b5456e29942224358","T59848b1857dd8155336710","Логарифмді басқа логарифмдер арқылы есептеу","2017-08-04 20:57:24","4");
INSERT INTO subtopic VALUES("156","S_T59848b784a564404406969","T59848b6bc2180363031366","Логарифмдік теңдеулер","2017-08-04 20:58:00","1");
INSERT INTO subtopic VALUES("157","S_T59848b9d2ffb1198022694","T59848b6bc2180363031366","Логарифмдерді қосу және азайту формулаларын пайдалану арқылы және жаңа айнымалы енгізу арқылы логар","2017-08-04 20:58:37","2");
INSERT INTO subtopic VALUES("158","S_T59848bd519cb5713753008","T59848b6bc2180363031366","Бір негізге келтіру арқылы логарифмдік теңдеулерді шешу","2017-08-04 20:59:33","3");
INSERT INTO subtopic VALUES("159","S_T59848bdf91713445647242","T59848b6bc2180363031366","Екі жағын логарифмдеу арқылы логарифмдік теңдеулерді шешу","2017-08-04 20:59:43","4");
INSERT INTO subtopic VALUES("160","S_T59848c02a65f3201132252","T59848bf65a603309109507","Логарифмдік теңсіздіктер","2017-08-04 21:00:18","1");
INSERT INTO subtopic VALUES("161","S_T59848c0ecfe29775976153","T59848bf65a603309109507","Жаңа айнымалы енгізу арқылы логарифмдік теңсіздіктерді шешу","2017-08-04 21:00:30","1");
INSERT INTO subtopic VALUES("162","S_T59848c30e4dfd711609370","T59848c2076ec8994610075","Логарифмдік теңдеулер жүйесі","2017-08-04 21:01:04","1");
INSERT INTO subtopic VALUES("163","S_T59848c3d28fcf508200874","T59848c2076ec8994610075","Логарифмдік теңсіздіктер жүйесі","2017-08-04 21:01:17","2");
INSERT INTO subtopic VALUES("164","S_T59848c4f4696e712374629","T59848c2076ec8994610075","Логарифмді қайталау есептері 1","2017-08-04 21:01:35","3");
INSERT INTO subtopic VALUES("165","S_T59848c5910c4e444086606","T59848c2076ec8994610075","Логарифмді қайталау есептері 2","2017-08-04 21:01:45","4");
INSERT INTO subtopic VALUES("166","S_T59848c72d1063325827939","T59848c2076ec8994610075","Аралық бақылау. Логарифмдер","2017-08-04 21:02:10","5");
INSERT INTO subtopic VALUES("167","S_T59848cf456bee665180972","T59848cafdfbb5760925149","Рационал функцияның туындысы","2017-08-04 21:04:20","1");
INSERT INTO subtopic VALUES("168","S_T59848d0159048639699082","T59848cafdfbb5760925149","Иррационал функцияның туындысы","2017-08-04 21:04:33","2");
INSERT INTO subtopic VALUES("169","S_T59848d0e1fc68556632633","T59848cafdfbb5760925149","Тригонометриялық функциялардың туындысы","2017-08-04 21:04:46","3");
INSERT INTO subtopic VALUES("170","S_T59848d1ed4661998168898","T59848cafdfbb5760925149","Көрсеткіштік және логарифмдік функциялардың туындысы","2017-08-04 21:05:02","4");
INSERT INTO subtopic VALUES("171","S_T59848d2a9dd56978287698","T59848cafdfbb5760925149","Туындымен байланысты амалдар","2017-08-04 21:05:14","5");
INSERT INTO subtopic VALUES("172","S_T59848d37c7708568554032","T59848cafdfbb5760925149","Туынды арқылы функцияның өсу және кему аралығын табу","2017-08-04 21:05:27","6");
INSERT INTO subtopic VALUES("173","S_T59848d4425c72507390508","T59848cafdfbb5760925149","Туындың арқылы функцияның экстремум нүктелерін табу","2017-08-04 21:05:40","7");
INSERT INTO subtopic VALUES("174","S_T59848d52a3afe198167969","T59848cafdfbb5760925149","Туынды арқылы функцияның ең үлкен және ең кіші мәндерін табу","2017-08-04 21:05:54","8");
INSERT INTO subtopic VALUES("175","S_T59848dcb968d2540303040","T59848cafdfbb5760925149","Туындының физикалық мағынасы","2017-08-04 21:07:55","9");
INSERT INTO subtopic VALUES("176","S_T59848dd8758b9660443030","T59848cafdfbb5760925149","Жанаманың теңдеуі","2017-08-04 21:08:08","10");
INSERT INTO subtopic VALUES("177","S_T59848de3ecccd559463152","T59848cafdfbb5760925149","Туындыны қайталау есептері 1","2017-08-04 21:08:19","11");
INSERT INTO subtopic VALUES("178","S_T59848df05897b791060408","T59848cafdfbb5760925149","Туындыны қайталау есептері 2","2017-08-04 21:08:32","12");
INSERT INTO subtopic VALUES("179","S_T59848e0140ff1405112898","T59848cafdfbb5760925149","Аралық бақылау. Туынды","2017-08-04 21:08:49","13");
INSERT INTO subtopic VALUES("180","S_T59848e7c9e85e606471149","T59848e675becd205288257","Алғашқы функция 1","2017-08-04 21:10:52","1");
INSERT INTO subtopic VALUES("181","S_T59848e87e0afb366206040","T59848e675becd205288257","Алғашқы функция 2 ","2017-08-04 21:11:03","1");
INSERT INTO subtopic VALUES("182","S_T59848e950162f167053966","T59848e675becd205288257","Алғашқы функция 3","2017-08-04 21:11:17","1");
INSERT INTO subtopic VALUES("183","S_T59848e9edd571767987159","T59848e675becd205288257","Интеграл","2017-08-04 21:11:26","1");
INSERT INTO subtopic VALUES("184","S_T59848ea90c545288383647","T59848e675becd205288257","Интегралмен амалдар","2017-08-04 21:11:37","1");
INSERT INTO subtopic VALUES("185","S_T59848eb5a72b6914627066","T59848e675becd205288257","Интеграл арқылы қисықсызықты фигураның ауданын табу","2017-08-04 21:11:49","1");
INSERT INTO subtopic VALUES("186","S_T59848ec17ad66405988234","T59848e675becd205288257","Интеграл арқылы қисықсызықты дененің көлемін табу","2017-08-04 21:12:01","1");
INSERT INTO subtopic VALUES("187","S_T59848efb56812805853705","T59848eefa3c19501643307","Жұп және тақ функциялар. Функцияның анықталу облысын табу","2017-08-04 21:12:59","1");
INSERT INTO subtopic VALUES("188","S_T59848f0bc1ddb547754568","T59848eefa3c19501643307","Функцияның мәндер облысын табу","2017-08-04 21:13:15","1");
INSERT INTO subtopic VALUES("189","S_T59848f15c520b337852345","T59848eefa3c19501643307","Функцияның ең кіші оң периодын табу. Кері функция","2017-08-04 21:13:25","1");
INSERT INTO subtopic VALUES("190","S_T59848f200c598349668056","T59848eefa3c19501643307","Графигі бойынша қисықсызықты фигураның ауданын табу","2017-08-04 21:13:36","1");
INSERT INTO subtopic VALUES("191","S_T59848f2e87211750698329","T59848eefa3c19501643307","Аралық бақылау. Интеграл","2017-08-04 21:13:50","1");
INSERT INTO subtopic VALUES("192","S_T5985a4bdb680d978291537","T5985a4962fddd110033585","Модуль таңбасы бар теңдеулер","2017-08-05 16:58:05","1");
INSERT INTO subtopic VALUES("193","S_T5985a4ca5089d432639981","T5985a4962fddd110033585","Модуль таңбасы бар теңсіздіктер","2017-08-05 16:58:18","2");
INSERT INTO subtopic VALUES("194","S_T5985a83ae69d1355328733","T5985a8291a6cb617544126","Үшбұрыш және оның негізгі элементтері","2017-08-05 17:12:58","1");
INSERT INTO subtopic VALUES("195","S_T5985a84f1181c873057155","T5985a8291a6cb617544126","Синустар және косинустар теоремасы","2017-08-05 17:13:19","1");
INSERT INTO subtopic VALUES("196","S_T5985a85e0b254193617009","T5985a8291a6cb617544126","Үшбұрыштың биссектрисасы, медианасы және биіктігі","2017-08-05 17:13:34","1");
INSERT INTO subtopic VALUES("197","S_T5985a86b314be565978240","T5985a8291a6cb617544126","Тең бүйірлі және тікбұрышты үшбұрыш 1","2017-08-05 17:13:47","1");
INSERT INTO subtopic VALUES("198","S_T5985a8aa20cc6983328965","T5985a8291a6cb617544126"," Тең қабырғалы үшбұрыш және тік бұрышты үшбұрыш 2.","2017-08-05 17:14:50","1");
INSERT INTO subtopic VALUES("199","S_T5985a8b3d82da036891904","T5985a8291a6cb617544126","Үшбұрыштардың ұқсастығы","2017-08-05 17:14:59","1");
INSERT INTO subtopic VALUES("200","S_T5985a8bdf055e467487649","T5985a8291a6cb617544126","Үшбұрыштарға аралас есептер","2017-08-05 17:15:09","1");
INSERT INTO subtopic VALUES("201","S_T5985a910c43bf570235999","T5985a90600d61236050620","Параллелограм","2017-08-05 17:16:32","1");
INSERT INTO subtopic VALUES("202","S_T5985a91c73f7a387381879","T5985a90600d61236050620","Тіктөртбұрыш және квадрат","2017-08-05 17:16:44","2");
INSERT INTO subtopic VALUES("203","S_T5985a928f20db295395376","T5985a90600d61236050620","Ромб","2017-08-05 17:16:56","3");
INSERT INTO subtopic VALUES("204","S_T5985a933c561d246603459","T5985a90600d61236050620","Трапеция","2017-08-05 17:17:07","4");
INSERT INTO subtopic VALUES("205","S_T5985a93f7420b047608793","T5985a90600d61236050620","Көпбұрыштар","2017-08-05 17:17:19","5");
INSERT INTO subtopic VALUES("206","S_T5985a94e73e16716325430","T5985a90600d61236050620","Төртбұрыштар мен көпбұрыштарға аралас есептер","2017-08-05 17:17:34","6");
INSERT INTO subtopic VALUES("207","S_T5985a97d195cd082443710","T5985a971a8bac891240625","Шеңбер және оның элементтері","2017-08-05 17:18:21","1");
INSERT INTO subtopic VALUES("208","S_T5985a9d22d7de298118877","T5985a971a8bac891240625","Шеңбермен аралас есептер","2017-08-05 17:19:46","1");
INSERT INTO subtopic VALUES("209","S_T5985aa5d9d325370192516","T5985a971a8bac891240625","Үшбұрыштар мен төртбұрыштарды қайталау есептері","2017-08-05 17:22:05","1");
INSERT INTO subtopic VALUES("210","S_T5985aa84a675a569479305","T5985aa7a50c55887908985","Вектор","2017-08-05 17:22:44","1");
INSERT INTO subtopic VALUES("211","S_T5985aaa9822e3727978585","T5985aa7a50c55887908985","Вектор 2","2017-08-05 17:23:21","2");
INSERT INTO subtopic VALUES("212","S_T5985aaca2e2f2513692007","T5985aabaec0a6736242710","Түзудің теңдеуі. Шеңбердің теңдеуі. Координаттар әдісі","2017-08-05 17:23:54","1");
INSERT INTO subtopic VALUES("213","S_T5985aaf475b2c152217261","T5985aae71cb7a692708470","Призма","2017-08-05 17:24:36","1");
INSERT INTO subtopic VALUES("214","S_T5985aaff404e7688541480","T5985aae71cb7a692708470","Пирамида","2017-08-05 17:24:47","2");
INSERT INTO subtopic VALUES("215","S_T5985ab09194f6422534754","T5985aae71cb7a692708470","Қиық пирамида","2017-08-05 17:24:57","3");
INSERT INTO subtopic VALUES("216","S_T5985ab1d5a645306110168","T5985ab1563a15104701262","Цилиндр","2017-08-05 17:25:17","1");
INSERT INTO subtopic VALUES("217","S_T5985ab277b4d5869622659","T5985ab1563a15104701262","Конус","2017-08-05 17:25:27","1");
INSERT INTO subtopic VALUES("218","S_T5985ab3a65db2959758705","T5985ab1563a15104701262","Қиық конус","2017-08-05 17:25:46","1");
INSERT INTO subtopic VALUES("219","S_T5985ab44e6240834895417","T5985ab1563a15104701262","Шар","2017-08-05 17:25:56","1");
INSERT INTO subtopic VALUES("220","S_T5985ab514dd0a473448659","T5985ab1563a15104701262","Фигураны айналдырғанда пайда болатын денелер","2017-08-05 17:26:09","1");
INSERT INTO subtopic VALUES("221","S_T5985ab9252b8d532537953","T5985ab5e083d3022366399","Денелер комбинациясы","2017-08-05 17:27:14","1");
INSERT INTO subtopic VALUES("222","S_T5985aba3a7334296163868","T5985ab9e92679134954986","Жазықтыққа көлбеуленген фигуралар","2017-08-05 17:27:31","1");
INSERT INTO subtopic VALUES("223","S_T5985abb4d4b2e363134425","T5985ab9e92679134954986","Стереометрияны қайталау есептері 1","2017-08-05 17:27:48","1");
INSERT INTO subtopic VALUES("224","S_T5985abbec6b40105839871","T5985ab9e92679134954986","Стереометрияны қайталау есептері 2","2017-08-05 17:27:58","1");
INSERT INTO subtopic VALUES("225","S_T59994d65bd048583220484","T597af33ee1a34906948282","Импульс есептері 2","2017-08-20 14:50:45","2");
INSERT INTO subtopic VALUES("233","S_T59a52c47414875.44417879","T597af5678e993510857558","Аралық бақылау. Сақталу заңдары және мех-қ терб-р мен толқындар","2017-08-29 14:56:39","3");
INSERT INTO subtopic VALUES("227","S_T59995228e6af9342064600","T597afa4b32d8c579081448","Бақылауға дайындық есептері. Тұрақты ток","2017-08-20 15:11:04","7");
INSERT INTO subtopic VALUES("228","S_T59995814f1b6d063705488","T597afce0b5f75559440065","Бақылауға дайындық есептері. Электромагниттік тербелістер мен толқындар","2017-08-20 15:36:20","6");
INSERT INTO subtopic VALUES("229","S_T599959902a25c912309210","T597afde4522d6255891662","Геометриялық оптика есептері 2","2017-08-20 15:42:40","2");
INSERT INTO subtopic VALUES("230","S_T599959c2110bb372662232","T597afe942fcb8333019837","Фотоэффект есептері 2","2017-08-20 15:43:30","2");
INSERT INTO subtopic VALUES("231","S_T5999619561afc771507949","T59995f6dc8daa532838245","Бөлшек дәреже","2017-08-20 16:16:53","1");
INSERT INTO subtopic VALUES("232","S_T59996afa34212369317592","T5985a971a8bac891240625","Аралық бақылау. Планиметрия","2017-08-20 16:56:58","2");



DROP TABLE teacher;

CREATE TABLE `teacher` (
  `id` int(3) NOT NULL AUTO_INCREMENT,
  `teacher_num` varchar(30) COLLATE utf8_unicode_ci NOT NULL,
  `name` varchar(40) COLLATE utf8_unicode_ci NOT NULL,
  `surname` varchar(40) COLLATE utf8_unicode_ci NOT NULL,
  `gender` varchar(1) COLLATE utf8_unicode_ci DEFAULT NULL,
  `phone` varchar(20) COLLATE utf8_unicode_ci DEFAULT NULL,
  `username` varchar(100) COLLATE utf8_unicode_ci NOT NULL,
  `password` varchar(50) COLLATE utf8_unicode_ci NOT NULL,
  `img_profile` varchar(100) COLLATE utf8_unicode_ci DEFAULT NULL,
  `dob` date DEFAULT NULL,
  `password_type` varchar(10) COLLATE utf8_unicode_ci NOT NULL DEFAULT 'default',
  PRIMARY KEY (`id`),
  UNIQUE KEY `teacher_num` (`teacher_num`)
) ENGINE=MyISAM AUTO_INCREMENT=15 DEFAULT CHARSET=utf8 COLLATE=utf8_unicode_ci;

INSERT INTO teacher VALUES("14","UT59ac0d75889817.46429240","Бибіфатима","Жолдасова","","","bibifatima.z","f55264bf7fd64b658c6ad4e2e05856d6","","","notDefault");
INSERT INTO teacher VALUES("11","UT5991408f31d6a5.87706712","Ерсұлтан","Арын","","","ersultan.a","23d88f69fb148b2e6b977ef619bd0764","","","notDefault");
INSERT INTO teacher VALUES("10","UT59906f73469c22.91588138","Айша","Тұрсынқожа","","","aisha.t","961289b696ae03b4987bb4602020c0ad","","","notDefault");
INSERT INTO teacher VALUES("9","UT59906281e99689.76039956","Бағлан","Исақ","","","baglan.i","01cfcd4f6b8770febfb40cb906715822","","","notDefault");
INSERT INTO teacher VALUES("13","UT59996180819819.21311882","Zhambyl","Samat","","","z.s","827ccb0eea8a706c4c34a16891f84e7b","","","notDefault");



DROP TABLE test;

CREATE TABLE `test` (
  `test_num` varchar(30) COLLATE utf8_unicode_ci NOT NULL,
  `topic_num` varchar(30) COLLATE utf8_unicode_ci DEFAULT NULL,
  `subtopic_num` varchar(30) COLLATE utf8_unicode_ci NOT NULL,
  `test_comment` text COLLATE utf8_unicode_ci,
  `last_date` timestamp NOT NULL DEFAULT CURRENT_TIMESTAMP,
  PRIMARY KEY (`test_num`),
  UNIQUE KEY `test_num` (`test_num`),
  UNIQUE KEY `subtopic_num` (`subtopic_num`)
) ENGINE=MyISAM DEFAULT CHARSET=utf8 COLLATE=utf8_unicode_ci;

INSERT INTO test VALUES("TT59dc9e5d120ce689352867","","S_T598484bdd39a6327809628","","2017-10-10 16:18:05");
INSERT INTO test VALUES("TT598467282a1a3379900720","","S_T5974a88b5fdbc928116956","","2017-08-04 18:23:04");



DROP TABLE test_result;

CREATE TABLE `test_result` (
  `id` int(3) NOT NULL AUTO_INCREMENT,
  `test_result_num` varchar(30) COLLATE utf8_unicode_ci NOT NULL,
  `student_num` varchar(30) COLLATE utf8_unicode_ci NOT NULL,
  `test_num` varchar(30) COLLATE utf8_unicode_ci NOT NULL,
  `submit_date` date NOT NULL,
  `result` varchar(6) COLLATE utf8_unicode_ci NOT NULL,
  PRIMARY KEY (`id`),
  UNIQUE KEY `test_result_num` (`test_result_num`)
) ENGINE=MyISAM DEFAULT CHARSET=utf8 COLLATE=utf8_unicode_ci;




DROP TABLE tmp_student_test_permission;

CREATE TABLE `tmp_student_test_permission` (
  `id` int(6) NOT NULL AUTO_INCREMENT,
  `student_permission_num` varchar(30) COLLATE utf8_unicode_ci NOT NULL,
  `subtopic_num` varchar(30) COLLATE utf8_unicode_ci NOT NULL,
  `video_permission` varchar(1) COLLATE utf8_unicode_ci DEFAULT NULL,
  `test_permission` varchar(1) COLLATE utf8_unicode_ci DEFAULT NULL,
  `done` varchar(1) COLLATE utf8_unicode_ci NOT NULL DEFAULT 'n',
  PRIMARY KEY (`id`)
) ENGINE=MyISAM AUTO_INCREMENT=59 DEFAULT CHARSET=utf8 COLLATE=utf8_unicode_ci;

INSERT INTO tmp_student_test_permission VALUES("31","S_P5985c84bdcb8c302211822","S_T5974a88b5fdbc928116956","t","f","n");
INSERT INTO tmp_student_test_permission VALUES("24","S_P5985c804633f3557315045","S_T5974a88b5fdbc928116956","t","f","n");
INSERT INTO tmp_student_test_permission VALUES("30","S_P5986bc1587d02170725645","S_T598485f08b0d4851838470","t","f","n");
INSERT INTO tmp_student_test_permission VALUES("29","S_P5986bc1587d02170725645","S_T597af118ec5e9496652730","t","f","n");
INSERT INTO tmp_student_test_permission VALUES("28","S_P5986bc1587d02170725645","S_T597af0f7e45a9535106369","t","f","n");
INSERT INTO tmp_student_test_permission VALUES("25","S_P5985c804633f3557315045","S_T598482ad5d265873736405","t","f","n");
INSERT INTO tmp_student_test_permission VALUES("26","S_P5985c84bdcb8c302211822","S_T598483021c5af119272192","t","f","n");
INSERT INTO tmp_student_test_permission VALUES("27","S_P5985c804633f3557315045","S_T5984855708a5c201282800","t","f","n");
INSERT INTO tmp_student_test_permission VALUES("32","S_P5985c84bdcb8c302211822","S_T598482ad5d265873736405","t","f","n");
INSERT INTO tmp_student_test_permission VALUES("33","S_P5986c26d73134444221203","S_T59848b784a564404406969","t","f","n");
INSERT INTO tmp_student_test_permission VALUES("34","S_P5986c26d73134444221203","S_T59848b9d2ffb1198022694","t","f","n");
INSERT INTO tmp_student_test_permission VALUES("35","S_P5985c84bdcb8c302211822","S_T5974a89f0d366690049916","t","f","n");
INSERT INTO tmp_student_test_permission VALUES("36","S_P5986e872a8c0a705848655","S_T5984858544177302134342","t","f","n");
INSERT INTO tmp_student_test_permission VALUES("37","S_P5986e872a8c0a705848655","S_T5984857943c95733721955","t","f","n");
INSERT INTO tmp_student_test_permission VALUES("38","S_P59870a185060a547828972","S_T5974a88b5fdbc928116956","t","f","n");
INSERT INTO tmp_student_test_permission VALUES("39","S_P5986bc1587d02170725645","S_T5974a88b5fdbc928116956","t","f","n");
INSERT INTO tmp_student_test_permission VALUES("40","S_P598807d1efd98277507360","S_T597af7cb32b3c885077927","t","f","n");
INSERT INTO tmp_student_test_permission VALUES("41","S_P5988091778e26766220842","S_T5974a88b5fdbc928116956","t","f","n");
INSERT INTO tmp_student_test_permission VALUES("42","S_P5988096261973220201649","S_T597af044ee34d167951217","t","f","n");
INSERT INTO tmp_student_test_permission VALUES("43","S_P5988096261973220201649","S_T597af05c2d59f811954122","t","f","n");
INSERT INTO tmp_student_test_permission VALUES("44","S_P59880a053a423103438621","S_T597af05c2d59f811954122","t","f","n");
INSERT INTO tmp_student_test_permission VALUES("45","S_P59880a053a423103438621","S_T597af044ee34d167951217","t","f","n");
INSERT INTO tmp_student_test_permission VALUES("46","S_P5985c804633f3557315045","S_T598484bdd39a6327809628","t","f","n");
INSERT INTO tmp_student_test_permission VALUES("47","S_P5985c84bdcb8c302211822","S_T598484bdd39a6327809628","t","f","n");
INSERT INTO tmp_student_test_permission VALUES("48","S_P59880f46bba64320677510","S_T59848334a0e9f898309273","t","f","n");
INSERT INTO tmp_student_test_permission VALUES("49","S_P5986c26d73134444221203","S_T59848bdf91713445647242","t","f","n");
INSERT INTO tmp_student_test_permission VALUES("50","S_P59880f9c6f030011973151","S_T598484bdd39a6327809628","t","f","n");
INSERT INTO tmp_student_test_permission VALUES("51","S_P59880f9c6f030011973151","S_T598484d46b37e151221217","t","f","n");
INSERT INTO tmp_student_test_permission VALUES("52","S_P5985c804633f3557315045","S_T598484c9cecd2246247143","t","f","n");
INSERT INTO tmp_student_test_permission VALUES("53","S_P5985c84bdcb8c302211822","S_T598483986f127075693423","t","f","n");
INSERT INTO tmp_student_test_permission VALUES("54","S_P59880f46bba64320677510","S_T59848483a3efd134771721","t","f","n");
INSERT INTO tmp_student_test_permission VALUES("55","S_P59882dea40334091957110","S_T597af350809a2630467285","t","f","n");
INSERT INTO tmp_student_test_permission VALUES("56","S_P59882e186be2e666125397","S_T5974a88b5fdbc928116956","t","f","n");
INSERT INTO tmp_student_test_permission VALUES("57","S_P59882e8bc284f325289323","S_T597af0f7e45a9535106369","t","f","n");
INSERT INTO tmp_student_test_permission VALUES("58","S_P5988311f20c66273047287","S_T5974a88b5fdbc928116956","t","f","n");



DROP TABLE topic;

CREATE TABLE `topic` (
  `id` int(4) NOT NULL AUTO_INCREMENT,
  `topic_num` varchar(30) COLLATE utf8_unicode_ci NOT NULL,
  `subject_num` varchar(30) COLLATE utf8_unicode_ci NOT NULL,
  `topic_name` text COLLATE utf8_unicode_ci NOT NULL,
  `created_date` timestamp NOT NULL DEFAULT CURRENT_TIMESTAMP,
  `topic_order` int(2) NOT NULL,
  `quiz` varchar(1) COLLATE utf8_unicode_ci NOT NULL DEFAULT 'n',
  PRIMARY KEY (`id`),
  UNIQUE KEY `topic_num` (`topic_num`)
) ENGINE=MyISAM AUTO_INCREMENT=89 DEFAULT CHARSET=utf8 COLLATE=utf8_unicode_ci;

INSERT INTO topic VALUES("11","T5974a8660af66038645720","S5974a847cca75077885355","Кинематика","2017-07-23 19:45:10","1","n");
INSERT INTO topic VALUES("12","T597af0c8eec91565243552","S5974a847cca75077885355","Динамика","2017-07-28 14:07:36","2","n");
INSERT INTO topic VALUES("14","T597af33ee1a34906948282","S5974a847cca75077885355","Сақталу заңдары","2017-07-28 14:18:06","3","n");
INSERT INTO topic VALUES("15","T597af5678e993510857558","S5974a847cca75077885355","Механикалық тербелістер мен толқындар","2017-07-28 14:27:19","4","n");
INSERT INTO topic VALUES("16","T597af6186caa5646055511","S5974a847cca75077885355","Гидростатика. Гидродинамика","2017-07-28 14:30:16","5","n");
INSERT INTO topic VALUES("17","T597af702e6285935016128","S5974a847cca75077885355","Молекулалық физика","2017-07-28 14:34:10","6","n");
INSERT INTO topic VALUES("18","T597af93cdfe46893364804","S5974a847cca75077885355","Электр өрісі","2017-07-28 14:43:40","7","n");
INSERT INTO topic VALUES("19","T597afa4b32d8c579081448","S5974a847cca75077885355","Тұрақты ток","2017-07-28 14:48:11","8","n");
INSERT INTO topic VALUES("20","T597afb3abd6aa004316396","S5974a847cca75077885355","Магнит өрісі","2017-07-28 14:52:10","9","n");
INSERT INTO topic VALUES("21","T597afce0b5f75559440065","S5974a847cca75077885355","Электромагниттік тербелістер мен толқындар","2017-07-28 14:59:12","10","n");
INSERT INTO topic VALUES("22","T597afde4522d6255891662","S5974a847cca75077885355","Оптика","2017-07-28 15:03:32","11","n");
INSERT INTO topic VALUES("23","T597afe942fcb8333019837","S5974a847cca75077885355","Фотоэффект","2017-07-28 15:06:28","12","n");
INSERT INTO topic VALUES("24","T597afef16ecca296999537","S5974a847cca75077885355","Ядролық физика","2017-07-28 15:08:01","13","n");
INSERT INTO topic VALUES("25","T597aff91498d1207572569","S5974a847cca75077885355","Эйнштейннің салыстырмалылық теориясы","2017-07-28 15:10:41","14","n");
INSERT INTO topic VALUES("27","T5984828e0e5e0268692403","S59848243b8350348070654","Фундамент","2017-08-04 20:19:58","1","n");
INSERT INTO topic VALUES("28","T59848389d9b06740245269","S59848243b8350348070654","Өрнекті ықшамдау","2017-08-04 20:24:09","2","n");
INSERT INTO topic VALUES("29","T5984845cb6864595112195","S59848243b8350348070654","Теңдеулер","2017-08-04 20:27:40","3","n");
INSERT INTO topic VALUES("30","T598484ad65a7a835183429","S59848243b8350348070654","Теңсіздіктер","2017-08-04 20:29:01","4","n");
INSERT INTO topic VALUES("32","T5984854cddd98815851739","S59848243b8350348070654","Бөлшектің бөлімін иррационалдықтан арылту","2017-08-04 20:31:40","5","n");
INSERT INTO topic VALUES("33","T59848569c04af579032954","S59848243b8350348070654","Иррационал теңдеулер","2017-08-04 20:32:09","6","n");
INSERT INTO topic VALUES("34","T598485e60f01b147471121","S59848243b8350348070654","Көрсеткіштік теңдеулер мен теңсіздіктер","2017-08-04 20:34:14","14","n");
INSERT INTO topic VALUES("35","T5984864405afa195133337","S59848243b8350348070654","Прогрессия","2017-08-04 20:35:48","7","n");
INSERT INTO topic VALUES("36","T59848713b65fa134678207","S59848243b8350348070654","Тригонометриялық ықшамдаулар","2017-08-04 20:39:15","8","n");
INSERT INTO topic VALUES("37","T5984885eda4aa126363264","S59848243b8350348070654","Тригонометриялық теңдеулер","2017-08-04 20:44:46","9","n");
INSERT INTO topic VALUES("38","T598488be67f1a242303241","S59848243b8350348070654","Тригонометриялық теңсіздіктер","2017-08-04 20:46:22","10","n");
INSERT INTO topic VALUES("39","T598489062e261693701844","S59848243b8350348070654","Тригонометриялық теңсіздіктер және теңдеулер жүйесі","2017-08-04 20:47:34","11","n");
INSERT INTO topic VALUES("40","T59848b1857dd8155336710","S59848243b8350348070654","Логарифмдік ықшамдаулар","2017-08-04 20:56:24","15","n");
INSERT INTO topic VALUES("41","T59848b6bc2180363031366","S59848243b8350348070654","Логарифмдік теңдеулер","2017-08-04 20:57:47","16","n");
INSERT INTO topic VALUES("42","T59848bf65a603309109507","S59848243b8350348070654","Логарифмдік теңсіздіктер","2017-08-04 21:00:06","17","n");
INSERT INTO topic VALUES("43","T59848c2076ec8994610075","S59848243b8350348070654","Логарифмдік теңдеулер мен теңсіздіктер жүйесі","2017-08-04 21:00:48","18","n");
INSERT INTO topic VALUES("44","T59848cafdfbb5760925149","S59848243b8350348070654","Туынды","2017-08-04 21:03:11","19","n");
INSERT INTO topic VALUES("45","T59848e675becd205288257","S59848243b8350348070654","Алғашқы функция. Интеграл","2017-08-04 21:10:31","20","n");
INSERT INTO topic VALUES("46","T59848eefa3c19501643307","S59848243b8350348070654","Функция","2017-08-04 21:12:47","21","n");
INSERT INTO topic VALUES("47","T5985a4962fddd110033585","S59848243b8350348070654","Модуль","2017-08-04 20:48:26","12","n");
INSERT INTO topic VALUES("48","T5985a8291a6cb617544126","S5985a7ea3d0ae721486338","Үшбұрыштар","2017-08-05 17:12:41","1","n");
INSERT INTO topic VALUES("49","T5985a90600d61236050620","S5985a7ea3d0ae721486338","Төртбұрыштар","2017-08-05 17:16:22","2","n");
INSERT INTO topic VALUES("50","T5985a971a8bac891240625","S5985a7ea3d0ae721486338","Шеңбер","2017-08-05 17:18:09","3","n");
INSERT INTO topic VALUES("52","T5985aa7a50c55887908985","S5985a7ea3d0ae721486338","Вектор","2017-08-05 17:22:34","4","n");
INSERT INTO topic VALUES("53","T5985aabaec0a6736242710","S5985a7ea3d0ae721486338","Түзудің және шеңбердің теңдеуі","2017-08-05 17:23:38","5","n");
INSERT INTO topic VALUES("54","T5985aae71cb7a692708470","S5985a7ea3d0ae721486338","Көпжақтар","2017-08-05 17:24:23","6","n");
INSERT INTO topic VALUES("55","T5985ab1563a15104701262","S5985a7ea3d0ae721486338","Айналу денелері","2017-08-05 17:25:09","7","n");
INSERT INTO topic VALUES("56","T5985ab5e083d3022366399","S5985a7ea3d0ae721486338","Денелер комбинациясы","2017-08-05 17:26:22","8","n");
INSERT INTO topic VALUES("57","T5985ab9e92679134954986","S5985a7ea3d0ae721486338","Жазықтыққа көлбеуленген фигуралар","2017-08-05 17:27:26","9","n");
INSERT INTO topic VALUES("58","T5985abc9237ab533689098","S5985a7ea3d0ae721486338","Қорытынды бақылау жұмысы","2017-08-05 17:28:09","10","y");
INSERT INTO topic VALUES("60","T59995f6dc8daa532838245","S59848243b8350348070654","Бөлшек дәреже","2017-08-20 16:07:41","13","n");
INSERT INTO topic VALUES("61","TQ59ca2ab093f312.61723242","S59848243b8350348070654"," Фундамент","2017-09-26 16:23:44","22","y");
INSERT INTO topic VALUES("62","TQ59ca2b5984d028.91854919","S59848243b8350348070654","Өрнекті ықшамдау, рационал бөлшек теңдеулер, теңсіздіктер, теңсіздіктер жүйесі","2017-09-26 16:26:33","23","y");
INSERT INTO topic VALUES("63","TQ59ce5060534fd0.96631665","S59848243b8350348070654"," Тригонометриялық ықшамдаулар","2017-09-29 19:53:36","24","y");
INSERT INTO topic VALUES("64","TQ59ce50814cb3a0.28941634",""," ","2017-09-29 19:54:09","1","y");
INSERT INTO topic VALUES("65","TQ59ce50e829d964.95090054","S59848243b8350348070654"," Тригонометриялық теңдеулер мен теңсіздіктер, теңдеулер мен теңсіздіктер жүйесі","2017-09-29 19:55:52","25","y");
INSERT INTO topic VALUES("66","TQ59ce514920a729.49037970",""," Бөлшек дәреже, көрсеткіштік теңдеулер мен теңсіздіктер","2017-09-29 19:57:29","2","y");
INSERT INTO topic VALUES("67","TQ59ce51640cda42.06956725",""," Логарифмдер","2017-09-29 19:57:56","3","y");
INSERT INTO topic VALUES("68","TQ59ce517790f226.73798820",""," Туынды","2017-09-29 19:58:15","4","y");
INSERT INTO topic VALUES("69","TQ59ce518ec2e874.01385303",""," Интеграл","2017-09-29 19:58:38","5","y");
INSERT INTO topic VALUES("70","TQ59ce51ec03a694.48106791",""," Бөлшек дәреже, көрсеткіштік теңдеулер мен теңсіздіктер","2017-09-29 20:00:12","6","y");
INSERT INTO topic VALUES("71","TQ59ce524ac091f0.39448101","S59848243b8350348070654"," Бөлшек дәреже, көрсеткіштік теңдеулер мен теңсіздіктер","2017-09-29 20:01:46","26","y");
INSERT INTO topic VALUES("72","TQ59ce527b151200.44052253","S59848243b8350348070654"," Логарифмдер","2017-09-29 20:02:35","27","y");
INSERT INTO topic VALUES("73","TQ59ce529037bb64.90623063","S59848243b8350348070654"," Туынды","2017-09-29 20:02:56","28","y");
INSERT INTO topic VALUES("74","TQ59ce52b446eab8.69507644","S59848243b8350348070654"," Интеграл","2017-09-29 20:03:32","29","y");
INSERT INTO topic VALUES("75","TQ59ce532a5c5369.51314783","S5974a847cca75077885355"," Кинематика","2017-09-29 20:05:30","15","y");
INSERT INTO topic VALUES("76","TQ59ce533fc9c992.94238793","S5974a847cca75077885355"," Динамика","2017-09-29 20:05:51","16","y");
INSERT INTO topic VALUES("77","TQ59ce535a0b4933.58407652","S5974a847cca75077885355"," Сақталу заңдары","2017-09-29 20:06:18","17","y");
INSERT INTO topic VALUES("78","TQ59ce5377d83dc1.19676256","S5974a847cca75077885355"," Молекулалық физика","2017-09-29 20:06:47","18","y");
INSERT INTO topic VALUES("79","TQ59ce539c5a2607.65478720","S5974a847cca75077885355"," Электр өрісі. Тұрақты ток","2017-09-29 20:07:24","19","y");
INSERT INTO topic VALUES("80","TQ59ce53d71d52a0.11262634","S5974a847cca75077885355"," Магнит өрісі. Электромагниттік тербелістер мен толқындар","2017-09-29 20:08:23","20","y");
INSERT INTO topic VALUES("81","TQ59ce54010f6676.53224618",""," Оптика. Фотоэффект","2017-09-29 20:09:05","7","y");
INSERT INTO topic VALUES("82","TQ59ce541c23f718.72373694","S5974a847cca75077885355"," Оптика. Фотоэффект","2017-09-29 20:09:32","21","y");
INSERT INTO topic VALUES("83","TQ59ce545bf1eb21.88054708","S5974a847cca75077885355"," Ядролық физика. Салыстырмалылық теория","2017-09-29 20:10:35","22","y");
INSERT INTO topic VALUES("84","TQ59d2275df0abb9.25452032","S5985a7ea3d0ae721486338"," Планиметрия","2017-10-02 17:47:41","11","y");
INSERT INTO topic VALUES("85","TQ59d2334dd102c3.94866048","S5985a7ea3d0ae721486338"," стереометрия ","2017-10-02 18:38:37","12","y");
INSERT INTO topic VALUES("86","TQ59d3936d3821c6.93758103","S59ac10750a4075.24932992"," №1","2017-10-03 19:41:01","1","y");
INSERT INTO topic VALUES("87","TQ59d393af071a76.11263818","S59ac10750a4075.24932992"," №2","2017-10-03 19:42:07","2","y");
INSERT INTO topic VALUES("88","TQ59d393ba133463.02382101","S59ac10750a4075.24932992"," №3","2017-10-03 19:42:18","3","y");



DROP TABLE transfer;

CREATE TABLE `transfer` (
  `transfer_num` varchar(30) COLLATE utf8_unicode_ci NOT NULL,
  `new_group_info_num` varchar(30) COLLATE utf8_unicode_ci NOT NULL,
  `old_group_info_num` varchar(30) COLLATE utf8_unicode_ci NOT NULL,
  `student_num` varchar(30) COLLATE utf8_unicode_ci NOT NULL,
  `created_date` timestamp NOT NULL DEFAULT CURRENT_TIMESTAMP,
  PRIMARY KEY (`transfer_num`)
) ENGINE=MyISAM DEFAULT CHARSET=utf8 COLLATE=utf8_unicode_ci;

INSERT INTO transfer VALUES("TR59b3b7fde9f943.04073458","GI59afdc794a86c8.76368013","GI59ac10cc74e388.13221334","US5985c1aa5d16e488712303","2017-09-09 15:50:19");
INSERT INTO transfer VALUES("TR59b3b93df0dea6.21064341","GI59afdc794a86c8.76368013","GI59ac10cc74e388.13221334","US59ac111453e868.28015852","2017-09-09 15:50:19");
INSERT INTO transfer VALUES("TR59b3b96853de36.84183036","GI599140ad882859.70165903","GI599140f185f2b1.01415981","US5985c0986fb60310314303","2017-09-09 15:52:04");
INSERT INTO transfer VALUES("TR59b3b987c89f79.41129262","GI599062c1f1eaa7.71288858","GI59929456b851f5.53292245","US598c22dc762ba836756417","2017-09-09 15:52:04");
INSERT INTO transfer VALUES("TR59b3ba4bdaebf0.08072832","GI59929368d03be3.09827377","GI5991404e040b49.10827847","US598841aac259a707466705","2017-09-09 15:56:52");
INSERT INTO transfer VALUES("TR59b3ba51ca5ab9.24299961","GI5991404e040b49.10827847","GI599111e3c166f2.01361657","US5985c0b84aff1682766928","2017-09-09 15:56:52");
INSERT INTO transfer VALUES("TR59b3e2cf51c9a4.82542516","GI599140ad882859.70165903","GI599062c1f1eaa7.71288858","US5985cba14b8d3100168809","2017-09-09 18:47:11");
INSERT INTO transfer VALUES("TR59b3e31247c5e2.97897747","GI599062c1f1eaa7.71288858","GI599140ad882859.70165903","US5985cba14b8d3100168809","2017-09-09 18:48:18");



DROP TABLE user_connection_tmp;

CREATE TABLE `user_connection_tmp` (
  `student_num` varchar(30) COLLATE utf8_unicode_ci NOT NULL,
  `ip` varchar(15) COLLATE utf8_unicode_ci NOT NULL,
  PRIMARY KEY (`student_num`)
) ENGINE=MyISAM DEFAULT CHARSET=utf8 COLLATE=utf8_unicode_ci;




DROP TABLE video;

CREATE TABLE `video` (
  `id` int(3) NOT NULL AUTO_INCREMENT,
  `video_num` varchar(30) COLLATE utf8_unicode_ci NOT NULL,
  `subtopic_num` varchar(30) COLLATE utf8_unicode_ci NOT NULL,
  `video_link` varchar(100) COLLATE utf8_unicode_ci DEFAULT NULL,
  `updated_date` timestamp NOT NULL DEFAULT CURRENT_TIMESTAMP,
  PRIMARY KEY (`id`),
  UNIQUE KEY `video_num` (`video_num`)
) ENGINE=MyISAM AUTO_INCREMENT=165 DEFAULT CHARSET=utf8 COLLATE=utf8_unicode_ci;

INSERT INTO video VALUES("20","vV5974adf56870e056238371","S_T5974a88b5fdbc928116956","Бірқалыпты қозғалыс.mp4","2017-07-23 20:08:53");
INSERT INTO video VALUES("21","vV597b0502129c9653943990","S_T5974a89f0d366690049916","Орташа жылдамдық.mp4","2017-07-28 15:33:54");
INSERT INTO video VALUES("22","vV597b0aabae042044672630","S_T5974a8b186ea1040365676","Үдемелі қозғалыс.mp4","2017-07-28 15:58:03");
INSERT INTO video VALUES("23","vV597b2844b1495609636916","S_T5974ab95697f7767898025","Еркін құлаған дене қозғалысы.mp4","2017-07-28 18:04:20");
INSERT INTO video VALUES("24","vV597b2a36c11f2382194760","S_T597af044ee34d167951217","Шеңбер бойымен қозғалыс.mp4","2017-07-28 18:12:38");
INSERT INTO video VALUES("25","vV597b2ca82bef6668920946","S_T597af05c2d59f811954122","Горизонтқа бұрыш жасай лақ дене қозғалысы.mp4","2017-07-28 18:23:04");
INSERT INTO video VALUES("26","vV597b2fff5cc04825968459","S_T597af0f7e45a9535106369","Динамика басы.mp4","2017-07-28 18:37:19");
INSERT INTO video VALUES("27","vV597b332400a87808412163","S_T597af118ec5e9496652730","Динамикадағы күштер.mp4","2017-07-28 18:50:43");
INSERT INTO video VALUES("28","vV597b338448b9f648786761","S_T597af140772c7240779811","Денелер жүйесінің динамикасы.mp4","2017-07-28 18:52:20");
INSERT INTO video VALUES("29","vV597c3c6dbec10994497723","S_T597af1c98ad88346642175","Көлбеу жазықтықтағы қозғалыс динамикасы.mp4","2017-07-29 13:42:37");
INSERT INTO video VALUES("30","vV597c3cb9d2908604372328","S_T597af1e0ada7c458237043","Статика.mp4","2017-07-29 13:43:53");
INSERT INTO video VALUES("31","vV597c3d016a160128488743","S_T597af350809a2630467285","Импульс.mp4","2017-07-29 13:45:05");
INSERT INTO video VALUES("32","vV597c3d453cf12854383179","S_T597af392a9d60684202099","Жұмыс. Энергия.mp4","2017-07-29 13:46:13");
INSERT INTO video VALUES("33","vV597c3d6b894cd648572038","S_T597af3ae36af7858948972","Энергияның сақталу заңы.mp4","2017-07-29 13:46:51");
INSERT INTO video VALUES("34","vV597c4005c8574495789376","S_T597af3c0cbd92854436171","Қуат. ПӘК.mp4","2017-07-29 13:57:57");
INSERT INTO video VALUES("35","vV597c43db02025616375545","S_T597af58514c7f614530255","Механикалық тербелістер.mp4","2017-07-29 14:14:19");
INSERT INTO video VALUES("36","vV597c469e39327798208385","S_T597af5911ee71174454085","Механикалық толқындар.mp4","2017-07-29 14:26:06");
INSERT INTO video VALUES("37","vV597c48edda2ec128310451","S_T597af62c57e71857027062","Гидростатика.mp4","2017-07-29 14:35:57");
INSERT INTO video VALUES("38","vV597c4a8fce486256122055","S_T597af73890237310164005","Молекулалық физика басы.mp4","2017-07-29 14:42:55");
INSERT INTO video VALUES("39","vV597c4d6171635153076686","S_T597af747b40c1090888003","МКТ-ның негізгі теңдеуі.mp4","2017-07-29 14:54:57");
INSERT INTO video VALUES("40","vV597c4eeb21b45880719554","S_T597af7a537ec2446009353","Изопроцестер.mp4","2017-07-29 15:01:31");
INSERT INTO video VALUES("41","vV597c4f594bcca565255220","S_T597af7b033a6f135114226","Термодинамика.mp4","2017-07-29 15:03:21");
INSERT INTO video VALUES("42","vV597c4f84418e6425017260","S_T597af7bc1d2a0964449593","Жылу машиналары.mp4","2017-07-29 15:04:04");
INSERT INTO video VALUES("43","vV597c5040b33cb114172209","S_T597af7cb32b3c885077927","Жылу алмасу.mp4","2017-07-29 15:07:12");
INSERT INTO video VALUES("44","vV597c50a11bcb3079173372","S_T597af7d512b3f735315651","Ылғалдылық.mp4","2017-07-29 15:08:49");
INSERT INTO video VALUES("45","vV597c52282e0c5961828224","S_T597af951a3765956334187","Электр өрісі. 1 бөлім.mp4","2017-07-29 15:15:20");
INSERT INTO video VALUES("46","vV597c633610cf3041517377","S_T597af951a3765956334187","Электр өрісі. 2 бөлім.mp4","2017-07-29 16:28:06");
INSERT INTO video VALUES("47","vV597c67970b2ee831084276","S_T597af96a700b5974001147","Электр өрісінің жұмысы. Потенциалдық энергия.mp4","2017-07-29 16:46:47");
INSERT INTO video VALUES("48","vV597c67ed47883716195351","S_T597af96a700b5974001147","Потенциал.mp4","2017-07-29 16:48:13");
INSERT INTO video VALUES("49","vV597c68c021713854700423","S_T597af98629a9e664320378","1. Электр сыйымдылығы. Конденсатор.mp4","2017-07-29 16:51:44");
INSERT INTO video VALUES("51","vV597c6a2cf006f685229474","S_T597af98629a9e664320378","2. Конд-р энергиясы. Конд-ларды қосу.mp4","2017-07-29 16:57:48");
INSERT INTO video VALUES("52","vV597d7e57b45e0143687367","S_T597afa5aa4504812345365","Тұрақты ток.mp4","2017-07-30 12:36:07");
INSERT INTO video VALUES("53","vV597d80a3180e3133232944","S_T597afa68f36b5532061841","Тізбектерді тізбектей және параллель қосу.mp4","2017-07-30 12:45:55");
INSERT INTO video VALUES("56","vV597d82158ec05653513899","S_T597afa889cb64710056525","1.mp4","2017-07-30 12:52:05");
INSERT INTO video VALUES("55","vV597d812b52f1e139266615","S_T597afa7506da3809149255","ЭҚК.mp4","2017-07-30 12:48:11");
INSERT INTO video VALUES("57","vV597d83224555e398676948","S_T597afa889cb64710056525","2.mp4","2017-07-30 12:56:34");
INSERT INTO video VALUES("58","vV597d87101b202594758930","S_T597afa889cb64710056525","3.mp4","2017-07-30 13:13:20");
INSERT INTO video VALUES("59","vV597d888785c0a601949526","S_T597afa9e9267b324034914","Диод.mp4","2017-07-30 13:19:35");
INSERT INTO video VALUES("60","vV597d8a122b426475192711","S_T597afa9e9267b324034914","Транзистор.mp4","2017-07-30 13:26:10");
INSERT INTO video VALUES("61","vV597d8c76221df958969335","S_T597afb489626e685779222","Магнит өрісі 1.mp4","2017-07-30 13:36:22");
INSERT INTO video VALUES("62","vV597d8e1b12896814244201","S_T597afb489626e685779222","Магнит өрісі 2.mp4","2017-07-30 13:43:23");
INSERT INTO video VALUES("63","vV597d8e57a22fc297293707","S_T597afb489626e685779222","Магнит өрісі 3.mp4","2017-07-30 13:44:23");
INSERT INTO video VALUES("64","vV597d8ef80dfc4784659571","S_T597afc6f75aa6219099524","Заттардағы магнит өрісі.mp4","2017-07-30 13:47:04");
INSERT INTO video VALUES("65","vV597d902c08351823883936","S_T597afc8327886079396583","Электромагниттік индукция. Магнит ағыны.mp4","2017-07-30 13:52:12");
INSERT INTO video VALUES("66","vV597d91f84c22b738780896","S_T597afc95d40a8807890446","Өздік индукция.mp4","2017-07-30 13:59:52");
INSERT INTO video VALUES("67","vV597d9228dd7a2373585350","S_T597afcf5ed461537093719","Еркін электромагниттік тербелістер.mp4","2017-07-30 14:00:40");
INSERT INTO video VALUES("68","vV597d928cb5a90289177216","S_T597afd049ff74048005042","1. Еріксіз электромагниттік тербелістер.mp4","2017-07-30 14:02:20");
INSERT INTO video VALUES("69","vV597d933ba202a738286687","S_T597afd049ff74048005042","2. Айымалы электр тогының қуаты.mp4","2017-07-30 14:05:15");
INSERT INTO video VALUES("70","vV597d938a3a779419177091","S_T597afd144259f651376109","Трансформатор.mp4","2017-07-30 14:06:34");
INSERT INTO video VALUES("71","vV597d95d979139658353323","S_T597afd625fe6b069934126","Электромагниттік толқындар.mp4","2017-07-30 14:16:25");
INSERT INTO video VALUES("72","vV597da1d803147983110985","S_T597afeac02471696383867","Фотоэффект.mp4","2017-07-30 15:07:36");
INSERT INTO video VALUES("73","vV597da614d8e96527406811","S_T597aff1be6c3f094484954","Атомның құрылысы.mp4","2017-07-30 15:25:40");
INSERT INTO video VALUES("74","vV597da69d48569712195136","S_T597aff28df20b905972295","Радиоактивтілік.mp4","2017-07-30 15:27:57");
INSERT INTO video VALUES("75","vV597da6c48da5a715072952","S_T597aff3a703b5891913394","Зарядталған бөлшектерді тіркегіштер.mp4","2017-07-30 15:28:36");
INSERT INTO video VALUES("76","vV597da70413236628293670","S_T597aff5149c17276932124","Ядролық реакция.mp4","2017-07-30 15:29:40");
INSERT INTO video VALUES("77","vV597da75c6f554260692173","S_T597affa545af1501120761","Салыстырмалылық теория.mp4","2017-07-30 15:31:08");
INSERT INTO video VALUES("83","vV597eb7129834b252959106","S_T597afe05e654c861805957","Толқындық оптика.mp4","2017-07-31 10:50:26");
INSERT INTO video VALUES("79","vV597e0fd8d7f2f488174744","S_T597e0b45b01e5866347897","Фиксика барабан.mp4","2017-07-30 22:56:56");
INSERT INTO video VALUES("84","vV597edc39bef56162465423","S_T597e0b45b01e5866347897","v1.mp4","2017-07-31 13:28:57");
INSERT INTO video VALUES("85","vV597ee01b2ba06098925414","S_T597afdf9930b4413444955","Геометриялық оптика.mp4","2017-07-31 13:45:31");
INSERT INTO video VALUES("86","vV59856a9397353810476722","S_T598482c3cad74080853104"," Жай бөлшектерді қосу және азайту.mp4","2017-08-05 12:49:55");
INSERT INTO video VALUES("87","vV59856b29c0c08995312479","S_T598482d2d9eb8134827782","Жай бөлшектерді көбейту және бөлу.mp4","2017-08-05 12:52:25");
INSERT INTO video VALUES("88","vV598574f27c1a6092105108","S_T598482ddd1b86287199901","Ондық бөлшектер.mp4","2017-08-05 13:34:10");
INSERT INTO video VALUES("89","vV59857527c6eba265928691","S_T598482ee90055815583343","Теріс сандар.mp4","2017-08-05 13:35:03");
INSERT INTO video VALUES("90","vV5985764c7973f486348889","S_T598483021c5af119272192","Амаларды қайталау.mp4","2017-08-05 13:39:56");
INSERT INTO video VALUES("91","vV59858e2d149c8408524752","S_T5984830dc63a9624010871","Теңдеулер.mp4","2017-08-05 15:21:49");
INSERT INTO video VALUES("92","vV59858e5870da8723782506","S_T5984831b3d6c7457569875","Дәреже.mp4","2017-08-05 15:22:32");
INSERT INTO video VALUES("93","vV59858ea161d6a567402280","S_T59848327a45c2166944909","Теріс дәреже.mp4","2017-08-05 15:23:45");
INSERT INTO video VALUES("94","vV59858ed68ceb7746887369","S_T59848334a0e9f898309273","Түбір.mp4","2017-08-05 15:24:38");
INSERT INTO video VALUES("159","vV5999623e74e47731157661","S_T5999619561afc771507949","Бөлшек дәреже.mp4","2017-08-20 16:19:42");
INSERT INTO video VALUES("96","vV59858f4c5ae72773445625","S_T5984847974ba3368576118","Квадрат теңдеу арқылы көбейткіштерге жіктеу.mp4","2017-08-05 15:26:36");
INSERT INTO video VALUES("97","vV59858ff6cea62506946572","S_T598484bdd39a6327809628","Теңсіздіктер. Квадрат теңсіздіктер.mp4","2017-08-05 15:29:26");
INSERT INTO video VALUES("98","vV5985903dc6842731508938","S_T5984855708a5c201282800","Бөлшектің бөлімін иррационалдықтан арылту.mp4","2017-08-05 15:30:37");
INSERT INTO video VALUES("99","vV5985907164a52724394028","S_T5984857943c95733721955","Иррационал теңдеулер.mp4","2017-08-05 15:31:29");
INSERT INTO video VALUES("100","vV598590a2576e9609440569","S_T598485f08b0d4851838470","Көрсеткіштік теңдеулер.mp4","2017-08-05 15:32:18");
INSERT INTO video VALUES("101","vV598590bed3529813373180","S_T598485fd45da3513853162","Көбейткішке жіктеу арқылы көрсеткіштік теңдеулерді шешу.mp4","2017-08-05 15:32:46");
INSERT INTO video VALUES("102","vV598590eb3148e456767292","S_T5984861392571493030674","Көрсеткіштік теңсіздіктер.mp4","2017-08-05 15:33:31");
INSERT INTO video VALUES("103","vV59859120b65dd023196113","S_T5984861e3c4c7294716721","Жаңа айнымалыны енгізу арқылы көрсеткіштік теңсіздіктерді шешу.mp4","2017-08-05 15:34:24");
INSERT INTO video VALUES("104","vV5985916c4ba53874545350","S_T5984869e2a88d155421935","Арифметикалық прогрессия.mp4","2017-08-05 15:35:40");
INSERT INTO video VALUES("105","vV598591907a3ec770283388","S_T598486b8c5699511856798","Геометриялық прогрессия.mp4","2017-08-05 15:36:16");
INSERT INTO video VALUES("107","vV598592a15c3f1459522287","S_T598487217197d359120789","Тригонометриялық өрнектің мәнін табу.mp4","2017-08-05 15:40:49");
INSERT INTO video VALUES("108","vV598592bda0190446817572","S_T598487217197d359120789","Негізгі тригонометриялық формулалар.mp4","2017-08-05 15:41:17");
INSERT INTO video VALUES("109","vV598593031140e619908188","S_T59848747e85d0347474156","Тригонометриялық формулаларды қолдану арқылы тригонометриялық өрнекті есептеу.mp4","2017-08-05 15:42:27");
INSERT INTO video VALUES("110","vV5985969f08884341211651","S_T5984875a5ddc6750075915","Келтіру формулалары. Функцияны периодтан арылту.mp4","2017-08-05 15:57:51");
INSERT INTO video VALUES("111","vV598596dc80b47464413331","S_T598487766d60c135641776","Дәрежені төмендету формулалары.mp4","2017-08-05 15:58:52");
INSERT INTO video VALUES("112","vV5985971bdd83a759497051","S_T59848784927a5760622963","Аргументтерді қосу және азайту формулалары.mp4","2017-08-05 15:59:55");
INSERT INTO video VALUES("113","vV5985975359107411237592","S_T5984879356f9a574413827","Тригонометриялық функциялардың қосындысын көбейтіндіге және көбейтіндісін қосындыға түрлендіру.mp4","2017-08-05 16:00:51");
INSERT INTO video VALUES("114","vV59859943ebecb844887919","S_T598487a5cfab9872005293","Кері тригонометриялық функциялар.mp4","2017-08-05 16:09:07");
INSERT INTO video VALUES("115","vV59859a163c202390592573","S_T598488cadc052584940995","cosx және sinx теңсіздіктер.mp4","2017-08-05 16:12:38");
INSERT INTO video VALUES("116","vV59859a3fb1158959006266","S_T598488cadc052584940995","tgx және ctgx теңсіздіктері.mp4","2017-08-05 16:13:19");
INSERT INTO video VALUES("117","vV59859a9b60def466731346","S_T598488e08dfaa772457157","Жаңа айнымалы енгізу арқылы тригонометриялық теңсіздіктерді шешу.mp4","2017-08-05 16:14:51");
INSERT INTO video VALUES("118","vV59859aec03851279954795","S_T598489124cedb209880814","Тригонометриялық теңсіздіктер жүйесі.mp4","2017-08-05 16:16:12");
INSERT INTO video VALUES("119","vV59859bfabb170735160101","S_T5984891ced86e161465937","Тригонометриялық теңдеулер жүйесі.mp4","2017-08-05 16:20:42");
INSERT INTO video VALUES("120","vV59859c4679c96610773597","S_T59848b27b1a45387129667","Логарифм мәнін анықтамасы бойынша анықтау.mp4","2017-08-05 16:21:58");
INSERT INTO video VALUES("121","vV59859c69a483b526483588","S_T59848b3288285811465511","Логарифмдерді қосу және азайту формулалары.mp4","2017-08-05 16:22:33");
INSERT INTO video VALUES("122","vV59859c93237fc061936434","S_T59848b47abfbf109900696","Басқа негізге көшу формулаларын пайдалана отырып логарифмдерді есептеу.mp4","2017-08-05 16:23:15");
INSERT INTO video VALUES("124","vV59859d2f176b2025037973","S_T59848b9d2ffb1198022694","Логарифмдерді қосу және азайту формулаларын пайдалану арқылы және жаңа айнымалы.mp4","2017-08-05 16:25:51");
INSERT INTO video VALUES("125","vV59859d674a5ca918036098","S_T59848bd519cb5713753008","Бір негізге келтіру арқылы логарифмдік теңдеулерді шешу.mp4","2017-08-05 16:26:47");
INSERT INTO video VALUES("126","vV59859d95aca85645448688","S_T59848bdf91713445647242","Екі жағын логарифмдеу арқылы логарифмдік теңдеулерді шешу.mp4","2017-08-05 16:27:33");
INSERT INTO video VALUES("127","vV59859dc957ad6793484914","S_T59848c02a65f3201132252","Логарифмдік теңсіздіктер.mp4","2017-08-05 16:28:25");
INSERT INTO video VALUES("128","vV5985a16f0c655169522687","S_T59848e7c9e85e606471149","Алғашқы функция.mp4","2017-08-05 16:43:59");
INSERT INTO video VALUES("129","vV5985a1c691bbc293422392","S_T59848eb5a72b6914627066","Интеграл арқылы қисықсызықты фигураның ауданын табу.mp4","2017-08-05 16:45:26");
INSERT INTO video VALUES("130","vV5985a1f66ad7f638608818","S_T59848ec17ad66405988234","Интеграл арқылы қисықсызықты дененің көлемін табу.mp4","2017-08-05 16:46:14");
INSERT INTO video VALUES("131","vV5985a2619c608831158685","S_T59848efb56812805853705","Жұп және тақ функциялар. Функцияның анықталу облысын табу.mp4","2017-08-05 16:48:01");
INSERT INTO video VALUES("132","vV5985a2a831f4e766896822","S_T59848f0bc1ddb547754568","Функцияның мәндер облысын табу.mp4","2017-08-05 16:49:12");
INSERT INTO video VALUES("133","vV5985a2d5a57bd724953664","S_T59848f15c520b337852345","Функцияның ең кіші оң периодын табу. Кері функция.mp4","2017-08-05 16:49:57");
INSERT INTO video VALUES("134","vV5985a52e61b90484853686","S_T5985a4bdb680d978291537","Модуль таңбасы бар теңдеулер.mp4","2017-08-05 16:59:58");
INSERT INTO video VALUES("135","vV5985a5c366531059534540","S_T5985a4ca5089d432639981","Модуль таңбасы бар теңсіздіктер.mp4","2017-08-05 17:02:27");
INSERT INTO video VALUES("136","vV5985ad2222406075922921","S_T5985a8b3d82da036891904","Үшбұрыштардың ұқсастығы.mp4","2017-08-05 17:33:54");
INSERT INTO video VALUES("137","vV5985aea0c7b0d868585597","S_T5985a910c43bf570235999","Параллелограм.mp4","2017-08-05 17:40:16");
INSERT INTO video VALUES("138","vV5985af0bf0dc1158126182","S_T5985a83ae69d1355328733","Үшбұрыш және оның негізгі элементтері.mp4","2017-08-05 17:42:03");
INSERT INTO video VALUES("139","vV5985afcc6cad2305114840","S_T5985a85e0b254193617009","Үшбұрыштың биссектрисасы, медианасы және биіктігі.mp4","2017-08-05 17:45:16");
INSERT INTO video VALUES("140","vV5985b00a0807a076870075","S_T5985a928f20db295395376","Ромб.mp4","2017-08-05 17:46:18");
INSERT INTO video VALUES("141","vV5985b03f959f7884615158","S_T5985a933c561d246603459","Трапеция.mp4","2017-08-05 17:47:11");
INSERT INTO video VALUES("142","vV5985b14856015632454050","S_T5985a86b314be565978240","Тең бүйірлі және тікбұрышты үшбұрыш.mp4","2017-08-05 17:51:36");
INSERT INTO video VALUES("143","vV5985b18d22add944558722","S_T5985a97d195cd082443710","Шеңбер және оның элементтері.mp4","2017-08-05 17:52:45");
INSERT INTO video VALUES("144","vV5985b1d29b717101190295","S_T5985a8aa20cc6983328965","Тең қабырғалы үшбұрыш.mp4","2017-08-05 17:53:54");
INSERT INTO video VALUES("145","vV5985b24dc1e7b644629075","S_T5985aaf475b2c152217261","Призма.mp4","2017-08-05 17:55:57");
INSERT INTO video VALUES("146","vV5985b2aabef41911281673","S_T5985a94e73e16716325430","Төртбұрыштардың жалпы қасиеттері.mp4","2017-08-05 17:57:30");
INSERT INTO video VALUES("147","vV5985bb43d04f8533155464","S_T5985aaff404e7688541480","Пирамида.mp4","2017-08-05 18:34:11");
INSERT INTO video VALUES("148","vV5985bb71a3942717230121","S_T5985ab09194f6422534754","Қиық пирамида.mp4","2017-08-05 18:34:57");
INSERT INTO video VALUES("149","vV5985bba5bcb74869458018","S_T5985ab1d5a645306110168","Цилиндр.mp4","2017-08-05 18:35:49");
INSERT INTO video VALUES("150","vV5985bbd356207913707785","S_T5985ab277b4d5869622659","Конус.mp4","2017-08-05 18:36:35");
INSERT INTO video VALUES("151","vV5985bc47e7eeb134283191","S_T5985ab44e6240834895417","Шар. Сфера.mp4","2017-08-05 18:38:31");
INSERT INTO video VALUES("152","vV5985bca23eaa8293695942","S_T5985ab514dd0a473448659","Фигураларды айналдырғанда пайда болатын денелер.mp4","2017-08-05 18:40:02");
INSERT INTO video VALUES("153","vV5985bd1db126c180286687","S_T5985ab9252b8d532537953","Стереометриялық денелер комбинациясы.mp4","2017-08-05 18:42:05");
INSERT INTO video VALUES("154","vV5985bd57f3981008439461","S_T5985aba3a7334296163868","Кеңістіктегі түзулер мен жазықтықтар.mp4","2017-08-05 18:43:03");
INSERT INTO video VALUES("155","vV598970de5920c617495500","S_T5984886f4c1e3106848183","Тригонометриялық теңдеулер.mp4","2017-08-08 14:05:50");
INSERT INTO video VALUES("157","vV5992d81dc0599508014113","S_T598483986f127075693423","Көпмүшелер.mp4","2017-08-15 17:16:45");
INSERT INTO video VALUES("158","vV5996b3547dab2951886216","S_T59848cf456bee665180972","Туынды.mp4","2017-08-18 15:28:52");
INSERT INTO video VALUES("160","vV599a8fbd036b5743285426","S_T598483a388c05605524856","Ортақ көбейткішті жақша сыртына шығару. Топтау әдісі.mp4","2017-08-21 13:46:05");
INSERT INTO video VALUES("161","vV599beeaf69e34096637514","S_T5985a91c73f7a387381879","Тіктөртбұрыш және квадрат.mp4","2017-08-22 14:43:27");
INSERT INTO video VALUES("162","vV599c333946cc5383031503","S_T597afe12db261350248148","Спектральді анализ.mp4","2017-08-22 19:35:53");
INSERT INTO video VALUES("163","vV599c33906efd9703088645","S_T597afe20452c1806520362","Люминисценция.mp4","2017-08-22 19:37:20");
INSERT INTO video VALUES("164","vV599e6c867a565182072598","S_T5985a93f7420b047608793","Көпбұрыштар.mp4","2017-08-24 12:04:54");



DROP TABLE video_comment;

CREATE TABLE `video_comment` (
  `video_comment_num` varchar(30) COLLATE utf8_unicode_ci NOT NULL,
  `subtopic_num` varchar(30) COLLATE utf8_unicode_ci NOT NULL,
  `comment` text COLLATE utf8_unicode_ci NOT NULL,
  PRIMARY KEY (`video_comment_num`)
) ENGINE=MyISAM DEFAULT CHARSET=utf8 COLLATE=utf8_unicode_ci;

INSERT INTO video_comment VALUES("VC59ddb507a0a5f2.91547751","S_T5974a88b5fdbc928116956","");
INSERT INTO video_comment VALUES("VC59d5dce98c3d09.78722819","S_T59a52c47414875.44417879","");



